{"type":"FeatureCollection","features":[{"type":"Feature","properties":{"id":"tanur","local_body_id":"tanur","name":"Tanur","name_ml":"താനൂർ","type":"municipality","lsgd_type":"Municipality","lsgi_code":"M10072","wikidata":"Q13112429","ward_count":45,"taluk":"Tirur","district":"Malappuram","source":"Derived by dissolving 2024 Delimitation Commission ward polygons (wardmap.ksmart.live). Cross-reference: opendatakerala/lsg-kerala-data (OSM/ODbL).","acquired":"2026-09-09"},"geometry":{"type":"MultiPolygon","coordinates":[[[[75.88153609318205,10.941890637026379],[75.8815351583,10.9418945812],[75.8815307486,10.941894418],[75.88067065710722,10.944064007328818],[75.8806218258,10.9441806873],[75.88062402221308,10.944181644312218],[75.8806445025,10.9441905679],[75.8800611518,10.945656368],[75.87989191892031,10.946606813652325],[75.87978222957656,10.947222850914528],[75.8797572096,10.9473633681],[75.8796482566,10.9479230176],[75.87954698393229,10.947920221032613],[75.8793998485,10.947916158],[75.8793895284,10.9481255075],[75.87947414050964,10.94895708062226],[75.8794860514,10.9490741416],[75.8791434188,10.9499298126],[75.87906257608311,10.949941460234992],[75.87903897751804,10.949944860262637],[75.8790341972,10.949945549],[75.8790004249,10.9499942083],[75.8788518052,10.9500798201],[75.8788951377,10.9505288059],[75.87893221921014,10.950554131072037],[75.87889583961777,10.95070536971161],[75.8787293171,10.9511937874],[75.87858468761674,10.951603875326263],[75.8785186379,10.9517911552],[75.8785445090158,10.95202977795571],[75.8786285296,10.9528047435],[75.8786164715,10.9531431856],[75.8786102644,10.9535054759],[75.87863006705714,10.953507139927728],[75.8786279425,10.9535437909],[75.8788184492,10.9535298814],[75.8788215572,10.9535299243],[75.87885202862883,10.953525805412777],[75.87867666146593,10.954240866144506],[75.87866007507652,10.954294920209115],[75.8783947155,10.9551291219],[75.87805422255384,10.956240530065587],[75.87788034520528,10.956791271971017],[75.87746857169844,10.957062457250528],[75.87744462304421,10.95707822932518],[75.8773956379,10.9571104899],[75.8767573812,10.9592654863],[75.8763583801,10.9609838117],[75.8765536965,10.961047929],[75.87617335726884,10.961957699847535],[75.8757066092,10.9630741605],[75.87573796270668,10.963089792485532],[75.8757289499,10.963109973],[75.8761706081,10.9633481222],[75.8761776041,10.9633511179],[75.8764571526,10.9634780879],[75.876649267,10.9635396405],[75.87665743975602,10.963539899398722],[75.87733979021436,10.963744191715483],[75.8778987691,10.9639115472],[75.87830543702734,10.963971272375971],[75.87837746142617,10.96398185021997],[75.87838631881796,10.963986866514471],[75.8784271636,10.9642787579],[75.87813471997937,10.96527283097688],[75.87807182010755,10.965486639946192],[75.8780714821,10.9654877889],[75.87807216349073,10.965491768042549],[75.87808508854978,10.96556724698653],[75.87816278672221,10.966020983869084],[75.8782459689,10.9665067459],[75.87829664432799,10.966639733872103],[75.8784603636,10.9670693838],[75.87845994812365,10.967079596480467],[75.87845236252858,10.967266055370123],[75.878438304,10.9676116232],[75.87846429362324,10.96768395373254],[75.8786100419,10.9680895791],[75.87879517190022,10.968258401510655],[75.8789724531,10.9684200665],[75.8793486276,10.9685522221],[75.8797377608,10.9686058165],[75.8801131781,10.9685766091],[75.8804120848,10.9687996469],[75.88052721530265,10.968887597427761],[75.8805668547,10.968931615],[75.8806601275,10.9689989474],[75.8806572031,10.9690052442],[75.88069581091837,10.969037501534196],[75.8808251498,10.9692887184],[75.88115605294756,10.969685754417574],[75.88120003709693,10.969738529048557],[75.8813130569,10.9698741365],[75.88153271564023,10.970099433282327],[75.8815624055,10.9701298852],[75.8818539062,10.9703057925],[75.8820093256,10.9703351279],[75.8821432482,10.9702661851],[75.8824514912,10.9700977032],[75.8828008144,10.9697587557],[75.88312809210645,10.969344335814919],[75.8832342516,10.9692099099],[75.88327400931946,10.969100354516861],[75.8833282456,10.9690095578],[75.8834049475,10.9688964178],[75.8834054014,10.9687344034],[75.8833899223,10.9686258395],[75.8833915069,10.9685298681],[75.8834205364,10.9684333745],[75.8834894803,10.9683246328],[75.88356451742908,10.968258865531032],[75.8836171394,10.9682378939],[75.8837808256,10.9681700042],[75.88382387224779,10.968112993069935],[75.88395951600519,10.967933346005776],[75.8840217851,10.9678508766],[75.8844072068,10.9680107526],[75.88452348589276,10.96802923839665],[75.8846033192,10.9680855046],[75.8846818815639,10.968118915511697],[75.8846864389,10.9681722908],[75.8849158859,10.9683096287],[75.8850514397,10.9684119207],[75.8852319545,10.9685035639],[75.8853042968,10.9685970323],[75.8852132037,10.968871098],[75.8850799218,10.9690903806],[75.8852437812,10.9692749788],[75.8858415292,10.9695740506],[75.88609699898886,10.969579833439788],[75.8861036479,10.9695826907],[75.8864631177,10.9696497052],[75.886751572,10.9697195342],[75.8870524953,10.969793966],[75.8871641193,10.9698668847],[75.8874002987,10.9698793047],[75.8876837357,10.969772965],[75.8880919156,10.9697525266],[75.8884383162,10.969805234],[75.888569308,10.9698357136],[75.8886219675,10.9698386454],[75.8886679157,10.9697931433],[75.8888483832,10.9694793733],[75.8890175601,10.9690746114],[75.8891976907,10.9687423174],[75.8892566075,10.9687253507],[75.8896762319,10.9688058255],[75.8899691259,10.9688616895],[75.8902069976,10.9689744113],[75.8906018652,10.969178031],[75.8909122754,10.9694154228],[75.8910949044,10.969545227],[75.8912106782,10.9695962363],[75.8914433234,10.9696611225],[75.8918551768,10.9697880913],[75.8919079459,10.9698082579],[75.891906309,10.969813034],[75.8923911538,10.9700140797],[75.89276981,10.9701639993],[75.89304403286665,10.970298368521798],[75.8930669488,10.9703205918],[75.8930909883,10.9703393199],[75.8931027377,10.9703530669],[75.8931175376,10.9703674092],[75.893185916,10.9704454146],[75.8932754448,10.9705104523],[75.8932789941,10.9705189711],[75.8933139332,10.9706028307],[75.8933278387,10.9706362063],[75.8933378621,10.9707647435],[75.89334537785047,10.970785795613006],[75.8933460539,10.9707997389],[75.8934030985,10.9709633106],[75.8934572631,10.9711088729],[75.89347490710287,10.971407606733104],[75.89347361244519,10.971436945515629],[75.8934693982,10.9715324463],[75.8934441425,10.9716740991],[75.8934381293,10.9716721192],[75.8933762468,10.9718305944],[75.8933253095,10.9719847248],[75.89326348933511,10.972059939695448],[75.8932246996,10.9721071341],[75.89320933560926,10.972163497938606],[75.8931887523,10.9722390092],[75.8932014897,10.9724349985],[75.8932418625,10.9725550672],[75.8932918776,10.9726116553],[75.8932835789,10.9727032746],[75.8932479873,10.9728956816],[75.8932080488,10.9730501347],[75.8931208086,10.973275607],[75.8930285499,10.9734490561],[75.8929486335,10.9736509671],[75.8929141199,10.9738347899],[75.89288240090589,10.973929865736887],[75.8928776889,10.9739439897],[75.8928419072,10.9740319003],[75.8928178083,10.9740612205],[75.8926889555,10.974335725],[75.8926900971,10.974339456],[75.8926789129,10.9743802083],[75.8926699001,10.9744255638],[75.8926699886,10.9744757261],[75.8926693053,10.9745208725],[75.8926689178,10.9745209983],[75.8927307278,10.974728322],[75.8927155776369,10.974812692749975],[75.89263767198871,10.97494583171517],[75.8923794505,10.9752269596],[75.8921098335,10.9755159573],[75.8920159199,10.9756625176],[75.8918796173,10.9759707278],[75.8917316674,10.9763394234],[75.891724238,10.9763749321],[75.8916963589,10.9764432669],[75.8916893078,10.9764954448],[75.891669605,10.976586728],[75.89165137,10.9766691077],[75.8916370931,10.9767368882],[75.89163443699466,10.97674998094178],[75.8916246729,10.9767981111],[75.8916163112,10.976839421],[75.8916168693,10.9768419322],[75.8916022684,10.9768788939],[75.8916030893,10.9768807681],[75.8915854325,10.9769606062],[75.8915533042,10.9770781898],[75.8914835921,10.9772468786],[75.8914436885,10.9774053883],[75.8913849917,10.9775265771],[75.8913542123,10.977589027],[75.8913490859,10.9775912355],[75.8913536783,10.9775939015],[75.891336337,10.9776205932],[75.8913346003,10.977619957],[75.8913164121,10.9776586354],[75.89131491550803,10.97765858786706],[75.8913138303,10.9776585534],[75.8912764976,10.9777277821],[75.8912352823,10.9778194066],[75.8912159689,10.9778607172],[75.8912008209,10.9778959214],[75.89120018979777,10.977897510293593],[75.8911861309,10.9779267887],[75.89112433584557,10.978155281132478],[75.8911243013,10.9781553823],[75.8910994601,10.9782434167],[75.8910752404,10.9783265383],[75.89106643927812,10.978356015390391],[75.8908523224,10.9790136502],[75.89084006954688,10.979090114490521],[75.8908204667,10.9791611489],[75.890805741,10.9792333822],[75.8907933099,10.9792905315],[75.8907822451,10.9793738086],[75.8907691564,10.979438778],[75.8907603795,10.9795001122],[75.8907550281,10.9795430483],[75.8907571692,10.979551594],[75.8907537354,10.9795694524],[75.89078040829602,10.979797063425316],[75.89080726047453,10.98002620434331],[75.8908117126,10.9800641962],[75.8908778746,10.9801497428],[75.8909933935,10.9801967694],[75.89117348820167,10.98021430035746],[75.8913393054,10.9802304415],[75.8914147079,10.9802491583],[75.8914178532,10.9802471122],[75.8915759125,10.9802844868],[75.8916446723,10.9803015037],[75.8916980003,10.9803110015],[75.8917537011,10.9803238604],[75.8917932728,10.9803326035],[75.8918871205,10.9803810274],[75.8919580456,10.9804124313],[75.8920704916,10.9804559002],[75.8921391549,10.9804831708],[75.8922293926,10.9805136487],[75.8923081162,10.9805345553],[75.8923780431,10.9805527051],[75.8924369878,10.9805636862],[75.8924453511,10.9805704345],[75.8924880432,10.9805799917],[75.8924974518,10.9805853425],[75.8924987364,10.9805845111],[75.8925178371,10.9805857705],[75.8925482126,10.9806043655],[75.89257366027306,10.980620269232427],[75.89257400185518,10.98063132387565],[75.8925680267,10.9806521952],[75.89257710872477,10.980714586578197],[75.89258042557402,10.980737372554024],[75.8925825236,10.9807517855],[75.89259017188431,10.980757837412112],[75.892612792,10.9808053341],[75.89300025442583,10.98087945696827],[75.8929918403,10.9812026619],[75.8929823775,10.9812594933],[75.89317452298783,10.981274324017882],[75.8939358803,10.9813719556],[75.89424859788066,10.981375723241742],[75.8942637393,10.9813843803],[75.894285065,10.9813959873],[75.8942905339,10.9813984588],[75.8943023483,10.9814036716],[75.894312183,10.981406542],[75.8943219347,10.9814101745],[75.8943278791,10.9814121622],[75.894330339,10.9814127405],[75.8943348817,10.981415721],[75.8943525918,10.98142015],[75.8943534185,10.9814211281],[75.8943637546,10.9814249406],[75.8943775885,10.9814293574],[75.8943905942,10.9814338186],[75.8944319397,10.9814320899],[75.8946614676,10.9814260923],[75.8948011312,10.9814437911],[75.8949258622,10.9814686974],[75.895060286,10.9814879414],[75.8951407269,10.9814894562],[75.8952560241,10.9815115365],[75.8955214646,10.9815482251],[75.89561999741214,10.981548575529846],[75.8957553682,10.9815626079],[75.8961615882,10.9815581802],[75.89627742912715,10.981564150612122],[75.8962981006,10.9815659551],[75.8963002992,10.9815710249],[75.8963177552,10.9815741792],[75.896448772,10.9815916239],[75.8965855464,10.9815905464],[75.8966924483,10.981595257],[75.8966926297,10.9816076486],[75.89669265069564,10.981612133782782],[75.89669261999765,10.981630634620561],[75.896692442,10.9816404157],[75.8966920072,10.9816595849],[75.8966924382,10.9816766689],[75.8966920174,10.9816932947],[75.8966916074,10.9817105118],[75.8966915254,10.9817292016],[75.8966912133,10.981745175],[75.8966912076,10.9817614387],[75.8966911772,10.9817796545],[75.8966910877,10.9817946186],[75.8966908057,10.9818089356],[75.8966902763,10.9818262138],[75.89669027790924,10.981826618427169],[75.8966701454,10.9823399158],[75.89665871249228,10.982444830912502],[75.8966569429,10.9824536346],[75.8966463425,10.98250681],[75.8966463289,10.9825073773],[75.896644036,10.9825123728],[75.8966425666,10.9825202444],[75.8966396416,10.9825290363],[75.8966365364,10.9825394831],[75.8966339869,10.9825496449],[75.8966310807,10.9825594688],[75.8966244184,10.9825825039],[75.8966224346,10.9825890769],[75.8966255871,10.9825966611],[75.8966260335426,10.982597724660607],[75.8966261521,10.9825980071],[75.8966124237,10.9826939655],[75.8966022783,10.982793948],[75.8965817729702,10.98297607898501],[75.8965811569,10.982981551],[75.89663888896186,10.982986013612997],[75.8970556,10.9830584954],[75.8970969721,10.9830668405],[75.89710998997244,10.983071990098338],[75.897113378,10.9831224156],[75.8971214951,10.9831240528],[75.8971168955,10.9831833242],[75.89711162203898,10.983271728831841],[75.8971018745,10.9833561627],[75.8970669658,10.9835488736],[75.8970296856,10.9837933761],[75.8968942548,10.9840964511],[75.8968507614,10.9843004245],[75.8968178106,10.9842930476],[75.8968106249,10.9843388137],[75.896842193,10.9843440806],[75.8968086044,10.9845159127],[75.8967489962,10.9849667371],[75.8966106469,10.9854099438],[75.896496751,10.9854439033],[75.8963252787,10.985542951],[75.896225781,10.9856323225],[75.8961384218,10.9857856247],[75.896077584,10.9859273225],[75.8960457869,10.9860017001],[75.8960334755,10.9860422981],[75.896070025,10.9860522398],[75.8960604387,10.9860564379],[75.8961812216,10.9860877513],[75.8963590149,10.9861171567],[75.8964561919,10.9861332288],[75.8967712623,10.9861789584],[75.8968762866,10.9861942016],[75.8970880317,10.9862185813],[75.8971781894,10.9862413832],[75.897160496,10.9865270152],[75.8971165742,10.9872360626],[75.8971044538,10.9872579575],[75.8970947413,10.9877642834],[75.8970713983,10.9880639709],[75.8975810316,10.9881656115],[75.8975429516,10.9883404752],[75.8980390383,10.9885846183],[75.8980345476,10.988855159],[75.8980144455,10.9891212569],[75.8980128992,10.9891417259],[75.8979994712,10.9892856151],[75.8980083431,10.989285273],[75.8979932409,10.989617405],[75.8979889328,10.98971215],[75.8984000449,10.9897036253],[75.8984022655,10.9897877728],[75.8984023948,10.9897926761],[75.8983479221,10.9903208567],[75.8983421748,10.9903591209],[75.8983208292,10.9905012337],[75.8981492284,10.9905268886],[75.8978769537,10.9906021745],[75.8976572385,10.9906571251],[75.8976810851,10.9907799102],[75.8977272555,10.9910176396],[75.8978263774,10.9912089318],[75.8978567145,10.9914925139],[75.8979607543,10.9917625792],[75.8979569211,10.9920967954],[75.8979615269,10.9929499473],[75.8979544818,10.9935383329],[75.8979914346,10.9938738662],[75.897952258,10.9942241255],[75.8978487938,10.9945086603],[75.8976809783,10.9947718547],[75.897434195,10.9952207768],[75.8974056902,10.9952842695],[75.8968411023,10.995386646],[75.8964127675,10.9954558951],[75.8963492395,10.9954687113],[75.8963393253,10.9954807217],[75.8963097389,10.9955408327],[75.8962818876,10.9956163632],[75.8962795866,10.9957061055],[75.8962743914,10.9959292958],[75.8962540696,10.9961443926],[75.8962200741,10.996338167],[75.89616327,10.9965625062],[75.896089378,10.9968325103],[75.8959992296,10.9971482299],[75.8959288129,10.9973897646],[75.8958740125,10.9975167096],[75.8957907709,10.997591929],[75.8956781074,10.9976440442],[75.8955607747,10.9977302912],[75.8953638953,10.99791247],[75.8951978937,10.9981211197],[75.8950488891,10.9983381833],[75.8949039811,10.9984673927],[75.8946356043,10.9986337748],[75.8943976057,10.9987352266],[75.8942832469,10.9987692464],[75.8941875333,10.9987727699],[75.8942126746,10.9991592883],[75.8942208122,10.9994097936],[75.8941597075,10.999729182],[75.8941277619,11.0000055396],[75.894104821,11.0004050923],[75.8941048841,11.0006692543],[75.8941049201,11.000820204],[75.8943281318,11.0009376231],[75.8946209018,11.001056935],[75.8945445785,11.0015404897],[75.8944768986,11.0018877765],[75.8944480735,11.0020770567],[75.8944006599,11.0021645018],[75.8942461096,11.0022206919],[75.8940018527,11.00226293],[75.8937369083,11.0022742614],[75.8935363554,11.0022905871],[75.8933109597,11.0023075117],[75.8931768132,11.0023310722],[75.8931336361,11.0023146707],[75.8931384442,11.0022048651],[75.8931050414,11.002068375],[75.8929872488,11.0019701315],[75.8928468449,11.0019393184],[75.8927308238,11.0019491655],[75.8926375131,11.0020260371],[75.8926190066,11.002130771],[75.8927241002,11.0021911855],[75.8926935249,11.0023671698],[75.8925769727,11.0024023921],[75.8924804063,11.0028609691],[75.8925066375,11.0032228039],[75.8924798585,11.0035256924],[75.8924293903,11.0037547153],[75.8923648814,11.0039313106],[75.89234468,11.0040752201],[75.8923378887,11.0042061089],[75.892335546,11.0042038148],[75.892341035,11.0042529368],[75.892295466,11.0043267972],[75.8921744589,11.0043961134],[75.8920303691,11.0043897095],[75.8919526777,11.0044335717],[75.8918798167,11.0045361267],[75.8917290333,11.0046491573],[75.8913826982,11.0049060786],[75.8911598372,11.0051072224],[75.8909838971,11.005288106],[75.8907443872,11.0054678764],[75.8905747934,11.0059234622],[75.8905235497,11.0060792639],[75.8906404119,11.0063565489],[75.8907666619,11.0064836592],[75.8909187515,11.0066843007],[75.8911618919,11.0068890686],[75.8913960861,11.0071041615],[75.8915439218,11.0073507189],[75.8916602514,11.0076143905],[75.8917021009,11.008051475],[75.8916196956,11.0083737917],[75.8914869613,11.0087487549],[75.891253732,11.0090714921],[75.8909367911,11.0094054827],[75.8906998842,11.0096763935],[75.8905827872,11.0098676087],[75.8904036833,11.0101433588],[75.8904000277,11.0103346167],[75.8898480732,11.0105702635],[75.8898415623,11.0106549509],[75.889871184,11.0107322677],[75.8899328288,11.0107697867],[75.8899625971,11.0108278297],[75.8900094649,11.0108222424],[75.8900457824,11.0108136125],[75.8902293401,11.0113057268],[75.8900613278,11.0114332938],[75.8902509045,11.011955356],[75.8903977232,11.0123216244],[75.8896065562,11.0127847238],[75.8891983692,11.0130149469],[75.8886448429,11.0134714824],[75.8883298505,11.0138306807],[75.8880459778,11.0141186499],[75.8881162853,11.0151664057],[75.8881905073,11.0157294317],[75.8882842651,11.0160130555],[75.8885875224,11.0163520323],[75.8888845913,11.0167494594],[75.8891562331,11.0173078471],[75.8893658,11.0176660319],[75.8896024275,11.0181481553],[75.8897811506,11.0185929969],[75.8898335726,11.0186930379],[75.8899644086,11.0193266995],[75.8901263642,11.0198891325],[75.8902615135,11.0205353737],[75.8903331215,11.0212336425],[75.8904029352,11.0215679961],[75.890414616,11.02164087],[75.8904300241,11.0217548046],[75.8904341371,11.0218431095],[75.890434316,11.0219334733],[75.8904261668,11.0220137146],[75.8903990261,11.022037044],[75.8903359566,11.0220593399],[75.8902357302,11.0220883866],[75.8901146911,11.0221178121],[75.8900077446,11.0221173937],[75.8898189901,11.0220818365],[75.8882715773,11.0216767544],[75.8863798538,11.02109865],[75.8854645535,11.0208157027],[75.8837676556,11.0203447174],[75.8790333507,11.0188931819],[75.8756726903,11.018196683],[75.8751940912,11.0181754135],[75.8751942366,11.0181733609],[75.8733362267,11.0180853898],[75.8733355021,11.0180898577],[75.8730308155,11.018071398],[75.8715239074,11.017974977],[75.8701963639,11.0178030928],[75.8682565181,11.0178133664],[75.8662062123,11.0177187865],[75.8643287208,11.0174470615],[75.8643284767,11.0174481824],[75.8642371503,11.0174394849],[75.8640469099,11.0182212719],[75.8639043354,11.018799146],[75.8637399177,11.019956346],[75.8636141559,11.0208873821],[75.8635027729,11.0213054265],[75.8633386425,11.0214368771],[75.8629861044,11.0213805665],[75.8625704365,11.0214236408],[75.8615089295,11.0211565329],[75.8615004444,11.02115415],[75.8612195145,11.0209415491],[75.8607489844,11.0203456577],[75.8604346209,11.0199418926],[75.8601508787,11.0194116468],[75.8601472827,11.0194016815],[75.8600524712,11.019255372],[75.86005292,11.0192547065],[75.8599400535,11.0192664175],[75.8598547885,11.0192779021],[75.8593326136,11.01931839],[75.8587688817,11.0193611757],[75.8587619663,11.019364295],[75.857645539,11.0194493383],[75.8569625117,11.0195060673],[75.8568034861,11.0195195431],[75.856843647,11.0194159915],[75.8570089364,11.0189276304],[75.8571436881,11.0184606927],[75.8576382046,11.0166595022],[75.8579390839,11.015368745],[75.8582428177,11.0140764846],[75.8587860586,11.0118390428],[75.8592969893,11.0097680317],[75.8595592342,11.0087028469],[75.8597772835,11.0078193486],[75.8599878275,11.0069523936],[75.8602863128,11.006087194],[75.86068941,11.004782925],[75.8606901354,11.0047830869],[75.8611218411,11.0032540375],[75.8611226258,11.0032510021],[75.8611567455,11.0031301815],[75.861656469,11.0013455775],[75.8616561901,11.0013455097],[75.8617664718,11.0009024631],[75.8620104729,10.9999287102],[75.8621535545,10.999356927],[75.8622309514,10.9990438477],[75.8622348027,10.9990445932],[75.8629892774,10.9960043173],[75.8629780715,10.9960025607],[75.8630371617,10.9957771454],[75.8631111299,10.9954808854],[75.8638492796,10.9925136048],[75.863856337,10.9925148165],[75.8642853738,10.9907811348],[75.8642909674,10.9907823261],[75.8654146162,10.9867335277],[75.8654153959,10.9867336872],[75.866406814,10.9828006982],[75.866405822,10.9828005347],[75.8665347912,10.9825855873],[75.8658543377,10.9823463134],[75.8652780387,10.9821406674],[75.8645590709,10.981897567],[75.8638582807,10.9816485079],[75.8631691461,10.9814017309],[75.8624772029,10.9811329885],[75.8616803225,10.9807723133],[75.8611146993,10.9804783365],[75.8607990446,10.9803736962],[75.8604153664,10.9803413972],[75.8600847651,10.9804102178],[75.8597881693,10.980452656],[75.8594331219,10.9805150598],[75.859276654,10.9805616222],[75.8592239962,10.9805513111],[75.8591698799,10.9805295936],[75.8591208294,10.9804736522],[75.8591512435,10.9803053819],[75.8592258492,10.9799289092],[75.8593171786,10.9795909267],[75.859473823,10.9791637924],[75.8596885581,10.9787202305],[75.8598481582,10.9783900546],[75.8598921336,10.9782704369],[75.8598917575,10.9782703201],[75.8601426746,10.9775981052],[75.8604814406,10.977043776],[75.8609039346,10.9765334766],[75.8613842155,10.9760730135],[75.861803833,10.9757827623],[75.8620212443,10.9756768047],[75.8624535056,10.9755567842],[75.8628437407,10.9754968173],[75.8632105636,10.9754767028],[75.8635638394,10.9755088989],[75.8638889047,10.9756005985],[75.8644068017,10.9757789824],[75.8650639722,10.9759969822],[75.8658626715,10.9762548754],[75.8666188028,10.9764872928],[75.8671634884,10.9766532271],[75.8672834135,10.976693159],[75.8680710579,10.9750044054],[75.8685982697,10.9736530766],[75.8688416811,10.9728855411],[75.8690368043,10.972312945],[75.8691126589,10.9719246629],[75.8691223824,10.9718696406],[75.8691218278,10.9718695242],[75.8701179746,10.9684426675],[75.870201257,10.9680714101],[75.8709201056,10.9652945953],[75.8709402105,10.9652316899],[75.8709361663,10.9652309325],[75.8727473088,10.958307284],[75.8727468471,10.9583071935],[75.8734267013,10.9556219196],[75.8734256112,10.9556217297],[75.8740846686,10.9530343439],[75.8740930794,10.9529897344],[75.8744161934,10.9517326305],[75.8744154903,10.9517324696],[75.8755030794,10.9470796938],[75.8756390092,10.9464834771],[75.8756401934,10.9464777413],[75.8768175644,10.9410559465],[75.8778030693,10.941242801],[75.8782981466,10.9413338529],[75.8787942389,10.941420942],[75.87908896721228,10.941484917896357],[75.8791285113,10.9415147502],[75.8794217711001,10.94155937795266],[75.8795068435,10.9415808676],[75.87977095642049,10.941654227217292],[75.8797920532,10.9416617145],[75.87980743116005,10.941664358387438],[75.88001935955604,10.941700794613219],[75.880032707,10.9417030894],[75.8811264301,10.941831133],[75.88153609318205,10.941890637026379]]],[[[75.8788559379152,10.953525276986305],[75.87885932437904,10.953524819230854],[75.8788599928,10.953524792],[75.8788602151,10.9535254686],[75.8788559379152,10.953525276986305]]]]}},{"type":"Feature","properties":{"id":"ozhur","local_body_id":"ozhur","name":"Ozhur","name_ml":"ഒഴൂർ","type":"grama_panchayat","lsgd_type":"Grama Panchayat","lsgi_code":"G10067","wikidata":"Q13110838","ward_count":21,"taluk":"Tirur","district":"Malappuram","source":"Derived by dissolving 2024 Delimitation Commission ward polygons (wardmap.ksmart.live). Cross-reference: opendatakerala/lsg-kerala-data (OSM/ODbL).","acquired":"2026-09-09"},"geometry":{"type":"Polygon","coordinates":[[[75.891336337,10.9776205932],[75.8913536783,10.9775939015],[75.8913490859,10.9775912355],[75.8913542123,10.977589027],[75.8913849917,10.9775265771],[75.8914436885,10.9774053883],[75.8914835921,10.9772468786],[75.8915533042,10.9770781898],[75.8915854325,10.9769606062],[75.8916030893,10.9768807681],[75.8916022684,10.9768788939],[75.8916168693,10.9768419322],[75.8916163112,10.976839421],[75.8916246729,10.9767981111],[75.89163443699466,10.97674998094178],[75.8916370931,10.9767368882],[75.89165137,10.9766691077],[75.891669605,10.976586728],[75.8916893078,10.9764954448],[75.8916963589,10.9764432669],[75.891724238,10.9763749321],[75.8917316674,10.9763394234],[75.8918796173,10.9759707278],[75.8920159199,10.9756625176],[75.8921098335,10.9755159573],[75.8923794505,10.9752269596],[75.89263767198871,10.97494583171517],[75.8927155776369,10.974812692749975],[75.8927307278,10.974728322],[75.8926689178,10.9745209983],[75.8926693053,10.9745208725],[75.8926699886,10.9744757261],[75.8926699001,10.9744255638],[75.8926789129,10.9743802083],[75.8926900971,10.974339456],[75.8926889555,10.974335725],[75.8928178083,10.9740612205],[75.8928419072,10.9740319003],[75.8928776889,10.9739439897],[75.89288240090589,10.973929865736887],[75.8929141199,10.9738347899],[75.8929486335,10.9736509671],[75.8930285499,10.9734490561],[75.8931208086,10.973275607],[75.8932080488,10.9730501347],[75.8932479873,10.9728956816],[75.8932835789,10.9727032746],[75.8932918776,10.9726116553],[75.8932418625,10.9725550672],[75.8932014897,10.9724349985],[75.8931887523,10.9722390092],[75.89320933560926,10.972163497938606],[75.8932246996,10.9721071341],[75.89326348933511,10.972059939695448],[75.8933253095,10.9719847248],[75.8933762468,10.9718305944],[75.8934381293,10.9716721192],[75.8934441425,10.9716740991],[75.8934693982,10.9715324463],[75.89347361244519,10.971436945515629],[75.89347490710287,10.971407606733104],[75.8934572631,10.9711088729],[75.8934030985,10.9709633106],[75.8933460539,10.9707997389],[75.89334537785047,10.970785795613006],[75.8933378621,10.9707647435],[75.8933278387,10.9706362063],[75.8933139332,10.9706028307],[75.8932789941,10.9705189711],[75.8932754448,10.9705104523],[75.893185916,10.9704454146],[75.8931175376,10.9703674092],[75.8931027377,10.9703530669],[75.8930909883,10.9703393199],[75.8930669488,10.9703205918],[75.89304403286665,10.970298368521798],[75.8929782931,10.9702346158],[75.8928930899,10.9701803619],[75.892804148,10.9701313862],[75.8927658721,10.9701150431],[75.892785029,10.970078322],[75.892795152,10.9700830682],[75.8928415738,10.9700053939],[75.8928847747,10.9699287852],[75.892911269,10.9698484655],[75.8929374196,10.9697696369],[75.89294415387991,10.96975120316072],[75.8929633708,10.9696986007],[75.8930049976,10.9696357485],[75.8930438753,10.9695848246],[75.8931995971,10.9695730838],[75.8933023626,10.9696309843],[75.8934108437,10.9696710017],[75.89350002378191,10.969684341900297],[75.8936508284,10.9696785557],[75.893652483,10.9696567021],[75.89377771786461,10.9695280856039],[75.89398492934885,10.969161748951242],[75.8939956644,10.9691333534],[75.89400565713109,10.96909896502294],[75.8940130972,10.9687400402],[75.894021523,10.9687126763],[75.8941470251,10.9686152904],[75.8942655244,10.9685163488],[75.89437362684615,10.968383917717041],[75.8944720928,10.9681523411],[75.8945408248,10.9677553889],[75.89455692452186,10.967678783291447],[75.8946050525,10.9674004607],[75.89462231226726,10.967367655678759],[75.8946393478,10.9672865973],[75.8947845335,10.9670237113],[75.894928337,10.9666530777],[75.89505612334217,10.966323226216064],[75.89503489757604,10.966151556724519],[75.89500571809654,10.965915559287412],[75.8950035969,10.9658984035],[75.89500525423918,10.965875686121509],[75.8950150466661,10.965741459964477],[75.895016404,10.9657228548],[75.89503120737838,10.965703931563406],[75.8951172059,10.9655939992],[75.8952148535,10.9654702602],[75.89526616320467,10.96531742368461],[75.8952778566,10.9652825925],[75.89529029563991,10.965218278772266],[75.8952945042,10.9651965192],[75.8953115351,10.9652080245],[75.8953151006,10.9652103054],[75.8953207936,10.9651824209],[75.8954304398,10.9651142699],[75.8955665834,10.9650540137],[75.89569127060815,10.96499900803379],[75.895706743,10.9649921824],[75.8958324334,10.9649634576],[75.8959256171,10.9648949056],[75.89598020207715,10.964858829285124],[75.8960135169,10.964825742],[75.896112227,10.9646284111],[75.8959969761,10.9639364941],[75.8960174381,10.9638411751],[75.8960160289,10.9638410775],[75.896125777,10.9634817406],[75.896152525,10.9633236807],[75.896187353,10.9630975897],[75.896185289,10.9630897542],[75.8961954266,10.9629916674],[75.8961899386,10.9629364685],[75.89618992731391,10.962670248687546],[75.89618992467183,10.96260792654238],[75.8962297795,10.9621444188],[75.89622784526692,10.962139550091516],[75.89626195579251,10.962063177873762],[75.8962769575,10.9620295896],[75.896379553,10.9617313421],[75.896422303,10.9614688315],[75.8964679088,10.9611623536],[75.89649620789898,10.961115537991509],[75.8965707109,10.9609922866],[75.8966246834501,10.960901385182371],[75.8968473855466,10.96052630680929],[75.89686165957616,10.960502266264225],[75.8968893756,10.9605023242],[75.8969059424,10.9605023588],[75.8969460333,10.9605143978],[75.897179997,10.9605145834],[75.8972442908,10.9604967244],[75.8972453859,10.9604962176],[75.8972728774,10.9604834939],[75.8974299015,10.9605007292],[75.8974509815,10.960503043],[75.89761111405333,10.960519990740288],[75.8980362037,10.9606240495],[75.8983385675,10.9606436372],[75.8986942137,10.9606123292],[75.8987215133,10.9608494464],[75.89877883869242,10.960836893188457],[75.8988881528,10.9608129554],[75.8990335306,10.960802475],[75.8992335383,10.9607924931],[75.8994088249,10.9607166933],[75.8995313803,10.9606728364],[75.89955913807935,10.960678149368867],[75.8997027852,10.9607056441],[75.89972127121828,10.96071088924262],[75.89973775841159,10.960715567247313],[75.8998241249,10.9607400725],[75.89989763104973,10.9607473385048],[75.9000202828,10.9607594625],[75.90012924834447,10.960759914915426],[75.90070037052591,10.96076228616486],[75.90069631940585,10.960904353801848],[75.900637468,10.9614736728],[75.90067989728188,10.961480256836527],[75.9008343429,10.9615042232],[75.9009642782,10.961550092],[75.9010245439,10.9616367452],[75.9011558386,10.9616519414],[75.9012633073,10.9616680562],[75.9013657344,10.9616621363],[75.90156008877393,10.961711722895787],[75.90162520113172,10.96172833533471],[75.90162946589737,10.961749167274391],[75.9016338615,10.9618359698],[75.9016361457,10.9620398575],[75.90169641350506,10.962215105810083],[75.9017057122,10.9622421448],[75.9018019956,10.9622491072],[75.9019052554,10.9622782844],[75.9019404203,10.9622580184],[75.901986033,10.9622489546],[75.902118767,10.962293965],[75.9022615934,10.9622913586],[75.9023450994,10.9622737116],[75.9024384237,10.9622455604],[75.9024705989,10.9621319147],[75.9028206964,10.9621403],[75.9028219891,10.9621167445],[75.9028317713,10.9621188471],[75.9028308752,10.9621353713],[75.9035562355,10.9618123874],[75.9037328283,10.9618148099],[75.9039659383,10.9619897803],[75.90396637243637,10.962223467392684],[75.9039664558,10.9622683404],[75.9040621421728,10.962283149730096],[75.9041837182,10.9623071594],[75.90479093054958,10.962526986315796],[75.9048384803,10.9625447218],[75.90483929214582,10.96254449449156],[75.9049210583,10.962574096],[75.90501311449839,10.96255799999032],[75.9052523658,10.9626490533],[75.9053553379,10.962670332],[75.9055052196,10.9626768006],[75.9056103544,10.9627019988],[75.9056841014,10.9626796745],[75.9057135433,10.9626488062],[75.9057930772,10.9626114942],[75.90579505330123,10.9626055273197],[75.9058016614,10.9626049605],[75.90580645512944,10.96257109925357],[75.9058125992,10.9625525471],[75.90581157988856,10.962534899727956],[75.9058179353,10.9624900073],[75.905817365,10.9624883729],[75.9058085156,10.9623414459],[75.905785563,10.9622527062],[75.90580369400217,10.962185791085233],[75.9059165517,10.961948533],[75.9059478742,10.9618247449],[75.90609992453872,10.961812356747009],[75.9061478538,10.9618088951],[75.90614572921514,10.961496470719732],[75.9062658596,10.9615066225],[75.9064257401,10.9615105391],[75.90642891129059,10.961496768191427],[75.90646695683012,10.961331555274887],[75.90649477127477,10.961210770931116],[75.9065561162,10.9612201224],[75.90656027926798,10.9612207570223],[75.9066754338,10.9612393661],[75.90667566164485,10.961238346028715],[75.9066781516,10.9612387256],[75.9066943184,10.9611669077],[75.9067142058,10.9610785612],[75.9068543766,10.9610950525],[75.9069931632,10.9611113808],[75.9070046592,10.961062674],[75.9072349512,10.9610655884],[75.9072353854,10.9610631264],[75.907379626,10.9606904207],[75.9074173972,10.9605955295],[75.9074462923,10.9605406555],[75.90744674523538,10.960539946662921],[75.9074533849,10.9605389767],[75.9075685122,10.960546929],[75.9077335814,10.9605480859],[75.9080443706,10.9605639854],[75.908156148,10.960590192],[75.9082588426,10.9605816952],[75.90829712191707,10.960582702269411],[75.90832415715752,10.960583413524619],[75.9083473769,10.9605840244],[75.90836317388596,10.96056587603357],[75.9084007743,10.9605226788],[75.90841701836497,10.960510845032971],[75.9084342838,10.9604982672],[75.90846854757982,10.960390664383704],[75.9084717778,10.9603831306],[75.9084963347,10.9603600232],[75.9089375159,10.9604028658],[75.90895206962846,10.960396742621139],[75.9089629955,10.9603982606],[75.9090524372147,10.960358190628863],[75.9090455666,10.960371612],[75.9090488157,10.9603943282],[75.909052044,10.9604055146],[75.9090576038,10.9604125148],[75.9090723735,10.9604282236],[75.9091121017,10.9604564941],[75.90914229246832,10.960460473272684],[75.9091529123,10.9604727912],[75.9092392927,10.9604887554],[75.909297784367,10.960490201358436],[75.9093998886188,10.960515547390742],[75.9093803361,10.960565612],[75.9093668693,10.9606275261],[75.90937421685727,10.960643711114226],[75.909401848,10.9607045763],[75.9094212601,10.9607669096],[75.9094081472,10.9609344694],[75.9093557656,10.9611286552],[75.9092226356,10.9613372851],[75.9092022029,10.9613962447],[75.90925796443017,10.961425351896434],[75.9092851065,10.9614395199],[75.9093932915,10.9614691719],[75.9094968881,10.9614779429],[75.90950408659563,10.961479218278564],[75.909650249,10.9615051143],[75.9098387554,10.9615526012],[75.9100522272,10.9615809211],[75.91013913299247,10.9616064436722],[75.910176666,10.9616174664],[75.9103443301,10.9616371789],[75.910503794484,10.9616105176338],[75.9106481958,10.9616027146],[75.9107275785,10.9616012517],[75.9107977743,10.9616038561],[75.9111635412,10.9616100591],[75.9114774365,10.9616628095],[75.91158425685873,10.961672607401352],[75.9116946043,10.9617039316],[75.91177016799828,10.96169453958828],[75.9118762264,10.9617166642],[75.911883711423,10.961715633145467],[75.911892543,10.9617175368],[75.9120506856,10.9617088532],[75.9121987335,10.9616688338],[75.9121986713047,10.961668134135511],[75.9122280704,10.9616615424],[75.9122117701,10.9612930381],[75.9122273141,10.9611724435],[75.9122378044,10.9611733548],[75.9122751884,10.9609701656],[75.9124450846,10.9609487069],[75.91267113295595,10.960920155673238],[75.9128856716,10.9609176625],[75.912880199,10.9609226594],[75.913045469,10.9615742439],[75.9131733502,10.961698807],[75.91318581137544,10.96175378555353],[75.91318738159488,10.961766022575173],[75.9131833281,10.9618656719],[75.91318376061353,10.961866929235658],[75.9132026608,10.9619218729],[75.91337938671974,10.961912200055533],[75.9134201415,10.9619099694],[75.9135753231,10.9618785861],[75.9136639082,10.9618556371],[75.913764751,10.9618350457],[75.91384742921481,10.961811143010827],[75.91389665253384,10.961796912300874],[75.9138971233,10.9617967762],[75.9139948086,10.9617218451],[75.91402764452187,10.961700721941638],[75.91407420723112,10.961670768420467],[75.9141137327,10.9616495229],[75.9142122629,10.9615836146],[75.9143556204,10.9615049893],[75.9144324587,10.961455153],[75.91450552069675,10.96142040085444],[75.914652631,10.9613785204],[75.91470364483143,10.961359793504073],[75.9148558972,10.9613039025],[75.9150266231,10.9612392707],[75.9150995385,10.9612183062],[75.9151990552,10.9611724678],[75.91531898503871,10.961091449967475],[75.9153343988,10.9610810373],[75.91532561054274,10.96106820514974],[75.9154372332533,10.960953420128572],[75.9155870148,10.9609121947],[75.91563673761544,10.960917450481007],[75.91568820860103,10.960946744952086],[75.9156889194,10.9609471495],[75.91569016717351,10.960951654768005],[75.91571505869763,10.961014053684636],[75.91577772790308,10.960999107262795],[75.9158373637,10.9609848843],[75.91583934261575,10.960998730896769],[75.915846975139,10.9610521361373],[75.9158470651,10.9610527656],[75.91611297579472,10.961291100020551],[75.9161400432,10.9613153604],[75.91614047133824,10.961433728094034],[75.9161455435,10.961460039],[75.91615041852552,10.961475878324093],[75.91629621424126,10.961788244513876],[75.91630240534089,10.961798420809917],[75.9164209746,10.9617105888],[75.9164223385099,10.961712355802296],[75.91657477847417,10.961909848147917],[75.9167002532,10.9620724059],[75.9168515391,10.9620251909],[75.91685339098638,10.962028691628282],[75.916863932,10.9620236921],[75.9169108796,10.9621244002],[75.9170243888,10.962275522],[75.91714747708109,10.962530354691506],[75.91796413141162,10.962281765194515],[75.9180084239,10.9622662003],[75.91850138307478,10.96205431199002],[75.918485713,10.9618127342],[75.9184449688,10.961184597],[75.91849564546577,10.961181109901856],[75.91857544172807,10.961175619063143],[75.9189047416,10.9611529597],[75.9189049854,10.961147241],[75.9189818487,10.9611443477],[75.9191625582,10.9610919574],[75.9192415218,10.9610783771],[75.9193555082,10.961064639],[75.9194030701,10.9610573716],[75.919457361,10.9610487515],[75.9195528906,10.9610249575],[75.9196445007,10.96102719],[75.9197011416,10.9610410414],[75.9197681324,10.9610596953],[75.9198454195,10.9610716904],[75.9199393261,10.9610849331],[75.9200153959,10.9611247058],[75.9200787658,10.9611372044],[75.9201508695,10.9611553089],[75.9202157052,10.9611612752],[75.92026663535553,10.961170673229896],[75.9203295813202,10.961169844113117],[75.920386949,10.9611648502],[75.9204378743029,10.961176022031475],[75.9209414711,10.9612864995],[75.92094243112012,10.961281687736106],[75.9209432668,10.9612818661],[75.9209991792,10.9611463528],[75.9213573605,10.9611817624],[75.92159569790986,10.960830340429847],[75.92252497019959,10.960686002936976],[75.922750997,10.96066039],[75.9227524272,10.9606590042],[75.92282042373176,10.960645994923004],[75.92297939801914,10.960615579540248],[75.92308281783043,10.960598455186716],[75.9234319152,10.9607447086],[75.9235756293714,10.960736380040807],[75.9248466524,10.9606627214],[75.92521938560884,10.960572890125599],[75.925242339,10.9605673582],[75.9257728241,10.9607464134],[75.9267349813,10.9609831396],[75.9266677219,10.9613232114],[75.92668568306023,10.961339068957269],[75.92670463830225,10.961355804169923],[75.9268397171,10.9614750626],[75.9270139356,10.9615761004],[75.9270669324,10.9616155015],[75.92712895709373,10.961626043192332],[75.9271394585,10.9616327313],[75.9276408198,10.9617681573],[75.9276511658921,10.96177015244956],[75.9277285217,10.9618092213],[75.927908637,10.9618497102],[75.9280374683,10.961867709],[75.92807269462891,10.961851440424406],[75.92813335926223,10.961823423676595],[75.9282047751,10.9617904417],[75.9283610053,10.9616667699],[75.928380806525,10.961657678723512],[75.92839999246604,10.961648870037374],[75.9289789554,10.9618106259],[75.9288941708,10.9620961163],[75.9289494438,10.9621960833],[75.9288796354,10.9622392864],[75.9288318531,10.9626420798],[75.9288842501,10.9629656237],[75.9288933697,10.9630781632],[75.9288919961,10.9633665799],[75.9289370643,10.9635634831],[75.9290285543,10.9636689021],[75.9292436167,10.9637407055],[75.9294353919,10.9638125414],[75.92953849981257,10.96388690546294],[75.92957624236385,10.963914126355974],[75.9295671191,10.9639799793],[75.9295670931,10.9640578694],[75.9295670171,10.964286026],[75.9295571535,10.9643879309],[75.92955951310407,10.964438677222773],[75.92956018186186,10.964453059720132],[75.9295604459,10.9644587382],[75.9296300377,10.9645906065],[75.92962522987119,10.96477658303111],[75.92962409371489,10.964788012519474],[75.9295913935,10.9648778879],[75.9296066898,10.9649983445],[75.92962720183,10.965147660460316],[75.9296374003,10.9651475953],[75.9296376061,10.9651486089],[75.9296813379,10.9653640011],[75.92968519156352,10.965413754168534],[75.9296960163,10.9655535079],[75.92970448769844,10.965629092980258],[75.92970695995963,10.965651151446968],[75.92976196582447,10.965680612049896],[75.9298634035,10.9657200773],[75.9301576531,10.9657892057],[75.9305181765,10.9658447336],[75.9306449339,10.9658439236],[75.9307909223,10.9658195651],[75.9309565545,10.9658338797],[75.9311091944,10.9658403487],[75.9313041546,10.9658521558],[75.9314212964,10.96586312],[75.9318359881,10.9664409833],[75.93185984202206,10.966502412689259],[75.93191051681791,10.966632912057563],[75.931952815,10.9667418397],[75.9320374874,10.9670289924],[75.93204511347696,10.967117502394487],[75.9320592988,10.9672821405],[75.93205612827761,10.967389259896308],[75.932053816,10.9674673826],[75.93202370836704,10.967604604031564],[75.9320217182,10.9677394739],[75.9320334822,10.9678029432],[75.932038630034,10.967837245985287],[75.9320528786,10.9678883135],[75.9320816202,10.9679496215],[75.932267931,10.96793379],[75.9324048215,10.9678867966],[75.9325637332,10.9678996899],[75.9327052739,10.9679917548],[75.93281599461784,10.968125106449794],[75.93281791406793,10.968126034414627],[75.9329509282,10.9681541625],[75.93307118071148,10.968179591910818],[75.9331727011,10.9682010601],[75.93320708225549,10.968213950545385],[75.933257171,10.9682327302],[75.9333525991,10.9683426587],[75.93342850357163,10.9684367724945],[75.93343630897002,10.968446450391502],[75.9334465795,10.9684591848],[75.9335727144,10.9685894141],[75.9336899383,10.9686968336],[75.9338058579,10.9687767908],[75.9339479162,10.9688344463],[75.9341279192,10.9688794146],[75.9344913377,10.9689217467],[75.9346204727,10.9689421507],[75.9348355252,10.968987627],[75.934829322163,10.968993169475413],[75.9348459212,10.9689949851],[75.9348992682773,10.96899830089812],[75.9349170174,10.9689759209],[75.9352299775,10.968916869],[75.9354303738,10.9688715736],[75.9356212318,10.9687763776],[75.9360124861,10.9686358861],[75.9362868892,10.968546241],[75.93642410909874,10.968468600974157],[75.9364588571,10.9684489403],[75.93658836949874,10.96835644094371],[75.9366090144,10.9683416961],[75.93675242716596,10.968290199376227],[75.93675419412408,10.96828918867486],[75.9368557658,10.9682264297],[75.93694340713178,10.96818095869259],[75.9370169794,10.9681388753],[75.93706350626009,10.968111935621229],[75.9371597776,10.9680461639],[75.9372750752,10.9679425493],[75.93731137339056,10.967969406400934],[75.9373584751,10.967945341],[75.937446373,10.9680375113],[75.9374644452388,10.968055546693424],[75.93746757,10.96805408],[75.93749435,10.96806531],[75.93752668,10.96808266],[75.9375593,10.96810057],[75.93759076,10.96812014],[75.9376199,10.96814008],[75.93764517,10.96815968],[75.93765719,10.9681721],[75.93767732,10.96818494],[75.93769779,10.96819273],[75.93771864,10.96820552],[75.93773782,10.96821816],[75.93775756,10.96823277],[75.93777174,10.96824587],[75.93779146,10.96826339],[75.93781209,10.96828801],[75.93783238,10.96830389],[75.93785106,10.96831139],[75.93787103,10.96831559],[75.93788448,10.96832326],[75.93789507,10.96833214],[75.93791272,10.96834206],[75.93793019,10.968355],[75.93794602,10.96836693],[75.93795747,10.96837444],[75.9379704,10.96838652],[75.93798461,10.96839643],[75.93799701,10.96840665],[75.93800449,10.96841674],[75.93801197,10.96842497],[75.93802085,10.96843606],[75.93803361513078,10.968447421052],[75.9380451262,10.9684514964],[75.9381049391,10.9684692451],[75.9381223265,10.9684724019],[75.9381660563,10.9684893834],[75.938259514,10.9685171157],[75.9383128019,10.968540915],[75.9383666145,10.9685434818],[75.9384517443,10.9685330059],[75.9385278581,10.9685444238],[75.9386064924,10.9685476554],[75.9386427295253,10.968580705979207],[75.93866968,10.96859149],[75.93870794,10.96861104],[75.93873836,10.96865256],[75.93876865,10.96870071],[75.93879102,10.96875825],[75.93881732,10.9688171],[75.93883304,10.96889221],[75.9388456,10.9689688],[75.93885851,10.96904824],[75.93886841,10.96912703],[75.93888357,10.96920459],[75.93888985,10.96927955],[75.93893113,10.96935653],[75.93897301,10.96944435],[75.93901637,10.96953345],[75.93905989,10.96961604],[75.93909908,10.96967285],[75.93913057,10.9697288],[75.93916472,10.9697932],[75.93920433,10.96986664],[75.93925306,10.96994716],[75.93927551,10.97001999],[75.93929139,10.97010223],[75.93931092,10.97018727],[75.93931223276861,10.970199066060106],[75.93941128,10.9704103142],[75.9394450184,10.9704899906],[75.93945230926224,10.9705272427474],[75.9394613,10.97054501],[75.93950055,10.97060899],[75.93952127,10.97065379],[75.93954368,10.97071787],[75.93957018,10.97080695],[75.93957452,10.97088889],[75.93958850038644,10.970964807436483],[75.93959733,10.9709849513],[75.9396399684,10.971071189],[75.9396631108,10.9711271132],[75.9396717545,10.971164584],[75.939675115,10.9712004871],[75.9396892059,10.9712452347],[75.939696581,10.9712993103],[75.9397050207,10.9713499282],[75.9397259957,10.9714109888],[75.9397427838,10.9714641388],[75.9397599666,10.9715030856],[75.9397845531,10.9715481348],[75.9398039395,10.9715799243],[75.9398174496,10.9716307997],[75.9398335202,10.9716892454],[75.939850195,10.9717566655],[75.9398732501,10.9718094421],[75.9398896052,10.9718657429],[75.9399465621,10.971954303],[75.9400002489,10.9720474051],[75.9400430065,10.9721152151],[75.9400753145,10.9721744121],[75.9401123095,10.97223194],[75.9401749075,10.9723536768],[75.9402305761,10.9724979199],[75.9402655649,10.9726227818],[75.9402673788,10.9726262573],[75.9402789993,10.9726727279],[75.9402802166,10.9726797528],[75.940286309,10.9726860611],[75.9402915623,10.9726890651],[75.9402892322,10.972695627],[75.9402880423,10.9727082442],[75.9402993839,10.9727531355],[75.9403052009,10.9727943472],[75.9403292504511,10.972882622766441],[75.9403298794,10.9728845829],[75.9403298327424,10.972884760107586],[75.9403323957371,10.972894167759645],[75.9403416663,10.9728965998],[75.9403800894,10.9729951285],[75.9404250661,10.9731315404],[75.9404601295,10.9732636088],[75.9405057697,10.9733835831],[75.94051227521172,10.97340439695405],[75.940550923,10.9735280474],[75.94060949893112,10.97370068575959],[75.9406334828,10.9737713724],[75.94064827,10.9738303687],[75.94065829870885,10.973909850104835],[75.9406622985,10.97394155],[75.9406955402,10.9740057143],[75.9407749888,10.9741251352],[75.9408173039,10.9742020278],[75.94083997994349,10.974227185490903],[75.9408607664,10.9742502468],[75.9409179515,10.9743336544],[75.94095474492876,10.974488463747939],[75.9409566667,10.9744916667],[75.9409666667,10.9745033333],[75.9409766667,10.97453],[75.9409816667,10.974545],[75.94098252832364,10.97455146224198],[75.9411071803,10.9747345844],[75.9411855643,10.9748301976],[75.9412695598,10.9750004205],[75.9412945616,10.9750757392],[75.9413217249,10.9751582762],[75.9413440917,10.9752268032],[75.9413988786,10.9753350436],[75.9414982959,10.975547824],[75.94149892791611,10.975549522473296],[75.9415031009475,10.975560737033],[75.94151832858927,10.975601659633828],[75.9415839078,10.9757778965],[75.9416330841,10.9758723829],[75.94164234170745,10.975905541678582],[75.94164960844687,10.975931569591832],[75.9416516667,10.975935],[75.9416616667,10.9759516667],[75.9416716667,10.9759733333],[75.941675,10.9759816667],[75.9416766667,10.9759916667],[75.94168,10.9760016667],[75.9416783333,10.97601],[75.9416833333,10.9760183333],[75.9416866667,10.9760283333],[75.941695,10.9760483333],[75.9416983333,10.976055],[75.9417033333,10.976065],[75.9417116667,10.9760833333],[75.9417166667,10.9760933333],[75.94172,10.9761033333],[75.941725,10.9761133333],[75.9417266667,10.976125],[75.9417316667,10.9761366667],[75.941735,10.9761466667],[75.9417383333,10.976155],[75.9417416667,10.9761633333],[75.941745,10.9761766667],[75.9417483333,10.976185],[75.94175,10.9761966667],[75.9417533333,10.9762033333],[75.9417566667,10.976215],[75.9417616667,10.9762283333],[75.9417683333,10.97625],[75.9417733333,10.97626],[75.9417783333,10.9762683333],[75.9417816667,10.9762766667],[75.9417883333,10.976295],[75.9417916667,10.976305],[75.9417916667,10.9763166667],[75.9417916364,10.9763211368],[75.9418681329,10.9763474648],[75.9419424474,10.9763631677],[75.9420308089,10.9764022893],[75.942039473,10.9764092731],[75.94206759437802,10.976498009927429],[75.942137299,10.9765497157],[75.9421599363,10.9765941527],[75.9421871515,10.9766126424],[75.9422607875,10.9767321991],[75.9423445162,10.9768752759],[75.9424463709,10.9770085488],[75.9425315655,10.9771221713],[75.9426267468,10.9772535882],[75.9426861869,10.9773236276],[75.9427526982,10.9773734059],[75.9427641573,10.9773744928],[75.9428497773,10.9774279525],[75.9429389802,10.9774953036],[75.9429894509,10.9775412597],[75.94298968615954,10.97754177885611],[75.9430338928,10.9775723339],[75.9431014018,10.9776287875],[75.9431851888,10.9776667688],[75.9432318094769,10.977692417134572],[75.9433037237,10.9777220501],[75.94335328488934,10.977761915355167],[75.94353188,10.9779055709],[75.9435927312,10.9779610962],[75.94363246613722,10.977983648062589],[75.9437095213,10.9780273813],[75.9437653842,10.9780676571],[75.9438543528,10.9781472709],[75.9439348213,10.9782402698],[75.94394015774127,10.978249126149581],[75.9439516667,10.9782583333],[75.9439716667,10.9782816667],[75.9439816667,10.97829],[75.9439933333,10.9783133333],[75.9440083333,10.9783383333],[75.9440266667,10.9783516667],[75.94403475978395,10.97835975978395],[75.94403782537903,10.978361956361066],[75.9440433333,10.9783633333],[75.9440566667,10.97836],[75.9440616667,10.9783566667],[75.94407,10.9783516667],[75.94413,10.9783166667],[75.9441316667,10.978315],[75.944135,10.9783116667],[75.94414,10.9783083333],[75.9441583333,10.978305],[75.9441683333,10.9783066667],[75.94418,10.97831],[75.9441866667,10.9783133333],[75.944195,10.9783116667],[75.944205,10.9783133333],[75.944215,10.9783133333],[75.944225,10.9783166667],[75.9442333333,10.9783183333],[75.9442416667,10.9783183333],[75.94425,10.97832],[75.9442583333,10.9783216667],[75.9442783333,10.9783266667],[75.94429,10.9783266667],[75.9443333333,10.9783233333],[75.944345,10.9783216667],[75.9443633333,10.9783216667],[75.944385,10.9783216667],[75.944415,10.97832],[75.9444766667,10.9783366667],[75.94448304640242,10.978339400873807],[75.94450058422426,10.978343828622723],[75.9445355774,10.9783526633],[75.94460920479462,10.978377021334191],[75.9446662536,10.9783958947],[75.9447163263,10.9783130264],[75.9447690592,10.978212087],[75.9448289327,10.9780999562],[75.944902999,10.9779699712],[75.944965179,10.9778578836],[75.9450522887,10.9777689166],[75.9451371804,10.9776753776],[75.9452146219,10.9776088801],[75.9453271476,10.9775181261],[75.945554373,10.9773434544],[75.9456345189,10.9772566214],[75.9458164095,10.9770403237],[75.945979892,10.9768214143],[75.946094186,10.9766400869],[75.9461537501,10.9765438058],[75.9461778321,10.9764921603],[75.9462026214,10.9764042854],[75.9462207122,10.9763049587],[75.9462498494,10.9762307566],[75.9462675423,10.9761518088],[75.9462855005,10.976059275],[75.9462986246,10.975977976],[75.9463277175,10.9759060382],[75.94633691859507,10.975894338917287],[75.94634429465957,10.975884960178862],[75.946382138,10.975836842],[75.9464342078,10.9757698668],[75.9464816645,10.9757028047],[75.94651156923813,10.975641370798312],[75.9465183333,10.9756233333],[75.94652217773042,10.975611616954911],[75.9465376765,10.9755520924],[75.9465378944,10.9755515444],[75.94654169476573,10.975552136520038],[75.94659946065241,10.97556113679566],[75.9467798557876,10.975589243452216],[75.946783596,10.9755898262],[75.94683887553006,10.975637525901035],[75.94683947977342,10.975637725220583],[75.9469686307,10.9756253973],[75.94699775541325,10.97563611122071],[75.9469978634,10.9756360997],[75.9470520539,10.9756554313],[75.94719793441861,10.975703552416864],[75.94728515422928,10.975714942725718],[75.9474677822958,10.975738792698184],[75.9475089468,10.9757441685],[75.94772167248752,10.975846943926232],[75.9480077118,10.9759851398],[75.94787423244547,10.976308341195013],[75.94782544478079,10.976426473630854],[75.9478060646,10.9764734],[75.94770661311809,10.976701427408415],[75.9476632615,10.9768008262],[75.9476405068666,10.976870336882667],[75.9476172497,10.9769413827],[75.94751100801639,10.977151383802283],[75.9475031655,10.9771668856],[75.94745534626584,10.977307518941855],[75.9474200631,10.9774112845],[75.94729778171558,10.977883633948347],[75.9472912565,10.9779088396],[75.94727371626584,10.97795479216019],[75.94719592615924,10.978158589585226],[75.9471933663,10.978165296],[75.9470850833,10.9781554595],[75.94700596245521,10.97812019211688],[75.9468907837746,10.978068852287699],[75.94683130345415,10.978042339486233],[75.94682760160777,10.978042851551908],[75.9468174302,10.978069499],[75.94659942391364,10.978530040367819],[75.9465745401,10.9785889081],[75.9464943518,10.9787946908],[75.94647460907987,10.978842098382344],[75.9464158544469,10.979008849077152],[75.94640013636368,10.9790912823391],[75.9465252312,10.9791418727],[75.94652249540056,10.979152705828112],[75.9464206829,10.9795558596],[75.9464715936,10.9800295325],[75.9464448303,10.9801396728],[75.9465191899,10.9813793204],[75.9465089281,10.9816330129],[75.9464037649,10.981821799],[75.9464493582,10.9822360197],[75.9463592903,10.9825253459],[75.946163268,10.9831856419],[75.9461612014,10.9838447936],[75.9461188589,10.9841491745],[75.9459090819,10.9844919502],[75.9460280651,10.9848806711],[75.9460057624,10.9849724531],[75.9459519283,10.9850801325],[75.9459348946,10.9853753953],[75.9459471558,10.9853678404],[75.9459076616,10.9856669859],[75.9459242876,10.985674392],[75.9459960319,10.9859684804],[75.9460058891,10.9862252921],[75.9460009112,10.9867260203],[75.9459558534,10.9870446669],[75.945911032,10.9872337859],[75.9459514486,10.9874274207],[75.9459466119,10.9876406233],[75.9459508577,10.9877512386],[75.9459392978,10.9879928087],[75.9459343429,10.9882707743],[75.9459388144,10.988413519],[75.9460828916,10.9884178446],[75.9462030669,10.9884186094],[75.9462123186,10.9884053613],[75.9462203761,10.9884064701],[75.9466190536,10.9885181187],[75.946814613,10.9887245438],[75.94695048,10.9891451308],[75.947287161,10.9899391887],[75.9472651158,10.990158897],[75.9472093277,10.9908762295],[75.9472795288,10.9909961618],[75.9472812021,10.9912118063],[75.9472674348,10.9914780803],[75.9474206504,10.9915837916],[75.9475068497,10.9917249754],[75.9472929879,10.9919655451],[75.946513862,10.9920510275],[75.9457347361,10.9921365099],[75.9453665432,10.9921276058],[75.9445373533,10.9921376914],[75.9440599858,10.9921071562],[75.9435012271,10.9922015135],[75.9434503095,10.9922912169],[75.9428578611,10.9922523773],[75.9426276591,10.9920395355],[75.942617129,10.9920194075],[75.9422909451,10.9918747175],[75.9418828741,10.9915727409],[75.9416713166,10.9913450659],[75.941551844,10.9907417309],[75.9414238585,10.9905717162],[75.9414491123,10.9905073531],[75.9414211125,10.9905419991],[75.9412247621,10.9902051811],[75.9409856295,10.9900043505],[75.9407630299,10.9897546779],[75.9407520627,10.9895038533],[75.9406494997,10.9893364051],[75.9402748158,10.9891471872],[75.9400250265,10.9890210418],[75.9395248179,10.9891306436],[75.939046078,10.9892536291],[75.9390477879,10.9892503803],[75.9390442941,10.9892533198],[75.9390405977,10.9892535479],[75.9390307292,10.9892581362],[75.9390304845,10.9892558349],[75.9390301145,10.9892590076],[75.9389684463,10.989278047],[75.9386296349,10.9892856031],[75.9384904372,10.9892557021],[75.9381945187,10.989166091],[75.9380659484,10.9891400732],[75.9377899391,10.9891293535],[75.9371428679,10.9890291643],[75.9365246329,10.9889402103],[75.9363808459,10.9889956206],[75.936166557,10.989018283],[75.9360415506,10.9890026992],[75.935884996,10.9889326981],[75.9356926327,10.9890212089],[75.935005427,10.988602002],[75.9349608828,10.9885147605],[75.9347817713,10.9884548667],[75.9347752798,10.9884591411],[75.9347554545,10.9884763402],[75.9347563522,10.9884566398],[75.9346946182,10.9885012796],[75.9345591723,10.9886202277],[75.9344704186,10.9887101395],[75.9343884373,10.9887941039],[75.9342913445,10.9888721891],[75.9341896905,10.9889399177],[75.9341038617,10.9890009298],[75.9339901603,10.9890768445],[75.9339263544,10.9891807531],[75.9339228554,10.9891986435],[75.9338015604,10.9893038698],[75.9338060895,10.9893270624],[75.9336106155,10.9895513885],[75.9335345535,10.9895990359],[75.9334238465,10.9896675333],[75.9333283847,10.9897725844],[75.9331952194,10.9898967103],[75.9330253374,10.990100955],[75.9328975864,10.9902658068],[75.9328376976,10.9904141494],[75.9327775304,10.9904765626],[75.9326887071,10.9905449915],[75.93262034,10.9906385429],[75.9325377144,10.9907565845],[75.9324903083,10.990798216],[75.9322769374,10.9910885259],[75.9321399943,10.9912111816],[75.9320130267,10.9913849196],[75.931882647,10.9914371809],[75.9318058712,10.9914974235],[75.9317570375,10.9915642457],[75.9316704949,10.9916378527],[75.9315929356,10.9916892083],[75.9314837203,10.9917417066],[75.9313910496,10.9917871832],[75.931322752,10.9919022165],[75.9311999977,10.9919788995],[75.931134625,10.9920650334],[75.9310562823,10.9921075021],[75.9309080752,10.9922472303],[75.9305907,10.992578606],[75.9305577611,10.9926601938],[75.9304847631,10.9927219059],[75.9303462531,10.9928267872],[75.930294425,10.9929010262],[75.9302485162,10.9929389489],[75.9301747347,10.9929917741],[75.9301410125,10.993064475],[75.9301533383,10.9931422174],[75.9301414997,10.99321485],[75.9300979411,10.993279433],[75.9300751553,10.9933613134],[75.9300809815,10.993380771],[75.9300104818,10.9934825256],[75.9297738541,10.9938498013],[75.929666116,10.9941481777],[75.9295094467,10.9944734144],[75.9293685515,10.9946008302],[75.9292454562,10.9947926557],[75.9289273412,10.9950595929],[75.9289305844,10.9950830974],[75.9288545209,10.9951441856],[75.9287479241,10.9952353435],[75.9287352351,10.9952461373],[75.9287208528,10.995280181],[75.928712789,10.9953190754],[75.9287174569,10.995401258],[75.9287585687,10.9954706343],[75.9287727684,10.9955113318],[75.928773172,10.9955554507],[75.9287341437,10.9956380524],[75.9286972123,10.9957415232],[75.9286417516,10.9958348496],[75.9285893911,10.9958314331],[75.9284158775,10.9958319081],[75.9283795742,10.995837365],[75.9283155615,10.9958557892],[75.9282326913,10.9958812175],[75.9281584618,10.9959117064],[75.9281094461,10.9959291819],[75.9279633145,10.995994227],[75.9278023171,10.9960761222],[75.9276839287,10.9961461698],[75.9275298474,10.9962280917],[75.9273853132,10.9963173618],[75.9272334832,10.9963684794],[75.927049649,10.9964403638],[75.9268647571,10.9965106773],[75.9267144731,10.9965743349],[75.9266170774,10.99658336],[75.9265456919,10.9966071084],[75.9264033817,10.9966723634],[75.9261957073,10.9967190878],[75.9260657922,10.9967446996],[75.9258129052,10.9967891606],[75.925545562,10.996856545],[75.9253975564,10.9968826093],[75.9252245441,10.9969090995],[75.9250860583,10.9969493012],[75.9250184156,10.9969683637],[75.9248971798,10.996952229],[75.9247914036,10.99692832],[75.924652023,10.9969262161],[75.9245057533,10.9969172963],[75.9243706852,10.9969011082],[75.9242196964,10.996874936],[75.92412344,10.9968651645],[75.924034615,10.9968595996],[75.9239319306,10.9968607706],[75.9238362907,10.9968480342],[75.9236831592,10.9968255094],[75.9235593197,10.9967952639],[75.9234404981,10.9967075901],[75.9232909472,10.9965879406],[75.9231943384,10.9965332541],[75.9230461705,10.9964668795],[75.922916527,10.9964245997],[75.9227740545,10.9963974158],[75.9226602501,10.9963854876],[75.9225288977,10.9963714028],[75.9223842283,10.9963614447],[75.9222454444,10.9963431533],[75.9221353286,10.9963401176],[75.9219890861,10.9963244087],[75.9218534755,10.9963108297],[75.9217364435,10.9963077674],[75.9216061217,10.9963020426],[75.9214832313,10.9963005244],[75.921376804,10.9963063812],[75.9213054456,10.9963233405],[75.9212048496,10.9963344423],[75.9211000497,10.9963324716],[75.9209416294,10.9963020927],[75.9208299677,10.996286517],[75.9206661229,10.9962822297],[75.9205198261,10.9962800991],[75.9203788181,10.9962858226],[75.9202527002,10.9962931703],[75.9201452694,10.996283878],[75.9200155444,10.9962619657],[75.919905971,10.9962563208],[75.9197063741,10.996258143],[75.919701635,10.9962585759],[75.9196989665,10.996257909],[75.9196892374,10.9962579796],[75.9196434766,10.9962573589],[75.9196483402,10.9962380116],[75.9196535436,10.9962266284],[75.9196747075,10.9961607371],[75.9196905619,10.9960846927],[75.9196982926,10.9960373044],[75.9197087631,10.9959969836],[75.9197224936,10.9959473541],[75.9197348543,10.9958941907],[75.9197364999,10.9958947461],[75.9197574043,10.995820681],[75.9197632136,10.9957600676],[75.9197456429,10.9956459777],[75.9197144753,10.9955303777],[75.9196864681,10.9953987062],[75.9196846547,10.9953866712],[75.9196827538,10.995378151],[75.9196787986,10.9953327496],[75.9196625291,10.9952115842],[75.9196306495,10.9951029469],[75.9195969241,10.9949983476],[75.9195300007,10.9948961037],[75.9195139204,10.9948846118],[75.9195138299,10.9948843229],[75.9194758378,10.994775877],[75.9194486872,10.9946806054],[75.9194102639,10.9945883888],[75.9193766694,10.9945158798],[75.9193375992,10.9944480072],[75.9192565542,10.9943666407],[75.9192439576,10.994333075],[75.9192083305,10.9942862893],[75.9191736031,10.9942055035],[75.9191422772,10.9941334925],[75.9191469998,10.9940820323],[75.9191453208,10.9940776925],[75.9191451442,10.9940716918],[75.9191353878,10.9939849266],[75.9191249195,10.9939051243],[75.9191082281,10.9937740704],[75.9190789063,10.9936544316],[75.9190660384,10.9935420405],[75.9190459455,10.9934022115],[75.9190350391,10.9932380157],[75.9190289611,10.9932376065],[75.9190306664,10.9932413853],[75.9190281175,10.9932397235],[75.9190272468,10.9932396019],[75.9190208,10.9931891638],[75.9190148135,10.9930787947],[75.9190147842,10.9929840055],[75.9190188598,10.9929031088],[75.9190212163,10.9928240305],[75.9190414298,10.9927442976],[75.9190720908,10.9926571602],[75.9190798711,10.9925796384],[75.9190835465,10.992488224],[75.9190884222,10.9924283624],[75.9191070354,10.9923065589],[75.9190999967,10.9922155372],[75.9190827626,10.9920915369],[75.9189536735,10.992129621],[75.9189533655,10.9921298526],[75.918887006,10.9921512291],[75.9184915514,10.9922801108],[75.9182853288,10.9923622074],[75.9180889856,10.9924228383],[75.9179329696,10.9924671413],[75.917852158,10.992472369],[75.9178359377,10.9923962089],[75.9178321895,10.9922554627],[75.9174858745,10.9922842509],[75.9174697055,10.9920479765],[75.9174691746,10.9920206892],[75.9174678688,10.9919632851],[75.9174694633,10.9918719798],[75.9174706401,10.9918065076],[75.917471122,10.9917796978],[75.9174720285,10.9917292667],[75.9174695177,10.9917261011],[75.917444308,10.9917255092],[75.9173765127,10.9917208567],[75.9173018988,10.991720538],[75.9173038175,10.9914977937],[75.9173041798,10.9914977892],[75.9173082189,10.991244533],[75.9173087118,10.9912427233],[75.9173093033,10.9910612067],[75.9173046247,10.9910573657],[75.9173018703,10.9910550824],[75.9172792497,10.9910326683],[75.9172821938,10.9908344689],[75.9172822712,10.9908163084],[75.9172822495,10.9908101377],[75.9172811739,10.9908099812],[75.9172806696,10.9908099079],[75.9172811914,10.990809555],[75.9172901386,10.9905913012],[75.917312336,10.9903535982],[75.9173183478,10.9903201474],[75.9173203792,10.9903131724],[75.9173326742,10.9901559117],[75.9171647784,10.9901203491],[75.9169221173,10.9900867889],[75.9166537674,10.9900505378],[75.9164618696,10.990029034],[75.9163652793,10.9900163243],[75.9161070672,10.9900006354],[75.9159551962,10.9899535327],[75.9158562504,10.9899134831],[75.9156905166,10.9898729174],[75.9155757563,10.9898248993],[75.9154254485,10.9897557002],[75.9153289983,10.9897299847],[75.9151901659,10.9897025283],[75.9151281907,10.9896745693],[75.9150344464,10.9896436789],[75.9149462539,10.9895894329],[75.9148458851,10.9895584737],[75.9146901656,10.9894996243],[75.9145236227,10.9894614742],[75.9143795188,10.9894313615],[75.914378693,10.9894313106],[75.9143801821,10.9894267518],[75.914367372,10.9894239524],[75.9139123632,10.9892770562],[75.9136507139,10.9891955392],[75.9134971641,10.9891571283],[75.913379231,10.9891106906],[75.9132547538,10.9890609554],[75.9131354074,10.9890235456],[75.9129871974,10.9889780852],[75.9128645268,10.9889438704],[75.9127773683,10.9889113161],[75.9126788239,10.9888973747],[75.9126100586,10.9888675951],[75.9125434479,10.9888210444],[75.9124549352,10.988730991],[75.9124133555,10.9886207561],[75.9122842481,10.9883901205],[75.9122575606,10.9883022959],[75.9121111282,10.9880914267],[75.9119488383,10.9878529693],[75.9118134562,10.9876559842],[75.911678997,10.9874214742],[75.9115643134,10.9872232772],[75.9115559771,10.9872212248],[75.9114933973,10.9871669648],[75.9114293979,10.987068514],[75.9113722033,10.9869570688],[75.911359005,10.9868900837],[75.9113513426,10.98688227],[75.9113349178,10.9868533473],[75.9112974839,10.9867857845],[75.9112686097,10.9867176646],[75.9112624877,10.98670863],[75.9112597184,10.9866955673],[75.9112527982,10.9865930884],[75.9112417013,10.9865691944],[75.9112426148,10.9865655175],[75.9112431428,10.9865165237],[75.9112412211,10.9864506214],[75.9112425541,10.9863879824],[75.9112530675,10.9863678756],[75.911254279,10.9862808099],[75.9111957286,10.9861292169],[75.9111587659,10.986084194],[75.9110651352,10.9859611207],[75.9109976841,10.9858908358],[75.9109174968,10.9857613374],[75.9108665032,10.9856531488],[75.9108088939,10.9855383269],[75.9107725679,10.9854342293],[75.9107438694,10.9853669726],[75.9107217327,10.9852605755],[75.9107143881,10.9851974792],[75.910701652,10.9851382657],[75.9106822295,10.9850789827],[75.9106722245,10.9850145458],[75.9106663162,10.984942274],[75.9106642802,10.9848651288],[75.9106315832,10.9848424012],[75.9105802855,10.9847821669],[75.9105691116,10.9847609065],[75.9105387134,10.9846424314],[75.9104537396,10.9844151803],[75.9103817899,10.9842726416],[75.9103409084,10.9841863959],[75.910325297,10.9841066315],[75.910275695,10.9840066135],[75.9101342693,10.9838446963],[75.9099575592,10.9836649996],[75.9098674312,10.9835633168],[75.9095882131,10.983372605],[75.9093732294,10.9832173862],[75.909317608,10.9831533156],[75.9092634225,10.983075373],[75.9092245641,10.9830177511],[75.909181572,10.9829612218],[75.9091250029,10.9829230786],[75.9090492287,10.9829021979],[75.9089062976,10.9828659927],[75.9087667479,10.9828190847],[75.9087236505,10.982804598],[75.9085604956,10.9827528482],[75.9084489816,10.9827536007],[75.9083363546,10.9827502953],[75.9081043277,10.9827480861],[75.9077905233,10.9827188837],[75.9077829764,10.9827630567],[75.9074076925,10.9827865227],[75.9072644574,10.9827924979],[75.9070133387,10.9828160095],[75.9066913162,10.9828350534],[75.9063393181,10.9828139848],[75.9062847886,10.982815952],[75.9062462829,10.9828096823],[75.9060190173,10.9827794511],[75.905942571,10.9827513227],[75.9058697963,10.982725099],[75.9057760789,10.9826967719],[75.9057009406,10.9826845375],[75.9055981611,10.9826625754],[75.9055234275,10.9826164314],[75.9054309807,10.9825569493],[75.9053383439,10.9825301049],[75.9052970969,10.9825142416],[75.9052154625,10.982477428],[75.9051429089,10.9824577739],[75.9050703553,10.9824381198],[75.9049818262,10.982418478],[75.9048930821,10.982400108],[75.9048421201,10.9824020877],[75.9048444292,10.9824116839],[75.9048458504,10.9824121553],[75.9048463995,10.9824249292],[75.9048468537,10.9824255867],[75.9048451592,10.9824995766],[75.9048448385,10.9825856042],[75.9048417698,10.982660528],[75.9048352369,10.9827588481],[75.9048301156,10.9828078665],[75.9048311064,10.9828599123],[75.9048619611,10.9830448295],[75.9048895598,10.9832419303],[75.9048953225,10.9833499674],[75.9048861221,10.9834147988],[75.9048827575,10.9834247163],[75.904881201,10.9834311635],[75.9048730211,10.9834425463],[75.9047985986,10.9834263919],[75.9047172355,10.983400395],[75.9046124793,10.9833587504],[75.9045586228,10.9833419659],[75.9043524504,10.9833037242],[75.9041514193,10.9832692681],[75.9040784101,10.983269139],[75.9040398494,10.9832565191],[75.9035735166,10.9832349231],[75.9035506285,10.9834373196],[75.9035408594,10.9834427451],[75.9035258161,10.9835476024],[75.9034519016,10.9835451238],[75.9032093575,10.9835369903],[75.9029971468,10.9835320168],[75.9029394983,10.983520348],[75.9028162035,10.9835064852],[75.9026684681,10.9834832885],[75.9026678596,10.9834838586],[75.9026482826,10.9834814272],[75.9025593587,10.9834882003],[75.9024660749,10.9835040628],[75.9023738174,10.9835595399],[75.9023057543,10.9836580405],[75.9022561938,10.9837343425],[75.9022507672,10.983747041],[75.9022481109,10.9837477578],[75.9022156372,10.9838121025],[75.9021406907,10.9839146156],[75.9020761671,10.9840088327],[75.902005741,10.9841327207],[75.901959576,10.9842312584],[75.9019182555,10.9843567206],[75.9018729159,10.9844843363],[75.9018425335,10.9845991177],[75.9018435529,10.9847024952],[75.901622796,10.9847138476],[75.9014877353,10.9847021746],[75.9013686559,10.9846818615],[75.9013683278,10.9846826013],[75.9012467888,10.9846618786],[75.9012267311,10.984702699],[75.901160374,10.9846900732],[75.9010321232,10.9846609918],[75.9009490362,10.9846472625],[75.9008445444,10.984614799],[75.9007441986,10.9845463146],[75.9006490899,10.9844872493],[75.9005696469,10.984427326],[75.9004171407,10.9843138418],[75.9003351919,10.9842666263],[75.9002435144,10.9841896121],[75.9002086083,10.9840855353],[75.9001826106,10.9840150539],[75.9000789332,10.983982359],[75.8999759971,10.9839549881],[75.8998199296,10.9839309077],[75.8997185114,10.9838738463],[75.8996006691,10.9838278968],[75.8994556488,10.9837923498],[75.8993168641,10.9837603955],[75.8991752782,10.9837378005],[75.8990056557,10.98372237],[75.8988352427,10.983710599],[75.8988077753,10.9836627736],[75.8987349711,10.9835308771],[75.8987242299,10.9835316674],[75.8986454017,10.9835234702],[75.8985205307,10.9835143342],[75.8985203889,10.9834762565],[75.8984995963,10.9834766835],[75.8984610509,10.983477738],[75.8984224669,10.9834748931],[75.8984133598,10.9834518111],[75.8983888883,10.9834346099],[75.8983392644,10.9834178615],[75.8982930139,10.9834076916],[75.8982377914,10.9834059225],[75.8981763212,10.9833746226],[75.8981334749,10.9833743726],[75.8981473246,10.9832452261],[75.8980713514,10.9832398245],[75.8978442401,10.9832222675],[75.8974764053,10.9831902757],[75.8974712342,10.9832223061],[75.8974443761,10.9833724545],[75.8974386277,10.9835464377],[75.8974307547,10.9835566096],[75.8974269992,10.9835755996],[75.8974140856,10.9836017101],[75.8973708794,10.9836299086],[75.8973333215,10.9836312882],[75.8972291447,10.9836312139],[75.8970793362,10.9836180472],[75.897064281,10.9836150392],[75.8970701397,10.9835965453],[75.8971198379,10.9834780972],[75.897108965,10.9833162716],[75.89711162203898,10.983271728831841],[75.8971168955,10.9831833242],[75.8971214951,10.9831240528],[75.897113378,10.9831224156],[75.89710998997244,10.983071990098338],[75.8970969721,10.9830668405],[75.8970556,10.9830584954],[75.89663888896186,10.982986013612997],[75.8965811569,10.982981551],[75.8965817729702,10.98297607898501],[75.8966022783,10.982793948],[75.8966124237,10.9826939655],[75.8966261521,10.9825980071],[75.8966260335426,10.982597724660607],[75.8966255871,10.9825966611],[75.8966224346,10.9825890769],[75.8966244184,10.9825825039],[75.8966310807,10.9825594688],[75.8966339869,10.9825496449],[75.8966365364,10.9825394831],[75.8966396416,10.9825290363],[75.8966425666,10.9825202444],[75.896644036,10.9825123728],[75.8966463289,10.9825073773],[75.8966463425,10.98250681],[75.8966569429,10.9824536346],[75.89665871249228,10.982444830912502],[75.8966701454,10.9823399158],[75.89669027790924,10.981826618427169],[75.8966902763,10.9818262138],[75.8966908057,10.9818089356],[75.8966910877,10.9817946186],[75.8966911772,10.9817796545],[75.8966912076,10.9817614387],[75.8966912133,10.981745175],[75.8966915254,10.9817292016],[75.8966916074,10.9817105118],[75.8966920174,10.9816932947],[75.8966924382,10.9816766689],[75.8966920072,10.9816595849],[75.896692442,10.9816404157],[75.89669261999765,10.981630634620561],[75.89669265069564,10.981612133782782],[75.8966926297,10.9816076486],[75.8966924483,10.981595257],[75.8965855464,10.9815905464],[75.896448772,10.9815916239],[75.8963177552,10.9815741792],[75.8963002992,10.9815710249],[75.8962981006,10.9815659551],[75.89627742912715,10.981564150612122],[75.8961615882,10.9815581802],[75.8957553682,10.9815626079],[75.89561999741214,10.981548575529846],[75.8955214646,10.9815482251],[75.8952560241,10.9815115365],[75.8951407269,10.9814894562],[75.895060286,10.9814879414],[75.8949258622,10.9814686974],[75.8948011312,10.9814437911],[75.8946614676,10.9814260923],[75.8944319397,10.9814320899],[75.8943905942,10.9814338186],[75.8943775885,10.9814293574],[75.8943637546,10.9814249406],[75.8943534185,10.9814211281],[75.8943525918,10.98142015],[75.8943348817,10.981415721],[75.894330339,10.9814127405],[75.8943278791,10.9814121622],[75.8943219347,10.9814101745],[75.894312183,10.981406542],[75.8943023483,10.9814036716],[75.8942905339,10.9813984588],[75.894285065,10.9813959873],[75.8942637393,10.9813843803],[75.89424859788066,10.981375723241742],[75.8939358803,10.9813719556],[75.89317452298783,10.981274324017882],[75.8929823775,10.9812594933],[75.8929918403,10.9812026619],[75.89300025442583,10.98087945696827],[75.892612792,10.9808053341],[75.89259017188431,10.980757837412112],[75.8925825236,10.9807517855],[75.89258042557402,10.980737372554024],[75.89257710872477,10.980714586578197],[75.8925680267,10.9806521952],[75.89257400185518,10.98063132387565],[75.89257366027306,10.980620269232427],[75.8925482126,10.9806043655],[75.8925178371,10.9805857705],[75.8924987364,10.9805845111],[75.8924974518,10.9805853425],[75.8924880432,10.9805799917],[75.8924453511,10.9805704345],[75.8924369878,10.9805636862],[75.8923780431,10.9805527051],[75.8923081162,10.9805345553],[75.8922293926,10.9805136487],[75.8921391549,10.9804831708],[75.8920704916,10.9804559002],[75.8919580456,10.9804124313],[75.8918871205,10.9803810274],[75.8917932728,10.9803326035],[75.8917537011,10.9803238604],[75.8916980003,10.9803110015],[75.8916446723,10.9803015037],[75.8915759125,10.9802844868],[75.8914178532,10.9802471122],[75.8914147079,10.9802491583],[75.8913393054,10.9802304415],[75.89117348820167,10.98021430035746],[75.8909933935,10.9801967694],[75.8908778746,10.9801497428],[75.8908117126,10.9800641962],[75.89080726047453,10.98002620434331],[75.89078040829602,10.979797063425316],[75.8907537354,10.9795694524],[75.8907571692,10.979551594],[75.8907550281,10.9795430483],[75.8907603795,10.9795001122],[75.8907691564,10.979438778],[75.8907822451,10.9793738086],[75.8907933099,10.9792905315],[75.890805741,10.9792333822],[75.8908204667,10.9791611489],[75.89084006954688,10.979090114490521],[75.8908523224,10.9790136502],[75.89106643927812,10.978356015390391],[75.8910752404,10.9783265383],[75.8910994601,10.9782434167],[75.8911243013,10.9781553823],[75.89112433584557,10.978155281132478],[75.8911861309,10.9779267887],[75.89120018979777,10.977897510293593],[75.8912008209,10.9778959214],[75.8912159689,10.9778607172],[75.8912352823,10.9778194066],[75.8912764976,10.9777277821],[75.8913138303,10.9776585534],[75.89131491550803,10.97765858786706],[75.8913164121,10.9776586354],[75.8913346003,10.977619957],[75.891336337,10.9776205932]]]}},{"type":"Feature","properties":{"id":"ponmundam","local_body_id":"ponmundam","name":"Ponmundam","name_ml":"പൊന്മുണ്ടം","type":"grama_panchayat","lsgd_type":"Grama Panchayat","lsgi_code":"G10065","wikidata":"Q13113494","ward_count":18,"taluk":"Tirur","district":"Malappuram","source":"Derived by dissolving 2024 Delimitation Commission ward polygons (wardmap.ksmart.live). Cross-reference: opendatakerala/lsg-kerala-data (OSM/ODbL).","acquired":"2026-09-09"},"geometry":{"type":"MultiPolygon","coordinates":[[[[75.9486117141,10.9495815329],[75.948664588,10.949587207],[75.9486647069,10.9495869121],[75.9487574585,10.9495962591],[75.9487606278,10.9495947904],[75.94876061111948,10.949596007680144],[75.948760611,10.9495960164],[75.9487869516,10.9495979427],[75.9490241652,10.9495223088],[75.94922012,10.949458322],[75.9492522408,10.9494515124],[75.9493926539,10.9494315175],[75.9495703384,10.9494129006],[75.9496877488,10.949398097],[75.9498091444,10.9493906646],[75.9498083587,10.9493897573],[75.9498121839,10.9493891714],[75.9498278674,10.9493877875],[75.9498681771,10.9493841479],[75.9499390833,10.9493773057],[75.9500174846,10.949365236],[75.95007524285643,10.949357113184863],[75.9501533333,10.9493583333],[75.95027,10.9493483333],[75.9503198777,10.9493398541],[75.95036601230291,10.949327563131002],[75.9504063277,10.9493305814],[75.95046752248231,10.949308308400248],[75.9505397004,10.9492947665],[75.9509983276,10.9491629324],[75.9516143643,10.9489905079],[75.9517523335,10.9489550023],[75.9519651394,10.9489116132],[75.9522219451,10.9489057103],[75.9524333942,10.9489164172],[75.9526435966,10.9489065614],[75.95266317535723,10.948902342517442],[75.9526706585,10.9489029318],[75.95274654628027,10.948890922563741],[75.95275586450354,10.948902773434748],[75.9527584251232,10.948908688527622],[75.95276277087811,10.94891872732575],[75.9527856763,10.9489716394],[75.9528254153744,10.948998206703411],[75.9528254755,10.9489982469],[75.9529167793,10.9489721034],[75.9529661951,10.9489653841],[75.9529657849,10.9489632623],[75.9532283333,10.9489983333],[75.9532273524,10.9489937473],[75.9533029600598,10.948975492524829],[75.953305,10.948975],[75.953305,10.948971252985414],[75.9533188857,10.9489423948],[75.953340125,10.9488758998],[75.9533574227,10.9487897453],[75.9533768388038,10.948726453106373],[75.9534016667,10.9486683333],[75.95340560352629,10.948630276722447],[75.953443868,10.9486108703],[75.9535232931,10.9485747994],[75.9536144077,10.9485318801],[75.9536902513,10.9484923964],[75.953791216,10.9484405427],[75.9538816472,10.9483923087],[75.95398087,10.9483391282],[75.9540659856,10.9482923244],[75.9540911965,10.9482745438],[75.9542031518,10.9481981874],[75.9543134628,10.9481212634],[75.9543385761,10.9481027236],[75.9543625278,10.9480959752],[75.954372848,10.9480933886],[75.9543751007,10.9480922411],[75.9543782106,10.9480817153],[75.9543783032,10.9480814019],[75.9543811391,10.9480769222],[75.95440976920653,10.948069241999193],[75.9544514827,10.9480580521],[75.9545236979,10.9480607808],[75.9547970665,10.9480000158],[75.9551176829,10.947974008],[75.95535977587623,10.947986104540218],[75.9555420441,10.9479198284],[75.9555931445,10.9479124688],[75.9556564355,10.9478844679],[75.9558170264,10.9478480235],[75.95582630600884,10.947890449763129],[75.9558343914,10.9478893667],[75.9558841327,10.9478830512],[75.955910584,10.9479742231],[75.9559243526,10.9480247954],[75.955970091,10.948171719],[75.9559940182,10.9482681093],[75.9561796084,10.9483371299],[75.9562644169981,10.948334179053719],[75.95655395475033,10.948263685876407],[75.9565685595575,10.948227826529537],[75.95660512222999,10.948101116566125],[75.9566100654,10.9480740192],[75.95663143094512,10.948059526341606],[75.9567045416,10.9480099333],[75.9571741265,10.947846891],[75.95729050804287,10.947809485660164],[75.9575065643,10.9477400446],[75.95758751274187,10.947717406455096],[75.9575405034,10.9474138717],[75.95754474717347,10.947411882151371],[75.9575421777,10.9474020891],[75.9578903621,10.9472334659],[75.95801126624212,10.947268764347825],[75.95831264217723,10.947356752257372],[75.9583173208,10.9473581182],[75.95831889862741,10.947359277237256],[75.9584653315,10.9474668436],[75.9585997142,10.9475786429],[75.95872281972561,10.947636378809776],[75.9587308223479,10.947640132001817],[75.9587582835,10.9476442866],[75.95878878523118,10.947648264331798],[75.95899008,10.9476544192],[75.95903963389472,10.947680096456903],[75.95906543217855,10.94769346430953],[75.9591884586,10.9477572127],[75.959405076,10.9477612567],[75.95943186794517,10.947766423385024],[75.9596185322,10.9478024206],[75.9596716179,10.9476095684],[75.9597866434,10.9476589267],[75.95981312091355,10.947661476562743],[75.95989310136501,10.947669178916394],[75.9599066013,10.947670479],[75.9600174672,10.9476689624],[75.9601057124,10.9476442836],[75.96017817908901,10.947619415540121],[75.9601876586,10.9476161625],[75.9602006127,10.9477582469],[75.96020031479479,10.947777813631312],[75.9602033887,10.9477998098],[75.9602025966,10.9478513769],[75.9602534351189,10.94785541894842],[75.9602861806484,10.947856300598536],[75.96038229341133,10.947834083014596],[75.96038436963327,10.947833261245151],[75.96050653446493,10.947767435521842],[75.9605148964,10.9477583297],[75.9605513868,10.9477312746],[75.96056186468131,10.947721716721158],[75.96058613418158,10.947695366752225],[75.9605942367,10.9476842997],[75.9606083211,10.9476639131],[75.9606112454,10.9476593616],[75.9606115875,10.9476589626],[75.9606134181,10.9476567027],[75.960619214,10.947649538],[75.9606214104,10.9476465881],[75.9606219442,10.9476460261],[75.9606243562,10.9476439656],[75.9606261476,10.9476423779],[75.9606279287,10.9476438042],[75.96063113966923,10.947646503232658],[75.9606316728,10.9476459244],[75.9606382444,10.9476513436],[75.9606502132,10.9476588633],[75.9606718988,10.9476796276],[75.9606974295,10.947701396],[75.9607246061,10.9477105266],[75.9609963196,10.9477689944],[75.9610289186,10.9477757343],[75.961078223,10.9477795894],[75.9611839329,10.9478098138],[75.96120693216533,10.947816210955386],[75.961375,10.9478066667],[75.9613733333,10.9479383333],[75.96138343380039,10.947956939486604],[75.961405,10.9479966667],[75.961398619,10.9480071953],[75.9613977926,10.9480085589],[75.9614234929,10.9480496585],[75.9614393252,10.9481003017],[75.9614535986,10.9481668392],[75.961463114,10.9482004918],[75.961565,10.9482066667],[75.9616133333,10.94822],[75.9616355466,10.9481434876],[75.9616583333,10.948065],[75.961845,10.9481133333],[75.9621216667,10.9481616667],[75.9621108047,10.9483184644],[75.9618566667,10.9483133333],[75.9618457898,10.9483236663],[75.9618233333,10.948345],[75.9618369184,10.9484121527],[75.9618901674,10.9484231846],[75.9619731261,10.9484353308],[75.9620180838,10.9484355716],[75.9620573189,10.9484318186],[75.9620934893,10.948421859],[75.9621224248,10.9484259122],[75.9621513756,10.9484350606],[75.9621774449,10.9484392158],[75.9622133333,10.9484683333],[75.9622066667,10.948495],[75.9621983333,10.9485166667],[75.9621916667,10.94854],[75.9621833333,10.9485633333],[75.9621733333,10.948585],[75.96216,10.948615],[75.9621466667,10.9486466667],[75.962135,10.9486733333],[75.9621216667,10.9486983333],[75.9621083333,10.948725],[75.962095,10.9487483333],[75.9620833333,10.9487683333],[75.9620716667,10.9487916667],[75.96206,10.948815],[75.96205,10.9488366667],[75.9620366667,10.9488633333],[75.9620233333,10.9488866667],[75.96201,10.9489116667],[75.9620016667,10.9489366667],[75.9619966667,10.9489616667],[75.9619966667,10.9489866667],[75.962,10.949015],[75.962005,10.9490433333],[75.96201,10.9490716667],[75.9620166667,10.949095],[75.9620183333,10.9491166667],[75.9620166667,10.9491416667],[75.9620133333,10.9491666667],[75.9620116667,10.9491916667],[75.9620116667,10.949215],[75.9620116667,10.9492433333],[75.9620116667,10.9492666667],[75.962015,10.9492883333],[75.962015,10.9493116667],[75.9620166667,10.949335],[75.9620216667,10.9493833333],[75.9620216667,10.9494066667],[75.9620216667,10.9494316667],[75.9620216667,10.9494583333],[75.9620266667,10.949485],[75.9620366667,10.9495783333],[75.9620383333,10.949605],[75.962045,10.9496566667],[75.962065,10.9497383333],[75.9620766667,10.9497683333],[75.9620983333,10.9498583333],[75.96211,10.9499016667],[75.9621166667,10.949925],[75.9621216667,10.94995],[75.9621316667,10.9499766667],[75.9621383333,10.9500033333],[75.9621416667,10.950025],[75.9621466667,10.950055],[75.9621516667,10.9500866667],[75.962155,10.9501133333],[75.9621583333,10.950145],[75.9621633333,10.9501816667],[75.9621683333,10.950215],[75.962175,10.9502483333],[75.96218,10.9502816667],[75.9621834476,10.9503069491],[75.9621062571,10.9503117608],[75.961904461,10.9503436618],[75.9619095914,10.9504527966],[75.9619437942,10.9507264731],[75.9619779969,10.9510438032],[75.9620087793,10.9512284924],[75.9621221538,10.9518922777],[75.9622174716,10.952289064],[75.962429077,10.9523077803],[75.9624472863,10.9523209942],[75.962445,10.952345],[75.9624383333,10.9523783333],[75.96244,10.9524066667],[75.96244,10.9524766667],[75.9624483333,10.9525183333],[75.9624566667,10.9525566667],[75.9624766667,10.952615],[75.9625233333,10.9526866667],[75.9625281942,10.9526920677],[75.9625281942,10.9527637669],[75.9625667158,10.9529489539],[75.9626291473,10.953117187],[75.9626663406,10.9531980432],[75.9626822806,10.9532345589],[75.9627075189,10.95328542],[75.9627121137,10.9532895115],[75.9627166667,10.95331],[75.962725,10.953345],[75.9627333333,10.9533766667],[75.9627466667,10.95345],[75.9627516667,10.9534866667],[75.9627733333,10.9535483333],[75.9627833333,10.953585],[75.9627916667,10.95362],[75.9628033333,10.9536483333],[75.9628133333,10.95368],[75.9628283333,10.9537083333],[75.9628366667,10.953735],[75.9628483333,10.9537666667],[75.9628516667,10.953805],[75.9628633333,10.95384],[75.9628766667,10.95387],[75.9628933333,10.953905],[75.9629133333,10.95394],[75.96293,10.9539766667],[75.9629383333,10.9540066667],[75.9629466667,10.9540383333],[75.9629666667,10.9541033333],[75.96297,10.9541383333],[75.962975,10.9541766667],[75.9629766667,10.95421],[75.9629833333,10.95424],[75.96299,10.9542633333],[75.9629966667,10.9542816667],[75.9630016667,10.954305],[75.9630016667,10.9543283333],[75.9630083333,10.9543733333],[75.9630083333,10.95439],[75.9630183333,10.9544233333],[75.9630216667,10.95444],[75.96303,10.9545016667],[75.96303,10.9545216667],[75.9630333333,10.9545416667],[75.9630366667,10.9545583333],[75.96304,10.9545733333],[75.963045,10.95461],[75.963045,10.9546283333],[75.963045,10.9546466667],[75.9630433333,10.9546666667],[75.9630416667,10.9546883333],[75.9630416667,10.954755],[75.9630416667,10.9547783333],[75.9630416667,10.9548316667],[75.9630416667,10.9548566667],[75.9630383333,10.9548816667],[75.9630391644,10.9549115886],[75.9630368336,10.954978694],[75.9630280757,10.9550883504],[75.9630296546,10.9551481036],[75.9630340695,10.9551971475],[75.9630322951,10.9552542462],[75.9630308785,10.955312464],[75.9630406348,10.955358632],[75.9630565413,10.9554201154],[75.9630635938,10.9554695756],[75.9630687907,10.955517149],[75.9630731394,10.9555699013],[75.9630805498,10.9556204805],[75.9630913797,10.9556700056],[75.9630909156,10.9557156632],[75.9630914544,10.9557160286],[75.9631137131,10.9557549292],[75.963124181,10.9558088702],[75.9631401836,10.9558569651],[75.9631536417,10.9559003341],[75.9631555321,10.9559743753],[75.9631448338,10.9560504864],[75.9631418777,10.9561382767],[75.9631082794,10.9562567608],[75.9630965139,10.9564258908],[75.9630698742,10.9565495434],[75.9630256758,10.9567260678],[75.9629997922,10.9568175812],[75.9629757264,10.956957916],[75.9629633155,10.957044153],[75.9629515473,10.9571083199],[75.9629369787,10.9571759422],[75.9629162034,10.9572342016],[75.9629009156,10.9572956191],[75.9628688252,10.9573777693],[75.9628377939,10.9574359175],[75.9628340692,10.9574477765],[75.9629031805,10.9575126225],[75.9628137722,10.9579095418],[75.9627715372,10.9579691626],[75.9627733333,10.957975],[75.9627816667,10.9579983333],[75.9627883333,10.9580183333],[75.962795,10.9580383333],[75.9628016667,10.9580583333],[75.96281,10.9580816667],[75.9628216667,10.9581133333],[75.9628316667,10.95814],[75.96284,10.9581633333],[75.9628483333,10.958185],[75.9628683333,10.958235],[75.962885,10.958265],[75.9629033333,10.958295],[75.96293,10.9583333333],[75.9629466667,10.958355],[75.96298,10.9583966667],[75.963,10.9584216667],[75.963035,10.958465],[75.9630483333,10.9584816667],[75.963065,10.9585016667],[75.9630816667,10.95852],[75.963115,10.9585616667],[75.96313,10.9585816667],[75.9631416667,10.9585933333],[75.96316,10.9586166667],[75.9632166667,10.9587033333],[75.9632333333,10.95873],[75.9632466667,10.9587533333],[75.9632633333,10.958785],[75.9632783333,10.95882],[75.96329,10.9588433333],[75.9633,10.958865],[75.9633133333,10.95889],[75.9633474268,10.9590065101],[75.9633946611,10.9591501223],[75.9634400682,10.9592935679],[75.9634873024,10.9594371799],[75.9635315224,10.9595931815],[75.9635448748,10.9596468648],[75.9635490534,10.9597196131],[75.9635344142,10.9598159751],[75.9635286865,10.9598570644],[75.9635020605,10.9601386801],[75.963504204,10.960232953],[75.9634997561,10.9602994875],[75.9635197925,10.9604189103],[75.9635149267,10.9605785378],[75.963510089,10.9606348875],[75.9635000536,10.960662295],[75.9634675206,10.9608624492],[75.9634523385,10.9611158358],[75.9634409196,10.9612660018],[75.9634505618,10.9613386581],[75.9634655563,10.9614038041],[75.963472186,10.961585111],[75.9634751774,10.9616704149],[75.9634769818,10.9617682748],[75.9634836274,10.9618539116],[75.9634642623,10.9619028037],[75.9634440878,10.9619407671],[75.9634332566,10.9619578718],[75.963403646,10.9619786926],[75.9633800254,10.9619946318],[75.9633725092,10.962015657],[75.9633622409,10.962085279],[75.9633481875,10.9621364643],[75.9633335483,10.9622328255],[75.9633237504,10.9623169637],[75.963314199,10.9623595134],[75.9633054571,10.9624129919],[75.9632876184,10.9624457405],[75.9632491348,10.9625019362],[75.9632131567,10.9625511235],[75.9631728461,10.9626071526],[75.963130878,10.9626612215],[75.9630987222,10.9627156179],[75.9630407969,10.9628341713],[75.9630333219,10.9628885266],[75.9630190655,10.9629651958],[75.9629972166,10.9630480525],[75.9629852274,10.9631501533],[75.962981358,10.963191078],[75.9629554736,10.9632919124],[75.9629254361,10.9633625569],[75.9628900732,10.9634648207],[75.9628596546,10.9635147919],[75.9628121163,10.9635976007],[75.9627622622,10.9636801984],[75.9627295277,10.9637299584],[75.9626923276,10.9638022434],[75.9626417112,10.9638434943],[75.9625883976,10.9638638609],[75.9625441813,10.9638621247],[75.9624976492,10.9638601775],[75.9624551039,10.9638654731],[75.9624190762,10.963875949],[75.9623708243,10.9638921905],[75.9623179407,10.9639080099],[75.9622608553,10.96391886],[75.9621858879,10.963921201],[75.9620986964,10.9639293076],[75.9620007854,10.9639272647],[75.96191376,10.9639583182],[75.9617957687,10.9639957225],[75.9616758914,10.9640283686],[75.9615865989,10.9640339906],[75.9615270289,10.9640383155],[75.9614511824,10.9640519596],[75.9614017446,10.9640689376],[75.9613389152,10.9641065637],[75.9612952077,10.9641488882],[75.9612334256,10.9642031296],[75.9611639004,10.9642510797],[75.9611202957,10.9642659002],[75.9610778371,10.9642861351],[75.961042592,10.9642895966],[75.9610159928,10.9642889027],[75.9609931753,10.9642815438],[75.9609723876,10.9642743916],[75.9609593662,10.9642811229],[75.9609440666,10.9642997079],[75.9609032937,10.9643259318],[75.960805,10.9643533333],[75.9607433333,10.96438],[75.96073,10.9643816667],[75.9606983333,10.96438],[75.9606783333,10.9643833333],[75.96066,10.9644033333],[75.9606733333,10.964445],[75.960675,10.96447],[75.9606533333,10.96456],[75.9606416667,10.9645666667],[75.9606116667,10.9645733333],[75.9606033333,10.9645733333],[75.9605966667,10.9645716667],[75.96058,10.964565],[75.96056,10.96457],[75.9605216667,10.96458],[75.9604816667,10.9645883333],[75.9603964315,10.9645633512],[75.9603566837,10.9645497588],[75.9603216278,10.9645380089],[75.9602900951,10.9645259287],[75.9602849255,10.9645754147],[75.9602863952,10.964621459],[75.9602840761,10.9646636967],[75.960282359,10.9647135303],[75.9602866438,10.9647660232],[75.9602901852,10.9648389919],[75.960291053,10.9649041561],[75.9602939569,10.96495651],[75.9602933375,10.9650091941],[75.9602959226,10.9650512405],[75.9603083342,10.9651394876],[75.9603065994,10.9651961695],[75.9603099637,10.9652574749],[75.9603105305,10.9653054833],[75.9603096276,10.9653341631],[75.9603099643,10.9653910535],[75.9603187639,10.9654337257],[75.9603264481,10.9654803956],[75.9603356549,10.9655258487],[75.9603391961,10.9655721015],[75.9603451098,10.9656090029],[75.9603530063,10.9656269234],[75.9603405326,10.965770932],[75.9602855249,10.9659273578],[75.9602568114,10.9660788389],[75.9602674735,10.9661988549],[75.9602694068,10.9662413918],[75.960322911,10.9662720858],[75.9604111471,10.9662910928],[75.9604703417,10.9662919915],[75.9604538595,10.9664497653],[75.9604672032,10.9665194374],[75.9604629519,10.9665848072],[75.9604627964,10.9666450715],[75.9604563224,10.966678426],[75.9604559664,10.9667860769],[75.9604445634,10.9667866866],[75.9604201594,10.9667751528],[75.9603575901,10.9667465169],[75.9602944855,10.9667183698],[75.9602546659,10.9666979497],[75.9602098571,10.9666770132],[75.9601752686,10.9666617499],[75.960160419,10.9666559119],[75.9601384959,10.9666850263],[75.960113798,10.9667153932],[75.9601133333,10.966715],[75.9601131021,10.9667147109],[75.9601119597,10.9667164353],[75.9601017858,10.9667279534],[75.9600705197,10.9667644615],[75.9600361215,10.9668061356],[75.9600324886,10.9668134755],[75.9600312888,10.96681396],[75.9600009601,10.9668460102],[75.9599714232,10.9668806267],[75.9600227055,10.96696766],[75.9600411351,10.9669931203],[75.9600490817,10.9670403108],[75.9601549132,10.9672489494],[75.9602047784,10.9673586727],[75.9602108105,10.9674597624],[75.9602021184,10.9675104576],[75.9601355498,10.9676117139],[75.960045087,10.9677945175],[75.9600078646,10.9679888993],[75.9599421481,10.9680955094],[75.9597607116,10.9684228016],[75.9597576774,10.9684879859],[75.9597319769,10.9685511623],[75.959658216,10.9686984955],[75.9595345884,10.9689116148],[75.9595014566,10.9690614914],[75.959417878,10.969350737],[75.9593780993,10.969529056],[75.959301919,10.9696120412],[75.9591817012,10.9696710672],[75.9590735839,10.9697008141],[75.9590631876,10.9697408011],[75.9590425995,10.9698361008],[75.9590456997,10.9700100363],[75.9590430051,10.9702177684],[75.9590114407,10.9704266377],[75.9590429328,10.970680681],[75.9590492234,10.9710076599],[75.9590586682,10.9712545162],[75.9590569936,10.9712661946],[75.9590478861,10.9712876165],[75.9590362123,10.9712876409],[75.9589750343,10.9713848058],[75.958832162,10.9716116424],[75.9587971373,10.9717052253],[75.9587702262,10.9717795295],[75.9587170216,10.9718749872],[75.9587043484,10.9718982135],[75.9586726184,10.9719295749],[75.9586341942,10.9719689125],[75.9586119117,10.9719901381],[75.958588745,10.9720377766],[75.9585850739,10.9720522385],[75.9585700184,10.9720938552],[75.9585681422,10.9721154254],[75.9585683989,10.9721387703],[75.9585783333,10.972205],[75.9585783333,10.97223],[75.9585766667,10.9722766667],[75.9585533333,10.97237],[75.958545,10.972385],[75.9585383333,10.9724016667],[75.95853,10.972415],[75.9585233333,10.9724283333],[75.9585404847,10.972610534],[75.9585958584,10.9729154374],[75.958680382,10.9732186231],[75.9586066834,10.9735746819],[75.9585152702,10.9739294835],[75.9584580759,10.9742226132],[75.958453599,10.9745253101],[75.9584511862,10.9748805979],[75.9584213837,10.9752235847],[75.9583929164,10.9754671361],[75.9583836737,10.9755329197],[75.9584137124,10.9758005908],[75.9584876536,10.9760523829],[75.9585784964,10.9764174594],[75.9585788548,10.9766817164],[75.9585651094,10.9770259428],[75.9584683734,10.9772483127],[75.9583917376,10.9774554497],[75.9583676504,10.9779061856],[75.9583532038,10.9784398898],[75.9580083203,10.9783548507],[75.957830705,10.9782459212],[75.9577389006,10.9782189206],[75.9576193541,10.9781457624],[75.957149179,10.9786574353],[75.9570051921,10.979010086],[75.9566894634,10.9790709059],[75.956313081,10.9791524981],[75.9559299986,10.9792391678],[75.9554505282,10.9793338018],[75.9550067922,10.9794412439],[75.954581864,10.9795617251],[75.9542768328,10.979660625],[75.9536036393,10.9794653909],[75.9535541412,10.9789591539],[75.9535061709,10.9784412611],[75.9527786707,10.9782367958],[75.9526199783,10.9780295489],[75.9521866992,10.9779191245],[75.9522737893,10.9773744552],[75.9520946488,10.9773968457],[75.9518934885,10.9774299172],[75.9515519048,10.9774728897],[75.9514558275,10.977471255],[75.9513299433,10.9772725939],[75.9511284052,10.9770307643],[75.9510050211,10.9767967075],[75.951163616,10.9765499596],[75.9512728156,10.9762066423],[75.9511340428,10.9756602714],[75.9511291503,10.9756398004],[75.9511290107,10.975635859],[75.9511304652,10.9756322097],[75.9509543683,10.9755814937],[75.9508958158,10.9756613943],[75.9508147979,10.9757901827],[75.9507244159,10.9758655807],[75.9504251008,10.9760387912],[75.950384852,10.9761225744],[75.9502772431,10.9763423776],[75.9501911154,10.9765234636],[75.9501172609,10.9765464207],[75.9500135811,10.9766152657],[75.9499294561,10.9767228315],[75.9497285308,10.9768385564],[75.949477203,10.9769898129],[75.9492010338,10.9771184931],[75.9490758984,10.977316194],[75.9489802859,10.9775971789],[75.9488774572,10.9776693655],[75.9487824704,10.9777741139],[75.9486997923,10.97796561],[75.9486534748,10.9780768311],[75.9486135268,10.9781446581],[75.9485835106,10.9782026858],[75.9485656199,10.9782793652],[75.9485393928,10.9783676328],[75.9485168548,10.9784470421],[75.9484866557,10.9785026989],[75.9484436114,10.9785807707],[75.9484094019,10.9786348179],[75.9484057188,10.9786689513],[75.9483669562,10.9787395514],[75.9483592686,10.9787973503],[75.9483586434,10.97885224],[75.9483651225,10.9788991963],[75.9484010234,10.9790238861],[75.9484316072,10.9792005802],[75.9484465749,10.9792627305],[75.9484411704,10.9792806126],[75.9483659304,10.9792945282],[75.9482828976,10.9793173469],[75.9482775909,10.9794134676],[75.9482610995,10.979639442],[75.9480892229,10.9796647011],[75.9479100271,10.9796830126],[75.9478235716,10.979694432],[75.9476640223,10.9797146131],[75.9474898346,10.9797208987],[75.9474020151,10.9796816429],[75.9472881771,10.9796018682],[75.9472051238,10.9795364537],[75.9471442164,10.9795026922],[75.9470696417,10.9794359076],[75.9469139817,10.9793097767],[75.9466353888,10.9791703848],[75.94652249540056,10.979152705828112],[75.9465252312,10.9791418727],[75.94640013636368,10.9790912823391],[75.9464158544469,10.979008849077152],[75.94647460907987,10.978842098382344],[75.9464943518,10.9787946908],[75.9465745401,10.9785889081],[75.94659942391364,10.978530040367819],[75.9468174302,10.978069499],[75.94682760160777,10.978042851551908],[75.94683130345415,10.978042339486233],[75.9468907837746,10.978068852287699],[75.94700596245521,10.97812019211688],[75.9470850833,10.9781554595],[75.9471933663,10.978165296],[75.94719592615924,10.978158589585226],[75.94727371626584,10.97795479216019],[75.9472912565,10.9779088396],[75.94729778171558,10.977883633948347],[75.9474200631,10.9774112845],[75.94745534626584,10.977307518941855],[75.9475031655,10.9771668856],[75.94751100801639,10.977151383802283],[75.9476172497,10.9769413827],[75.9476405068666,10.976870336882667],[75.9476632615,10.9768008262],[75.94770661311809,10.976701427408415],[75.9478060646,10.9764734],[75.94782544478079,10.976426473630854],[75.94787423244547,10.976308341195013],[75.9480077118,10.9759851398],[75.94772167248752,10.975846943926232],[75.9475089468,10.9757441685],[75.9474677822958,10.975738792698184],[75.94728515422928,10.975714942725718],[75.94719793441861,10.975703552416864],[75.9470520539,10.9756554313],[75.9469978634,10.9756360997],[75.94699775541325,10.97563611122071],[75.9469686307,10.9756253973],[75.94683947977342,10.975637725220583],[75.94683887553006,10.975637525901035],[75.946783596,10.9755898262],[75.9467798557876,10.975589243452216],[75.94659946065241,10.97556113679566],[75.94654169476573,10.975552136520038],[75.9465378944,10.9755515444],[75.9465376765,10.9755520924],[75.94652217773042,10.975611616954911],[75.9465183333,10.9756233333],[75.94651156923813,10.975641370798312],[75.9464816645,10.9757028047],[75.9464342078,10.9757698668],[75.946382138,10.975836842],[75.94634429465957,10.975884960178862],[75.94633691859507,10.975894338917287],[75.9463277175,10.9759060382],[75.9462986246,10.975977976],[75.9462855005,10.976059275],[75.9462675423,10.9761518088],[75.9462498494,10.9762307566],[75.9462207122,10.9763049587],[75.9462026214,10.9764042854],[75.9461778321,10.9764921603],[75.9461537501,10.9765438058],[75.946094186,10.9766400869],[75.945979892,10.9768214143],[75.9458164095,10.9770403237],[75.9456345189,10.9772566214],[75.945554373,10.9773434544],[75.9453271476,10.9775181261],[75.9452146219,10.9776088801],[75.9451371804,10.9776753776],[75.9450522887,10.9777689166],[75.944965179,10.9778578836],[75.944902999,10.9779699712],[75.9448289327,10.9780999562],[75.9447690592,10.978212087],[75.9447163263,10.9783130264],[75.9446662536,10.9783958947],[75.94460920479462,10.978377021334191],[75.9445355774,10.9783526633],[75.94450058422426,10.978343828622723],[75.94448304640242,10.978339400873807],[75.9444766667,10.9783366667],[75.944415,10.97832],[75.944385,10.9783216667],[75.9443633333,10.9783216667],[75.944345,10.9783216667],[75.9443333333,10.9783233333],[75.94429,10.9783266667],[75.9442783333,10.9783266667],[75.9442583333,10.9783216667],[75.94425,10.97832],[75.9442416667,10.9783183333],[75.9442333333,10.9783183333],[75.944225,10.9783166667],[75.944215,10.9783133333],[75.944205,10.9783133333],[75.944195,10.9783116667],[75.9441866667,10.9783133333],[75.94418,10.97831],[75.9441683333,10.9783066667],[75.9441583333,10.978305],[75.94414,10.9783083333],[75.944135,10.9783116667],[75.9441316667,10.978315],[75.94413,10.9783166667],[75.94407,10.9783516667],[75.9440616667,10.9783566667],[75.9440566667,10.97836],[75.9440433333,10.9783633333],[75.94403782537903,10.978361956361066],[75.94403475978395,10.97835975978395],[75.9440266667,10.9783516667],[75.9440083333,10.9783383333],[75.9439933333,10.9783133333],[75.9439816667,10.97829],[75.9439716667,10.9782816667],[75.9439516667,10.9782583333],[75.94394015774127,10.978249126149581],[75.9439348213,10.9782402698],[75.9438543528,10.9781472709],[75.9437653842,10.9780676571],[75.9437095213,10.9780273813],[75.94363246613722,10.977983648062589],[75.9435927312,10.9779610962],[75.94353188,10.9779055709],[75.94335328488934,10.977761915355167],[75.9433037237,10.9777220501],[75.9432318094769,10.977692417134572],[75.9431851888,10.9776667688],[75.9431014018,10.9776287875],[75.9430338928,10.9775723339],[75.94298968615954,10.97754177885611],[75.9429894509,10.9775412597],[75.9429389802,10.9774953036],[75.9428497773,10.9774279525],[75.9427641573,10.9773744928],[75.9427526982,10.9773734059],[75.9426861869,10.9773236276],[75.9426267468,10.9772535882],[75.9425315655,10.9771221713],[75.9424463709,10.9770085488],[75.9423445162,10.9768752759],[75.9422607875,10.9767321991],[75.9421871515,10.9766126424],[75.9421599363,10.9765941527],[75.942137299,10.9765497157],[75.94206759437802,10.976498009927429],[75.942039473,10.9764092731],[75.9420308089,10.9764022893],[75.9419424474,10.9763631677],[75.9418681329,10.9763474648],[75.9417916364,10.9763211368],[75.9417916667,10.9763166667],[75.9417916667,10.976305],[75.9417883333,10.976295],[75.9417816667,10.9762766667],[75.9417783333,10.9762683333],[75.9417733333,10.97626],[75.9417683333,10.97625],[75.9417616667,10.9762283333],[75.9417566667,10.976215],[75.9417533333,10.9762033333],[75.94175,10.9761966667],[75.9417483333,10.976185],[75.941745,10.9761766667],[75.9417416667,10.9761633333],[75.9417383333,10.976155],[75.941735,10.9761466667],[75.9417316667,10.9761366667],[75.9417266667,10.976125],[75.941725,10.9761133333],[75.94172,10.9761033333],[75.9417166667,10.9760933333],[75.9417116667,10.9760833333],[75.9417033333,10.976065],[75.9416983333,10.976055],[75.941695,10.9760483333],[75.9416866667,10.9760283333],[75.9416833333,10.9760183333],[75.9416783333,10.97601],[75.94168,10.9760016667],[75.9416766667,10.9759916667],[75.941675,10.9759816667],[75.9416716667,10.9759733333],[75.9416616667,10.9759516667],[75.9416516667,10.975935],[75.94164960844687,10.975931569591832],[75.94164234170745,10.975905541678582],[75.9416330841,10.9758723829],[75.9415839078,10.9757778965],[75.94151832858927,10.975601659633828],[75.9415031009475,10.975560737033],[75.94149892791611,10.975549522473296],[75.9414982959,10.975547824],[75.9413988786,10.9753350436],[75.9413440917,10.9752268032],[75.9413217249,10.9751582762],[75.9412945616,10.9750757392],[75.9412695598,10.9750004205],[75.9411855643,10.9748301976],[75.9411071803,10.9747345844],[75.94098252832364,10.97455146224198],[75.9409816667,10.974545],[75.9409766667,10.97453],[75.9409666667,10.9745033333],[75.9409566667,10.9744916667],[75.94095474492876,10.974488463747939],[75.9409179515,10.9743336544],[75.9408607664,10.9742502468],[75.94083997994349,10.974227185490903],[75.9408173039,10.9742020278],[75.9407749888,10.9741251352],[75.9406955402,10.9740057143],[75.9406622985,10.97394155],[75.94065829870885,10.973909850104835],[75.94064827,10.9738303687],[75.9406334828,10.9737713724],[75.94060949893112,10.97370068575959],[75.940550923,10.9735280474],[75.94051227521172,10.97340439695405],[75.9405057697,10.9733835831],[75.9404601295,10.9732636088],[75.9404250661,10.9731315404],[75.9403800894,10.9729951285],[75.9403416663,10.9728965998],[75.9403323957371,10.972894167759645],[75.9403298327424,10.972884760107586],[75.9403298794,10.9728845829],[75.9403292504511,10.972882622766441],[75.9403052009,10.9727943472],[75.9402993839,10.9727531355],[75.9402880423,10.9727082442],[75.9402892322,10.972695627],[75.9402915623,10.9726890651],[75.940286309,10.9726860611],[75.9402802166,10.9726797528],[75.9402789993,10.9726727279],[75.9402673788,10.9726262573],[75.9402655649,10.9726227818],[75.9402305761,10.9724979199],[75.9401749075,10.9723536768],[75.9401123095,10.97223194],[75.9400753145,10.9721744121],[75.9400430065,10.9721152151],[75.9400002489,10.9720474051],[75.9399465621,10.971954303],[75.9398896052,10.9718657429],[75.9398732501,10.9718094421],[75.939850195,10.9717566655],[75.9398335202,10.9716892454],[75.9398174496,10.9716307997],[75.9398039395,10.9715799243],[75.9397845531,10.9715481348],[75.9397599666,10.9715030856],[75.9397427838,10.9714641388],[75.9397259957,10.9714109888],[75.9397050207,10.9713499282],[75.939696581,10.9712993103],[75.9396892059,10.9712452347],[75.939675115,10.9712004871],[75.9396717545,10.971164584],[75.9396631108,10.9711271132],[75.9396399684,10.971071189],[75.93959733,10.9709849513],[75.93958850038644,10.970964807436483],[75.93957452,10.97088889],[75.93957018,10.97080695],[75.93954368,10.97071787],[75.93952127,10.97065379],[75.93950055,10.97060899],[75.9394613,10.97054501],[75.93945230926224,10.9705272427474],[75.9394450184,10.9704899906],[75.93941128,10.9704103142],[75.93931223276861,10.970199066060106],[75.93931092,10.97018727],[75.93929139,10.97010223],[75.93927551,10.97001999],[75.93925306,10.96994716],[75.93920433,10.96986664],[75.93916472,10.9697932],[75.93913057,10.9697288],[75.93909908,10.96967285],[75.93905989,10.96961604],[75.93901637,10.96953345],[75.93897301,10.96944435],[75.93893113,10.96935653],[75.93888985,10.96927955],[75.93888357,10.96920459],[75.93886841,10.96912703],[75.93885851,10.96904824],[75.9388456,10.9689688],[75.93883304,10.96889221],[75.93881732,10.9688171],[75.93879102,10.96875825],[75.93876865,10.96870071],[75.93873836,10.96865256],[75.93870794,10.96861104],[75.93866968,10.96859149],[75.9386427295253,10.968580705979207],[75.9386064924,10.9685476554],[75.9385278581,10.9685444238],[75.9384517443,10.9685330059],[75.9383666145,10.9685434818],[75.9383128019,10.968540915],[75.938259514,10.9685171157],[75.9381660563,10.9684893834],[75.9381223265,10.9684724019],[75.9381049391,10.9684692451],[75.9380451262,10.9684514964],[75.93803361513078,10.968447421052],[75.93802085,10.96843606],[75.93801197,10.96842497],[75.93800449,10.96841674],[75.93799701,10.96840665],[75.93798461,10.96839643],[75.9379704,10.96838652],[75.93795747,10.96837444],[75.93794602,10.96836693],[75.93793019,10.968355],[75.93791272,10.96834206],[75.93789507,10.96833214],[75.93788448,10.96832326],[75.93787103,10.96831559],[75.93785106,10.96831139],[75.93783238,10.96830389],[75.93781209,10.96828801],[75.93779146,10.96826339],[75.93777174,10.96824587],[75.93775756,10.96823277],[75.93773782,10.96821816],[75.93771864,10.96820552],[75.93769779,10.96819273],[75.93767732,10.96818494],[75.93765719,10.9681721],[75.93764517,10.96815968],[75.9376199,10.96814008],[75.93759076,10.96812014],[75.9375593,10.96810057],[75.93752668,10.96808266],[75.93749435,10.96806531],[75.93746757,10.96805408],[75.9374644452388,10.968055546693424],[75.937446373,10.9680375113],[75.9373584751,10.967945341],[75.93731137339056,10.967969406400934],[75.9372750752,10.9679425493],[75.9371597776,10.9680461639],[75.93706350626009,10.968111935621229],[75.9370169794,10.9681388753],[75.93694340713178,10.96818095869259],[75.9368557658,10.9682264297],[75.93675419412408,10.96828918867486],[75.93675242716596,10.968290199376227],[75.9366090144,10.9683416961],[75.93658836949874,10.96835644094371],[75.9364588571,10.9684489403],[75.93642410909874,10.968468600974157],[75.9362868892,10.968546241],[75.9360124861,10.9686358861],[75.9356212318,10.9687763776],[75.9354303738,10.9688715736],[75.9352299775,10.968916869],[75.9349170174,10.9689759209],[75.9348992682773,10.96899830089812],[75.9348459212,10.9689949851],[75.934829322163,10.968993169475413],[75.9348355252,10.968987627],[75.9346204727,10.9689421507],[75.9344913377,10.9689217467],[75.9341279192,10.9688794146],[75.9339479162,10.9688344463],[75.9338058579,10.9687767908],[75.9336899383,10.9686968336],[75.9335727144,10.9685894141],[75.9334465795,10.9684591848],[75.93343630897002,10.968446450391502],[75.93342850357163,10.9684367724945],[75.9333525991,10.9683426587],[75.933257171,10.9682327302],[75.93320708225549,10.968213950545385],[75.9331727011,10.9682010601],[75.93307118071148,10.968179591910818],[75.9329509282,10.9681541625],[75.93281791406793,10.968126034414627],[75.93281599461784,10.968125106449794],[75.9327052739,10.9679917548],[75.9325637332,10.9678996899],[75.9324048215,10.9678867966],[75.932267931,10.96793379],[75.9320816202,10.9679496215],[75.9320528786,10.9678883135],[75.932038630034,10.967837245985287],[75.9320334822,10.9678029432],[75.9320217182,10.9677394739],[75.93202370836704,10.967604604031564],[75.932053816,10.9674673826],[75.93205612827761,10.967389259896308],[75.9320592988,10.9672821405],[75.93204511347696,10.967117502394487],[75.9320374874,10.9670289924],[75.931952815,10.9667418397],[75.93191051681791,10.966632912057563],[75.93185984202206,10.966502412689259],[75.9318359881,10.9664409833],[75.9314212964,10.96586312],[75.9313041546,10.9658521558],[75.9311091944,10.9658403487],[75.9309565545,10.9658338797],[75.9307909223,10.9658195651],[75.9306449339,10.9658439236],[75.9305181765,10.9658447336],[75.9301576531,10.9657892057],[75.9298634035,10.9657200773],[75.92976196582447,10.965680612049896],[75.92970695995963,10.965651151446968],[75.92970448769844,10.965629092980258],[75.9296960163,10.9655535079],[75.92968519156352,10.965413754168534],[75.9296813379,10.9653640011],[75.9296376061,10.9651486089],[75.9296374003,10.9651475953],[75.92962720183,10.965147660460316],[75.9296066898,10.9649983445],[75.9295913935,10.9648778879],[75.92962409371489,10.964788012519474],[75.92962522987119,10.96477658303111],[75.9296300377,10.9645906065],[75.9295604459,10.9644587382],[75.92956018186186,10.964453059720132],[75.92955951310407,10.964438677222773],[75.9295571535,10.9643879309],[75.9295670171,10.964286026],[75.9295670931,10.9640578694],[75.9295671191,10.9639799793],[75.92957624236385,10.963914126355974],[75.92953849981257,10.96388690546294],[75.9294353919,10.9638125414],[75.9292436167,10.9637407055],[75.9290285543,10.9636689021],[75.9289370643,10.9635634831],[75.9288919961,10.9633665799],[75.9288933697,10.9630781632],[75.9288842501,10.9629656237],[75.9288318531,10.9626420798],[75.9288796354,10.9622392864],[75.9289494438,10.9621960833],[75.9288941708,10.9620961163],[75.9289789554,10.9618106259],[75.92839999246604,10.961648870037374],[75.9291227718,10.9613170262],[75.92997071260592,10.960589667193274],[75.9299860765,10.9605809338],[75.9301345152,10.9605441611],[75.93015879361158,10.960536302533406],[75.930172225,10.960535641],[75.93018559424708,10.96052762755984],[75.9302215265,10.96050609],[75.9302783449,10.9604028407],[75.9302796522,10.9603570524],[75.93030044142881,10.960287164496615],[75.9303404465,10.960152678],[75.9303722720807,10.960068655210858],[75.9304010076,10.9599927905],[75.9304182076,10.9599625396],[75.9306379082,10.9593533065],[75.9307181836,10.9590632033],[75.9307621882,10.9588883413],[75.9307733925,10.9587712536],[75.9307810793,10.9585742362],[75.9307763582,10.9584593577],[75.930787742,10.9582967346],[75.9307933048,10.9581964942],[75.93079134848664,10.958189291044219],[75.9307676242,10.9581019381],[75.93076172017669,10.958090297953397],[75.9307363937,10.958005678],[75.9306299301,10.9577888363],[75.9306216647228,10.957772749167695],[75.9306140281,10.9577531451],[75.9305992476,10.9577250218],[75.93057884755984,10.957689412938718],[75.93054217641297,10.957618038870896],[75.9305250783,10.9575807714],[75.93051203442886,10.957557275481195],[75.9304634814,10.9574395522],[75.93044758972736,10.957387753320951],[75.9304263352,10.9572726662],[75.9304214677,10.9571964369],[75.93041827234964,10.957079549584464],[75.9304287268,10.9569735109],[75.9304083335,10.956772846],[75.9303833791,10.9565372249],[75.9303877037,10.9563817714],[75.93038729535245,10.956378080011572],[75.93039041976351,10.956351649391161],[75.93040032200726,10.95633803888162],[75.9304263607,10.9563218496],[75.93048688031845,10.956262219685446],[75.9308366094,10.955917632],[75.9308844095,10.9558930092],[75.9309057756,10.9558724201],[75.93093479123768,10.955851087291526],[75.9309357319,10.9558503957],[75.930952721,10.9558254844],[75.9309609743,10.9557910794],[75.9310000424,10.9557392152],[75.93099599536087,10.955692374430713],[75.9309982859,10.9556937147],[75.93100375987102,10.955677453208613],[75.9311499829,10.9556102007],[75.9312970163,10.9555776047],[75.93131904617447,10.955553092608408],[75.9313313908,10.9555502125],[75.93136196814423,10.955493308639134],[75.9314382217,10.9554687481],[75.93148968085667,10.955442585287237],[75.9317049194,10.9553596122],[75.9322569717,10.9551331505],[75.9325350448,10.9549437369],[75.9325471483,10.9550456154],[75.9325667771,10.9552662925],[75.9330846677,10.9552613159],[75.9332944014,10.9552498967],[75.9334349284,10.9552385429],[75.93344254668939,10.955235167060968],[75.9334394017,10.9552097565],[75.9334389862,10.9552063996],[75.9334259444,10.9552071678],[75.9334262753,10.9552061948],[75.9334343628,10.9552050588],[75.9334390405,10.9552047083],[75.9334438647,10.9552059446],[75.9334477324,10.9552086686],[75.9334540141,10.9552090081],[75.9334817195,10.9552083179],[75.93350540358271,10.95520731372759],[75.9336781083,10.9551307843],[75.9339515427,10.9550100847],[75.9341360722,10.9548906532],[75.9346599277,10.9545013706],[75.9348346311,10.9544051278],[75.93501197789078,10.95437449377699],[75.93502331,10.9543713135],[75.9351649247,10.9543457914],[75.9353582386,10.9542787169],[75.93554003172359,10.954243770498122],[75.9355487025,10.9542421037],[75.9355932372,10.9541634017],[75.935654347,10.9540562654],[75.93566602810421,10.954047664184406],[75.9356892668,10.9540305527],[75.9358638662,10.9539834127],[75.9360559254,10.9539148455],[75.93614941507248,10.953847355568781],[75.9362043349,10.9538077091],[75.93628521606747,10.95374418299822],[75.9362916345,10.9537391418],[75.9368381735,10.9537525563],[75.93692939056646,10.95373848331601],[75.9369425336,10.9535942279],[75.93693529808937,10.953510396252614],[75.9368968595,10.9533434768],[75.9368107867,10.9530630746],[75.9367403635,10.9527961161],[75.9367755751,10.9525810127],[75.9368225239,10.9523102126],[75.9368342611,10.9519952392],[75.93686583457539,10.95184713557303],[75.9368694727,10.951815579098751],[75.9368694727,10.9516533774],[75.9368714108,10.951643015],[75.9369211036,10.9516444386],[75.9370381688,10.9514079013],[75.9371801495,10.9511114015],[75.9375297953,10.9507522922],[75.9375247394,10.9505800144],[75.9374780034,10.9504164445],[75.93745532007243,10.950380118027894],[75.9374045912,10.9502988777],[75.93737862133912,10.95017500627495],[75.9373741757,10.9501538014],[75.9374648507,10.9500248665],[75.93749860931482,10.949982369033378],[75.93751710692871,10.949939197633489],[75.9375204878606,10.949928837295076],[75.9375224737,10.949922752],[75.9375157856,10.9498401056],[75.9374917509,10.9497715126],[75.9374903042,10.949747701],[75.9374692603,10.9496616341],[75.9374418974,10.9495565551],[75.9374090499,10.9494440761],[75.9373990784,10.949415592],[75.9373491395,10.9492858195],[75.93734599359847,10.949278485750018],[75.9373435036529,10.949272681169653],[75.9373429138,10.9492713061],[75.9373434110096,10.949271246533103],[75.9385602585,10.9491254653],[75.9386282484,10.9492707536],[75.9386720444834,10.94929615755421],[75.9388037926,10.9492959799],[75.9388769782,10.9492960758],[75.9389403839,10.9492958301],[75.93898136507795,10.949295288745093],[75.9390514073,10.9492900403],[75.9390760164893,10.949293905720397],[75.9391200019,10.9492931838],[75.9391936435,10.9492919113],[75.9392708287,10.9492911609],[75.9392822673592,10.949291700276458],[75.9393708895,10.9492886838],[75.9397500941,10.9493227537],[75.9400450152137,10.9493354078326],[75.9400999598,10.9493339105],[75.94015867188635,10.94933271502937],[75.94022318504109,10.949325435694684],[75.9402781414,10.9493192347],[75.9403774552,10.9492872548],[75.9403974284,10.9492941085],[75.9404207467,10.9493091475],[75.94058042567994,10.94924370533128],[75.9406016667,10.949235],[75.9406609460373,10.949243468498533],[75.94075207762877,10.949243230617808],[75.9407583333,10.9492416667],[75.94076924632549,10.949243074817334],[75.9408240335335,10.949242318928496],[75.940845,10.9492333333],[75.9408541877385,10.949241887407256],[75.9409614765,10.9492386837],[75.9410484126,10.9492348427],[75.9410952531,10.9492330076],[75.9411895826,10.9492303231],[75.9411912608,10.9492300294],[75.9411916138,10.9492302024],[75.94119785055416,10.94922985386757],[75.941345,10.9492066667],[75.94161059700474,10.949183504128298],[75.9416832416,10.9491676725],[75.94168325302061,10.949167686272126],[75.9416864123,10.9491661044],[75.9416901359,10.9491680433],[75.941701436,10.9491739587],[75.9417082382,10.9491775764],[75.9417158849,10.9491813245],[75.9417226869,10.949184724],[75.9417297557,10.9491882543],[75.9417362467,10.9491917412],[75.9417429154,10.9491950972],[75.9417505622,10.9491990198],[75.9417590537,10.949203291],[75.9418094717,10.949230848],[75.9418387615,10.9492456054],[75.9418739854,10.9492511181],[75.9420247164,10.949206735],[75.94203213214556,10.949202313018386],[75.94218055063203,10.949174300001143],[75.94220660397062,10.949176978337412],[75.9423849481,10.9491988724],[75.9425077332,10.9492036275],[75.9426283816,10.9491921954],[75.9427421837,10.9491979867],[75.9428581326511,10.949174985297375],[75.9429054515,10.9491791994],[75.9430208149,10.949183617],[75.9431113482,10.9491900419],[75.9432114309,10.9491928614],[75.9433482903,10.9491940035],[75.9434330791,10.949196914],[75.9434571631,10.9492063991],[75.9435366667,10.9492016667],[75.94362,10.949205],[75.9436583333,10.94921],[75.9436983333,10.94921],[75.9437833333,10.94921],[75.9439466667,10.9492116667],[75.943995,10.94921],[75.94404,10.9492083333],[75.9440833333,10.949205],[75.9441683333,10.9491933333],[75.9442566667,10.9491816667],[75.9442983333,10.949175],[75.9443416667,10.94917],[75.9443816667,10.949165],[75.9444316667,10.9491483333],[75.9444483333,10.9491316667],[75.9444583333,10.9491183333],[75.9444716667,10.9491033333],[75.9444833333,10.9490883333],[75.944565,10.9490866667],[75.9446,10.9490933333],[75.9447316667,10.9491],[75.9448866667,10.9491166667],[75.9449316667,10.9491216667],[75.94511,10.949155],[75.945195,10.9491766667],[75.9453066667,10.9491883333],[75.9453833333,10.9491983333],[75.9454266667,10.9492083333],[75.945555,10.9492483333],[75.9455916667,10.94926],[75.94563,10.94927],[75.94567,10.9492783333],[75.9457483333,10.9492866667],[75.9457866667,10.9492816667],[75.945825,10.94928],[75.94587,10.94928],[75.9459116667,10.9492816667],[75.945955,10.949285],[75.94604,10.9492933333],[75.9461733333,10.949305],[75.9462066667,10.9493083333],[75.9462716667,10.9493166667],[75.9463333333,10.9493333333],[75.94636,10.94934],[75.9464333333,10.9493566667],[75.9464983333,10.9493783333],[75.946535,10.9493866667],[75.9465716667,10.9493933333],[75.9466466667,10.94941],[75.94668,10.9494183333],[75.9467083333,10.9494266667],[75.946875,10.9494533333],[75.9469116667,10.9494566667],[75.9469516667,10.949455],[75.94702,10.9494683333],[75.9470483333,10.94947],[75.947075,10.9494733333],[75.9470983333,10.9494766667],[75.9471783333,10.9494816667],[75.947215,10.949485],[75.9473033333,10.94949],[75.947435,10.9495066667],[75.9474833333,10.9495133333],[75.94751,10.9495183333],[75.94757,10.9495283333],[75.9478740993,10.9495055414],[75.94794878985884,10.949493431093646],[75.94802186159744,10.9494863146604],[75.94811504994641,10.94949089675187],[75.9481501022,10.9494943176],[75.9482481915,10.9495050277],[75.9483592623,10.9495294301],[75.9484679776,10.9495626689],[75.9485019689,10.9495730652],[75.948528895,10.9495743965],[75.9486117141,10.9495815329]]],[[[75.9486117141,10.9495815329],[75.9486119886372,10.94956867811478],[75.94861217995926,10.949568670881687],[75.9486117141,10.9495815329]]]]}},{"type":"Feature","properties":{"id":"tanalur","local_body_id":"tanalur","name":"Thanaloor","name_ml":"താനാളൂർ","type":"grama_panchayat","lsgd_type":"Grama Panchayat","lsgi_code":"G10069","wikidata":"Q13112439","ward_count":24,"taluk":"Tirur","district":"Malappuram","source":"Derived by dissolving 2024 Delimitation Commission ward polygons (wardmap.ksmart.live). Cross-reference: opendatakerala/lsg-kerala-data (OSM/ODbL).","acquired":"2026-09-09"},"geometry":{"type":"Polygon","coordinates":[[[75.9373434110096,10.949271246533103],[75.9373429138,10.9492713061],[75.9373435036529,10.949272681169653],[75.9373439757,10.9492799911],[75.9373448466,10.9492786272],[75.93734599359847,10.949278485750018],[75.9373491395,10.9492858195],[75.9373990784,10.949415592],[75.9374090499,10.9494440761],[75.9374418974,10.9495565551],[75.9374692603,10.9496616341],[75.9374903042,10.949747701],[75.9374917509,10.9497715126],[75.9375157856,10.9498401056],[75.9375224737,10.949922752],[75.9375204878606,10.949928837295076],[75.93751710692871,10.949939197633489],[75.93749860931482,10.949982369033378],[75.9374648507,10.9500248665],[75.9373741757,10.9501538014],[75.93737862133912,10.95017500627495],[75.9374045912,10.9502988777],[75.93745532007243,10.950380118027894],[75.9374780034,10.9504164445],[75.9375247394,10.9505800144],[75.9375297953,10.9507522922],[75.9371801495,10.9511114015],[75.9370381688,10.9514079013],[75.9369211036,10.9516444386],[75.9368714108,10.951643015],[75.9368694727,10.9516533774],[75.9368694727,10.951815579098751],[75.93686583457539,10.95184713557303],[75.9368342611,10.9519952392],[75.9368225239,10.9523102126],[75.9367755751,10.9525810127],[75.9367403635,10.9527961161],[75.9368107867,10.9530630746],[75.9368968595,10.9533434768],[75.93693529808937,10.953510396252614],[75.9369425336,10.9535942279],[75.93692939056646,10.95373848331601],[75.9368381735,10.9537525563],[75.9362916345,10.9537391418],[75.93628521606747,10.95374418299822],[75.9362043349,10.9538077091],[75.93614941507248,10.953847355568781],[75.9360559254,10.9539148455],[75.9358638662,10.9539834127],[75.9356892668,10.9540305527],[75.93566602810421,10.954047664184406],[75.935654347,10.9540562654],[75.9355932372,10.9541634017],[75.9355487025,10.9542421037],[75.93554003172359,10.954243770498122],[75.9353582386,10.9542787169],[75.9351649247,10.9543457914],[75.93502331,10.9543713135],[75.93501197789078,10.95437449377699],[75.9348346311,10.9544051278],[75.9346599277,10.9545013706],[75.9341360722,10.9548906532],[75.9339515427,10.9550100847],[75.9336781083,10.9551307843],[75.93350540358271,10.95520731372759],[75.9334817195,10.9552083179],[75.9334540141,10.9552090081],[75.9334477324,10.9552086686],[75.9334438647,10.9552059446],[75.9334390405,10.9552047083],[75.9334343628,10.9552050588],[75.9334262753,10.9552061948],[75.9334259444,10.9552071678],[75.9334389862,10.9552063996],[75.9334394017,10.9552097565],[75.93344254668939,10.955235167060968],[75.9334349284,10.9552385429],[75.9332944014,10.9552498967],[75.9330846677,10.9552613159],[75.9325667771,10.9552662925],[75.9325471483,10.9550456154],[75.9325350448,10.9549437369],[75.9322569717,10.9551331505],[75.9317049194,10.9553596122],[75.93148968085667,10.955442585287237],[75.9314382217,10.9554687481],[75.93136196814423,10.955493308639134],[75.9313313908,10.9555502125],[75.93131904617447,10.955553092608408],[75.9312970163,10.9555776047],[75.9311499829,10.9556102007],[75.93100375987102,10.955677453208613],[75.9309982859,10.9556937147],[75.93099599536087,10.955692374430713],[75.9310000424,10.9557392152],[75.9309609743,10.9557910794],[75.930952721,10.9558254844],[75.9309357319,10.9558503957],[75.93093479123768,10.955851087291526],[75.9309057756,10.9558724201],[75.9308844095,10.9558930092],[75.9308366094,10.955917632],[75.93048688031845,10.956262219685446],[75.9304263607,10.9563218496],[75.93040032200726,10.95633803888162],[75.93039041976351,10.956351649391161],[75.93038729535245,10.956378080011572],[75.9303877037,10.9563817714],[75.9303833791,10.9565372249],[75.9304083335,10.956772846],[75.9304287268,10.9569735109],[75.93041827234964,10.957079549584464],[75.9304214677,10.9571964369],[75.9304263352,10.9572726662],[75.93044758972736,10.957387753320951],[75.9304634814,10.9574395522],[75.93051203442886,10.957557275481195],[75.9305250783,10.9575807714],[75.93054217641297,10.957618038870896],[75.93057884755984,10.957689412938718],[75.9305992476,10.9577250218],[75.9306140281,10.9577531451],[75.9306216647228,10.957772749167695],[75.9306299301,10.9577888363],[75.9307363937,10.958005678],[75.93076172017669,10.958090297953397],[75.9307676242,10.9581019381],[75.93079134848664,10.958189291044219],[75.9307933048,10.9581964942],[75.930787742,10.9582967346],[75.9307763582,10.9584593577],[75.9307810793,10.9585742362],[75.9307733925,10.9587712536],[75.9307621882,10.9588883413],[75.9307181836,10.9590632033],[75.9306379082,10.9593533065],[75.9304182076,10.9599625396],[75.9304010076,10.9599927905],[75.9303722720807,10.960068655210858],[75.9303404465,10.960152678],[75.93030044142881,10.960287164496615],[75.9302796522,10.9603570524],[75.9302783449,10.9604028407],[75.9302215265,10.96050609],[75.93018559424708,10.96052762755984],[75.930172225,10.960535641],[75.93015879361158,10.960536302533406],[75.9301345152,10.9605441611],[75.9299860765,10.9605809338],[75.92997071260592,10.960589667193274],[75.9291227718,10.9613170262],[75.92839999246604,10.961648870037374],[75.928380806525,10.961657678723512],[75.9283610053,10.9616667699],[75.9282047751,10.9617904417],[75.92813335926223,10.961823423676595],[75.92807269462891,10.961851440424406],[75.9280374683,10.961867709],[75.927908637,10.9618497102],[75.9277285217,10.9618092213],[75.9276511658921,10.96177015244956],[75.9276408198,10.9617681573],[75.9271394585,10.9616327313],[75.92712895709373,10.961626043192332],[75.9270669324,10.9616155015],[75.9270139356,10.9615761004],[75.9268397171,10.9614750626],[75.92670463830225,10.961355804169923],[75.92668568306023,10.961339068957269],[75.9266677219,10.9613232114],[75.9267349813,10.9609831396],[75.9257728241,10.9607464134],[75.925242339,10.9605673582],[75.92521938560884,10.960572890125599],[75.9248466524,10.9606627214],[75.9235756293714,10.960736380040807],[75.9234319152,10.9607447086],[75.92308281783043,10.960598455186716],[75.92297939801914,10.960615579540248],[75.92282042373176,10.960645994923004],[75.9227524272,10.9606590042],[75.922750997,10.96066039],[75.92252497019959,10.960686002936976],[75.92159569790986,10.960830340429847],[75.9213573605,10.9611817624],[75.9209991792,10.9611463528],[75.9209432668,10.9612818661],[75.92094243112012,10.961281687736106],[75.9209414711,10.9612864995],[75.9204378743029,10.961176022031475],[75.920386949,10.9611648502],[75.9203295813202,10.961169844113117],[75.92026663535553,10.961170673229896],[75.9202157052,10.9611612752],[75.9201508695,10.9611553089],[75.9200787658,10.9611372044],[75.9200153959,10.9611247058],[75.9199393261,10.9610849331],[75.9198454195,10.9610716904],[75.9197681324,10.9610596953],[75.9197011416,10.9610410414],[75.9196445007,10.96102719],[75.9195528906,10.9610249575],[75.919457361,10.9610487515],[75.9194030701,10.9610573716],[75.9193555082,10.961064639],[75.9192415218,10.9610783771],[75.9191625582,10.9610919574],[75.9189818487,10.9611443477],[75.9189049854,10.961147241],[75.9189047416,10.9611529597],[75.91857544172807,10.961175619063143],[75.91849564546577,10.961181109901856],[75.9184449688,10.961184597],[75.918485713,10.9618127342],[75.91850138307478,10.96205431199002],[75.9180084239,10.9622662003],[75.91796413141162,10.962281765194515],[75.91714747708109,10.962530354691506],[75.9170243888,10.962275522],[75.9169108796,10.9621244002],[75.916863932,10.9620236921],[75.91685339098638,10.962028691628282],[75.9168515391,10.9620251909],[75.9167002532,10.9620724059],[75.91657477847417,10.961909848147917],[75.9164223385099,10.961712355802296],[75.9164209746,10.9617105888],[75.91630240534089,10.961798420809917],[75.91629621424126,10.961788244513876],[75.91615041852552,10.961475878324093],[75.9161455435,10.961460039],[75.91614047133824,10.961433728094034],[75.9161400432,10.9613153604],[75.91611297579472,10.961291100020551],[75.9158470651,10.9610527656],[75.915846975139,10.9610521361373],[75.91583934261575,10.960998730896769],[75.9158373637,10.9609848843],[75.91577772790308,10.960999107262795],[75.91571505869763,10.961014053684636],[75.91569016717351,10.960951654768005],[75.9156889194,10.9609471495],[75.91568820860103,10.960946744952086],[75.91563673761544,10.960917450481007],[75.9155870148,10.9609121947],[75.9154372332533,10.960953420128572],[75.91532561054274,10.96106820514974],[75.9153343988,10.9610810373],[75.91531898503871,10.961091449967475],[75.9151990552,10.9611724678],[75.9150995385,10.9612183062],[75.9150266231,10.9612392707],[75.9148558972,10.9613039025],[75.91470364483143,10.961359793504073],[75.914652631,10.9613785204],[75.91450552069675,10.96142040085444],[75.9144324587,10.961455153],[75.9143556204,10.9615049893],[75.9142122629,10.9615836146],[75.9141137327,10.9616495229],[75.91407420723112,10.961670768420467],[75.91402764452187,10.961700721941638],[75.9139948086,10.9617218451],[75.9138971233,10.9617967762],[75.91389665253384,10.961796912300874],[75.91384742921481,10.961811143010827],[75.913764751,10.9618350457],[75.9136639082,10.9618556371],[75.9135753231,10.9618785861],[75.9134201415,10.9619099694],[75.91337938671974,10.961912200055533],[75.9132026608,10.9619218729],[75.91318376061353,10.961866929235658],[75.9131833281,10.9618656719],[75.91318738159488,10.961766022575173],[75.91318581137544,10.96175378555353],[75.9131733502,10.961698807],[75.913045469,10.9615742439],[75.912880199,10.9609226594],[75.9128856716,10.9609176625],[75.91267113295595,10.960920155673238],[75.9124450846,10.9609487069],[75.9122751884,10.9609701656],[75.9122378044,10.9611733548],[75.9122273141,10.9611724435],[75.9122117701,10.9612930381],[75.9122280704,10.9616615424],[75.9121986713047,10.961668134135511],[75.9121987335,10.9616688338],[75.9120506856,10.9617088532],[75.911892543,10.9617175368],[75.911883711423,10.961715633145467],[75.9118762264,10.9617166642],[75.91177016799828,10.96169453958828],[75.9116946043,10.9617039316],[75.91158425685873,10.961672607401352],[75.9114774365,10.9616628095],[75.9111635412,10.9616100591],[75.9107977743,10.9616038561],[75.9107275785,10.9616012517],[75.9106481958,10.9616027146],[75.910503794484,10.9616105176338],[75.9103443301,10.9616371789],[75.910176666,10.9616174664],[75.91013913299247,10.9616064436722],[75.9100522272,10.9615809211],[75.9098387554,10.9615526012],[75.909650249,10.9615051143],[75.90950408659563,10.961479218278564],[75.9094968881,10.9614779429],[75.9093932915,10.9614691719],[75.9092851065,10.9614395199],[75.90925796443017,10.961425351896434],[75.9092022029,10.9613962447],[75.9092226356,10.9613372851],[75.9093557656,10.9611286552],[75.9094081472,10.9609344694],[75.9094212601,10.9607669096],[75.909401848,10.9607045763],[75.90937421685727,10.960643711114226],[75.9093668693,10.9606275261],[75.9093803361,10.960565612],[75.9093998886188,10.960515547390742],[75.909297784367,10.960490201358436],[75.9092392927,10.9604887554],[75.9091529123,10.9604727912],[75.90914229246832,10.960460473272684],[75.9091121017,10.9604564941],[75.9090723735,10.9604282236],[75.9090576038,10.9604125148],[75.909052044,10.9604055146],[75.9090488157,10.9603943282],[75.9090455666,10.960371612],[75.9090524372147,10.960358190628863],[75.9089629955,10.9603982606],[75.90895206962846,10.960396742621139],[75.9089375159,10.9604028658],[75.9084963347,10.9603600232],[75.9084717778,10.9603831306],[75.90846854757982,10.960390664383704],[75.9084342838,10.9604982672],[75.90841701836497,10.960510845032971],[75.9084007743,10.9605226788],[75.90836317388596,10.96056587603357],[75.9083473769,10.9605840244],[75.90832415715752,10.960583413524619],[75.90829712191707,10.960582702269411],[75.9082588426,10.9605816952],[75.908156148,10.960590192],[75.9080443706,10.9605639854],[75.9077335814,10.9605480859],[75.9075685122,10.960546929],[75.9074533849,10.9605389767],[75.90744674523538,10.960539946662921],[75.9074462923,10.9605406555],[75.9074173972,10.9605955295],[75.907379626,10.9606904207],[75.9072353854,10.9610631264],[75.9072349512,10.9610655884],[75.9070046592,10.961062674],[75.9069931632,10.9611113808],[75.9068543766,10.9610950525],[75.9067142058,10.9610785612],[75.9066943184,10.9611669077],[75.9066781516,10.9612387256],[75.90667566164485,10.961238346028715],[75.9066754338,10.9612393661],[75.90656027926798,10.9612207570223],[75.9065561162,10.9612201224],[75.90649477127477,10.961210770931116],[75.90646695683012,10.961331555274887],[75.90642891129059,10.961496768191427],[75.9064257401,10.9615105391],[75.9062658596,10.9615066225],[75.90614572921514,10.961496470719732],[75.9061478538,10.9618088951],[75.90609992453872,10.961812356747009],[75.9059478742,10.9618247449],[75.9059165517,10.961948533],[75.90580369400217,10.962185791085233],[75.905785563,10.9622527062],[75.9058085156,10.9623414459],[75.905817365,10.9624883729],[75.9058179353,10.9624900073],[75.90581157988856,10.962534899727956],[75.9058125992,10.9625525471],[75.90580645512944,10.96257109925357],[75.9058016614,10.9626049605],[75.90579505330123,10.9626055273197],[75.9057930772,10.9626114942],[75.9057135433,10.9626488062],[75.9056841014,10.9626796745],[75.9056103544,10.9627019988],[75.9055052196,10.9626768006],[75.9053553379,10.962670332],[75.9052523658,10.9626490533],[75.90501311449839,10.96255799999032],[75.9049210583,10.962574096],[75.90483929214582,10.96254449449156],[75.9048384803,10.9625447218],[75.90479093054958,10.962526986315796],[75.9041837182,10.9623071594],[75.9040621421728,10.962283149730096],[75.9039664558,10.9622683404],[75.90396637243637,10.962223467392684],[75.9039659383,10.9619897803],[75.9037328283,10.9618148099],[75.9035562355,10.9618123874],[75.9028308752,10.9621353713],[75.9028317713,10.9621188471],[75.9028219891,10.9621167445],[75.9028206964,10.9621403],[75.9024705989,10.9621319147],[75.9024384237,10.9622455604],[75.9023450994,10.9622737116],[75.9022615934,10.9622913586],[75.902118767,10.962293965],[75.901986033,10.9622489546],[75.9019404203,10.9622580184],[75.9019052554,10.9622782844],[75.9018019956,10.9622491072],[75.9017057122,10.9622421448],[75.90169641350506,10.962215105810083],[75.9016361457,10.9620398575],[75.9016338615,10.9618359698],[75.90162946589737,10.961749167274391],[75.90162520113172,10.96172833533471],[75.90156008877393,10.961711722895787],[75.9013657344,10.9616621363],[75.9012633073,10.9616680562],[75.9011558386,10.9616519414],[75.9010245439,10.9616367452],[75.9009642782,10.961550092],[75.9008343429,10.9615042232],[75.90067989728188,10.961480256836527],[75.900637468,10.9614736728],[75.90069631940585,10.960904353801848],[75.90070037052591,10.96076228616486],[75.90012924834447,10.960759914915426],[75.9000202828,10.9607594625],[75.89989763104973,10.9607473385048],[75.8998241249,10.9607400725],[75.89973775841159,10.960715567247313],[75.89972127121828,10.96071088924262],[75.8997027852,10.9607056441],[75.89955913807935,10.960678149368867],[75.8995313803,10.9606728364],[75.8994088249,10.9607166933],[75.8992335383,10.9607924931],[75.8990335306,10.960802475],[75.8988881528,10.9608129554],[75.89877883869242,10.960836893188457],[75.8987215133,10.9608494464],[75.8986942137,10.9606123292],[75.8983385675,10.9606436372],[75.8980362037,10.9606240495],[75.89761111405333,10.960519990740288],[75.8974509815,10.960503043],[75.8974299015,10.9605007292],[75.8972728774,10.9604834939],[75.8972453859,10.9604962176],[75.8972442908,10.9604967244],[75.897179997,10.9605145834],[75.8969460333,10.9605143978],[75.8969059424,10.9605023588],[75.8968893756,10.9605023242],[75.89686165957616,10.960502266264225],[75.8968473855466,10.96052630680929],[75.8966246834501,10.960901385182371],[75.8965707109,10.9609922866],[75.89649620789898,10.961115537991509],[75.8964679088,10.9611623536],[75.896422303,10.9614688315],[75.896379553,10.9617313421],[75.8962769575,10.9620295896],[75.89626195579251,10.962063177873762],[75.89622784526692,10.962139550091516],[75.8962297795,10.9621444188],[75.89618992467183,10.96260792654238],[75.89618992731391,10.962670248687546],[75.8961899386,10.9629364685],[75.8961954266,10.9629916674],[75.896185289,10.9630897542],[75.896187353,10.9630975897],[75.896152525,10.9633236807],[75.896125777,10.9634817406],[75.8960160289,10.9638410775],[75.8960174381,10.9638411751],[75.8959969761,10.9639364941],[75.896112227,10.9646284111],[75.8960135169,10.964825742],[75.89598020207715,10.964858829285124],[75.8959256171,10.9648949056],[75.8958324334,10.9649634576],[75.895706743,10.9649921824],[75.89569127060815,10.96499900803379],[75.8955665834,10.9650540137],[75.8954304398,10.9651142699],[75.8953207936,10.9651824209],[75.8953151006,10.9652103054],[75.8953115351,10.9652080245],[75.8952945042,10.9651965192],[75.89529029563991,10.965218278772266],[75.8952778566,10.9652825925],[75.89526616320467,10.96531742368461],[75.8952148535,10.9654702602],[75.8951172059,10.9655939992],[75.89503120737838,10.965703931563406],[75.895016404,10.9657228548],[75.8950150466661,10.965741459964477],[75.89500525423918,10.965875686121509],[75.8950035969,10.9658984035],[75.89500571809654,10.965915559287412],[75.89503489757604,10.966151556724519],[75.89505612334217,10.966323226216064],[75.894928337,10.9666530777],[75.8947845335,10.9670237113],[75.8946393478,10.9672865973],[75.89462231226726,10.967367655678759],[75.8946050525,10.9674004607],[75.89455692452186,10.967678783291447],[75.8945408248,10.9677553889],[75.8944720928,10.9681523411],[75.89437362684615,10.968383917717041],[75.8942655244,10.9685163488],[75.8941470251,10.9686152904],[75.894021523,10.9687126763],[75.8940130972,10.9687400402],[75.89400565713109,10.96909896502294],[75.8939956644,10.9691333534],[75.89398492934885,10.969161748951242],[75.89377771786461,10.9695280856039],[75.893652483,10.9696567021],[75.8936508284,10.9696785557],[75.89350002378191,10.969684341900297],[75.8934108437,10.9696710017],[75.8933023626,10.9696309843],[75.8931995971,10.9695730838],[75.8930438753,10.9695848246],[75.8930049976,10.9696357485],[75.8929633708,10.9696986007],[75.89294415387991,10.96975120316072],[75.8929374196,10.9697696369],[75.892911269,10.9698484655],[75.8928847747,10.9699287852],[75.8928415738,10.9700053939],[75.892795152,10.9700830682],[75.892785029,10.970078322],[75.8927658721,10.9701150431],[75.892804148,10.9701313862],[75.8928930899,10.9701803619],[75.8929782931,10.9702346158],[75.89304403286665,10.970298368521798],[75.89276981,10.9701639993],[75.8923911538,10.9700140797],[75.891906309,10.969813034],[75.8919079459,10.9698082579],[75.8918551768,10.9697880913],[75.8914433234,10.9696611225],[75.8912106782,10.9695962363],[75.8910949044,10.969545227],[75.8909122754,10.9694154228],[75.8906018652,10.969178031],[75.8902069976,10.9689744113],[75.8899691259,10.9688616895],[75.8896762319,10.9688058255],[75.8892566075,10.9687253507],[75.8891976907,10.9687423174],[75.8890175601,10.9690746114],[75.8888483832,10.9694793733],[75.8886679157,10.9697931433],[75.8886219675,10.9698386454],[75.888569308,10.9698357136],[75.8884383162,10.969805234],[75.8880919156,10.9697525266],[75.8876837357,10.969772965],[75.8874002987,10.9698793047],[75.8871641193,10.9698668847],[75.8870524953,10.969793966],[75.886751572,10.9697195342],[75.8864631177,10.9696497052],[75.8861036479,10.9695826907],[75.88609699898886,10.969579833439788],[75.8858415292,10.9695740506],[75.8852437812,10.9692749788],[75.8850799218,10.9690903806],[75.8852132037,10.968871098],[75.8853042968,10.9685970323],[75.8852319545,10.9685035639],[75.8850514397,10.9684119207],[75.8849158859,10.9683096287],[75.8846864389,10.9681722908],[75.8846818815639,10.968118915511697],[75.8846033192,10.9680855046],[75.88452348589276,10.96802923839665],[75.8844072068,10.9680107526],[75.8840217851,10.9678508766],[75.88395951600519,10.967933346005776],[75.88382387224779,10.968112993069935],[75.8837808256,10.9681700042],[75.8836171394,10.9682378939],[75.88356451742908,10.968258865531032],[75.8834894803,10.9683246328],[75.8834205364,10.9684333745],[75.8833915069,10.9685298681],[75.8833899223,10.9686258395],[75.8834054014,10.9687344034],[75.8834049475,10.9688964178],[75.8833282456,10.9690095578],[75.88327400931946,10.969100354516861],[75.8832342516,10.9692099099],[75.88312809210645,10.969344335814919],[75.8828008144,10.9697587557],[75.8824514912,10.9700977032],[75.8821432482,10.9702661851],[75.8820093256,10.9703351279],[75.8818539062,10.9703057925],[75.8815624055,10.9701298852],[75.88153271564023,10.970099433282327],[75.8813130569,10.9698741365],[75.88120003709693,10.969738529048557],[75.88115605294756,10.969685754417574],[75.8808251498,10.9692887184],[75.88069581091837,10.969037501534196],[75.8806572031,10.9690052442],[75.8806601275,10.9689989474],[75.8805668547,10.968931615],[75.88052721530265,10.968887597427761],[75.8804120848,10.9687996469],[75.8801131781,10.9685766091],[75.8797377608,10.9686058165],[75.8793486276,10.9685522221],[75.8789724531,10.9684200665],[75.87879517190022,10.968258401510655],[75.8786100419,10.9680895791],[75.87846429362324,10.96768395373254],[75.878438304,10.9676116232],[75.87845236252858,10.967266055370123],[75.87845994812365,10.967079596480467],[75.8784603636,10.9670693838],[75.87829664432799,10.966639733872103],[75.8782459689,10.9665067459],[75.87816278672221,10.966020983869084],[75.87808508854978,10.96556724698653],[75.87807216349073,10.965491768042549],[75.8780714821,10.9654877889],[75.87807182010755,10.965486639946192],[75.87813471997937,10.96527283097688],[75.8784271636,10.9642787579],[75.87838631881796,10.963986866514471],[75.87837746142617,10.96398185021997],[75.87830543702734,10.963971272375971],[75.8778987691,10.9639115472],[75.87733979021436,10.963744191715483],[75.87665743975602,10.963539899398722],[75.876649267,10.9635396405],[75.8764571526,10.9634780879],[75.8761776041,10.9633511179],[75.8761706081,10.9633481222],[75.8757289499,10.963109973],[75.87573796270668,10.963089792485532],[75.8757066092,10.9630741605],[75.87617335726884,10.961957699847535],[75.8765536965,10.961047929],[75.8763583801,10.9609838117],[75.8767573812,10.9592654863],[75.8773956379,10.9571104899],[75.87744462304421,10.95707822932518],[75.87746857169844,10.957062457250528],[75.87788034520528,10.956791271971017],[75.87805422255384,10.956240530065587],[75.8783947155,10.9551291219],[75.87866007507652,10.954294920209115],[75.87867666146593,10.954240866144506],[75.87885202862883,10.953525805412777],[75.8788215572,10.9535299243],[75.8788184492,10.9535298814],[75.8786279425,10.9535437909],[75.87863006705714,10.953507139927728],[75.8786102644,10.9535054759],[75.8786164715,10.9531431856],[75.8786285296,10.9528047435],[75.8785445090158,10.95202977795571],[75.8785186379,10.9517911552],[75.87858468761674,10.951603875326263],[75.8787293171,10.9511937874],[75.87889583961777,10.95070536971161],[75.87893221921014,10.950554131072037],[75.8788951377,10.9505288059],[75.8788518052,10.9500798201],[75.8790004249,10.9499942083],[75.8790341972,10.949945549],[75.87903897751804,10.949944860262637],[75.87906257608311,10.949941460234992],[75.8791434188,10.9499298126],[75.8794860514,10.9490741416],[75.87947414050964,10.94895708062226],[75.8793895284,10.9481255075],[75.8793998485,10.947916158],[75.87954698393229,10.947920221032613],[75.8796482566,10.9479230176],[75.8797572096,10.9473633681],[75.87978222957656,10.947222850914528],[75.87989191892031,10.946606813652325],[75.8800611518,10.945656368],[75.8806445025,10.9441905679],[75.88062402221308,10.944181644312218],[75.8806218258,10.9441806873],[75.88067065710722,10.944064007328818],[75.8815307486,10.941894418],[75.8815351583,10.9418945812],[75.88153609318205,10.941890637026379],[75.88157769729655,10.941896680071103],[75.8815782449,10.9418953716],[75.881820955,10.9418948438],[75.88209639492,10.941925038327257],[75.8821190017,10.941915287],[75.88215688124345,10.941931669014423],[75.88331685202897,10.942058828394591],[75.8836759987,10.9420981991],[75.88381988634727,10.942106966783046],[75.8844802757,10.9421472071],[75.8858545456,10.942213875],[75.88601429238996,10.942209847911274],[75.8861481646,10.9422064731],[75.88622166060154,10.942212325501119],[75.8867307764,10.9422528658],[75.8870759236,10.9421707018],[75.88726024687055,10.94215038241796],[75.887358122,10.9421187868],[75.8876494289,10.942144837],[75.8880056638,10.9422957185],[75.8884922773,10.9425184599],[75.88849389022442,10.942513310045522],[75.8885180836,10.9425584],[75.888634389,10.9425969145],[75.8887608624,10.9426499814],[75.8888771111,10.9426921299],[75.8890027382,10.9427355375],[75.8891218655,10.9427848592],[75.8892388073,10.9428373636],[75.8893482663,10.9428766141],[75.8894437426,10.9429085246],[75.8895483238,10.9429226768],[75.8896572194,10.9429340977],[75.8897515359,10.9429307602],[75.8898590453,10.9429214692],[75.8899755299,10.9429118936],[75.8900816601,10.9429088732],[75.8904833794,10.9428799969],[75.8907230772,10.9428408791],[75.8909805188,10.9428157437],[75.8910856257863,10.94280686606891],[75.89130884184787,10.942777456282613],[75.89144713250953,10.942759235824921],[75.8915770293,10.9427421213],[75.8922600953,10.9426269859],[75.89228803899653,10.942625441521372],[75.8927172626,10.9426017194],[75.89324638171448,10.942480456689143],[75.8933382053,10.9424594127],[75.89353575194637,10.94252379592221],[75.8937178159,10.9425510638],[75.893872434,10.9426072669],[75.8938730933,10.9426075066],[75.8938805799,10.9426102279],[75.8938853873,10.9426404187],[75.894381748,10.9433748625],[75.8946194172,10.9434812351],[75.89478810992723,10.943590078902293],[75.8948971326,10.9436345526],[75.895666502,10.943861871],[75.8957868452398,10.943892216933953],[75.8959362315,10.9439298864],[75.89599310361183,10.943955821643332],[75.896012628,10.9439647253],[75.89603697300456,10.944085414234308],[75.896074698,10.9441362599],[75.8963591392754,10.944221142353944],[75.8972860929,10.9444081601],[75.89746403774302,10.944459459861072],[75.897562474,10.9444801621],[75.8975636051,10.9444820535],[75.89754845836255,10.944663658771795],[75.8976147792,10.9446710034],[75.8977128134,10.9446863759],[75.89771466003573,10.94470925047172],[75.8977612269,10.944719519],[75.89778099846696,10.94485462654161],[75.8984825232,10.9448951572],[75.8991454202,10.9448621125],[75.89955359813104,10.944946437115112],[75.89977372137528,10.944991911910385],[75.899855882,10.9450088853],[75.8999012858962,10.945033810808303],[75.9000528675,10.945117025],[75.9007019077,10.945222232],[75.90090056516145,10.945211632552997],[75.9009900304,10.9452068591],[75.901045088,10.9452111662],[75.9010645485,10.9452203684],[75.9011460396,10.9452383537],[75.901187897,10.9452413383],[75.9012472068,10.9452570511],[75.9013514537,10.9452577629],[75.9015451266,10.9453091264],[75.9016601992,10.9453516542],[75.901761831,10.94539012],[75.9019002259,10.9454482408],[75.9019868002,10.9454750617],[75.9021051648,10.9455118644],[75.902118253,10.9455194834],[75.902185125,10.945561377],[75.9022128039,10.9455764222],[75.9023296291,10.9456300295],[75.9023691295,10.9456481549],[75.90238127630296,10.945653673500233],[75.9024292219,10.9456541546],[75.9024642163,10.9456542371],[75.9024901508444,10.94561809655592],[75.902452457,10.945540454],[75.90263395874939,10.94530323958702],[75.9026490331,10.9451652865],[75.9026167463,10.9448892108],[75.9026881035,10.9445437815],[75.9027023753,10.9443673295],[75.9026618656,10.9441912999],[75.90266627914217,10.944157502328034],[75.9026618697,10.9438694704],[75.9027128839,10.9437843303],[75.9030755149,10.9435496655],[75.9031988501,10.9434286024],[75.9033012717,10.9432839993],[75.9034027105,10.9430752027],[75.9034554261,10.9427350402],[75.9034894461,10.942516231],[75.90356441,10.9421647324],[75.9037056641,10.9418657619],[75.9039222754,10.9418570617],[75.9040445568,10.9417892145],[75.9041530467,10.9415527951],[75.9042400052,10.9412524849],[75.9042369316,10.9409296542],[75.9042361414409,10.940878039998623],[75.9042333095,10.940693054],[75.9042256425,10.9404363335],[75.9042418523,10.9402746559],[75.904329919,10.9401687882],[75.9044813612,10.93980882],[75.9046417788,10.93942487],[75.9046541682,10.9392577446],[75.9046957465,10.9388003317],[75.9048743806,10.9385078385],[75.9049448204,10.9383490286],[75.9049475995163,10.938313409986769],[75.9049468154,10.9383121346],[75.90494818667011,10.938305884715442],[75.9049604405,10.9381488332],[75.9050302083,10.9377020098],[75.9050871786,10.9375177146],[75.9051205528,10.9372567166],[75.9051731131,10.9370284571],[75.90534334902685,10.936797676920337],[75.9053745363,10.9367231772],[75.9053988781,10.936629092],[75.9054367485,10.9365282921],[75.9054654759735,10.936449801320366],[75.9054867287,10.936277167],[75.9056247724,10.9357742965],[75.90563480046166,10.935740109118468],[75.9057615097,10.9353081356],[75.9059060974,10.9349886231],[75.9060175654,10.934702621],[75.9061017143,10.934462886],[75.9062049238,10.9341256375],[75.9063163356,10.9338359664],[75.9064397007,10.9334727357],[75.906503243,10.9334736326],[75.9065372762,10.9333777327],[75.9065510844,10.9331812298],[75.906575665,10.933078131],[75.9065953301,10.9328980526],[75.9067868888,10.9322292747],[75.90680413705077,10.932154702315202],[75.9069078112,10.9317064697],[75.9069566915,10.9314819293],[75.9070101933,10.9311931102],[75.90702724334977,10.931077354977688],[75.9070305042,10.9310552166],[75.9070650165,10.9307464969],[75.907113588,10.9305017799],[75.9071697721,10.9302661234],[75.90717689022162,10.930236852887237],[75.9071769291,10.9302077822],[75.9072015161,10.9300626509],[75.90720978544188,10.929960362251759],[75.9072026723,10.9298547426],[75.90721792465608,10.929859683233884],[75.9074132834,10.929922965],[75.9080142041,10.9299214073],[75.9086402793,10.9298854343],[75.9085743586,10.930571529],[75.9085600596,10.9306559355],[75.9087757365,10.9307407752],[75.9087887743,10.9308286053],[75.9088829443,10.9308693133],[75.9088402504,10.9313904238],[75.9095372791,10.9315886048],[75.9095373133,10.9315876649],[75.9095680415,10.9315282731],[75.9095875243,10.9315107791],[75.909607024,10.9315180082],[75.9096324693,10.9315225769],[75.9097024697,10.9315571273],[75.9098244828,10.931612467],[75.9101385606,10.9317542687],[75.9101961091,10.9317763699],[75.9102543295,10.931794855],[75.910325842,10.9318143877],[75.9104108193,10.9318357711],[75.9105023943,10.9318624832],[75.91056603,10.9318736674],[75.9107339884,10.9319403118],[75.9108373292,10.9319789228],[75.9110052143,10.9320458835],[75.9111712215,10.9321112805],[75.9112286788,10.9321396888],[75.9112665262,10.9321812784],[75.9112684352,10.9322155304],[75.9112639133,10.9322966313],[75.9112656941,10.9324114981],[75.9112636471,10.9325505016],[75.9112590956,10.932646375],[75.9112549471,10.9327312833],[75.9112562542,10.9328181881],[75.9112577277,10.9328600158],[75.9112546582,10.9329498557],[75.911255996,10.933031923],[75.9112583921,10.9330857943],[75.9114217664,10.9331727869],[75.9115953579,10.9336150906],[75.9118883703,10.9337576717],[75.9121196942,10.9338061216],[75.9123483399,10.9338605437],[75.9126373134,10.9339174624],[75.9126077128,10.934223876],[75.9125475615,10.93461087],[75.9124968982,10.9349356005],[75.9123681045,10.9358929432],[75.9116630539,10.9359479323],[75.9118515465,10.9367747297],[75.9121712866,10.9367928111],[75.9122122015,10.936616687],[75.912282475,10.9366235569],[75.9123737691,10.936628918],[75.9124841697,10.9366687829],[75.9125992992,10.9366791891],[75.9127626985,10.9366764024],[75.9128642614,10.9366535903],[75.9128970687,10.9366561496],[75.9129572291,10.9366633797],[75.9130550336,10.9366806637],[75.9131143258,10.9366931505],[75.9131703307,10.9367029871],[75.9132946415,10.9367233114],[75.9133846131,10.9367340017],[75.9135071229,10.9367227768],[75.9135365163,10.93727355],[75.9133117671,10.9372585683],[75.913183781,10.937815038],[75.9134870547,10.9378090128],[75.9134808812,10.9378629668],[75.9136384782,10.9378944821],[75.9139435242,10.9380202773],[75.9139345493,10.9380805769],[75.9138620402,10.9386433732],[75.9138608491,10.9387116357],[75.9138459753,10.9388094997],[75.9138418237,10.9388419993],[75.9138387494,10.9388961782],[75.9138418814,10.9389529998],[75.9138248054,10.9391907057],[75.9138295004,10.9392971508],[75.9130434668,10.9392714985],[75.9130529697,10.9395971868],[75.9142143996,10.9397682533],[75.9145399125,10.9397372356],[75.9145945132,10.940098514],[75.9147949931,10.9401175278],[75.9150806151,10.9401806614],[75.9153605838,10.9402448843],[75.9154523079,10.939881351],[75.9163272272,10.9406009532],[75.9170038237,10.9406521594],[75.9175337775,10.9407921466],[75.9184958981,10.9408632768],[75.9186103032,10.9409821454],[75.9189238146,10.9411145645],[75.9196677392,10.9410824688],[75.9197926657,10.9404477754],[75.9200766308,10.940444975],[75.9200720998,10.9403593226],[75.9215704598,10.940599653],[75.9224278353,10.9409461859],[75.9230351222,10.9411752725],[75.9233563992,10.9419637861],[75.923418622,10.9424202103],[75.9236290999,10.9427005531],[75.9234953182,10.9428039104],[75.9251013527,10.9454141203],[75.9251031977,10.9454188752],[75.9251051574,10.945423926],[75.9251101879,10.945412859],[75.9251396676,10.9453858343],[75.9257425251,10.944833182],[75.925701499,10.9447946861],[75.9261604176,10.94440198],[75.9263518901,10.9437108379],[75.9268056416,10.9427733056],[75.9274394509,10.9422014982],[75.92750387353796,10.942212707137298],[75.92862833962099,10.942408353733239],[75.9301833333,10.9425866667],[75.9302983333,10.9425933333],[75.9303316667,10.942585],[75.930355,10.9425583333],[75.9303666667,10.9425266667],[75.930375,10.9425083333],[75.93040213166462,10.942470865788984],[75.9303934471,10.9424277315],[75.93041914434714,10.942383280585478],[75.9304237594,10.9423752975],[75.9306544873,10.9424111076],[75.9308539251,10.9424340546],[75.9309559996985,10.942453761740987],[75.9309797209,10.9424583415],[75.9309862332,10.9424682105],[75.9309970198,10.9424702278],[75.9309979577,10.9424734524],[75.931003837,10.9424807034],[75.9310209786,10.9425147435],[75.9310191834,10.9425222079],[75.9310188832,10.9425466611],[75.9310270092,10.9425853549],[75.931025052,10.9426283271],[75.9310319581,10.9426586786],[75.9310440449,10.9427099286],[75.9310603369,10.9427526077],[75.93106451,10.9427891844],[75.9310655069,10.9427919858],[75.93106227760062,10.942793762218535],[75.931065,10.9428216667],[75.93106901006924,10.942863104028541],[75.9310879009814,10.942906150037773],[75.9311108927,10.9429585404],[75.93115410550347,10.943062805836389],[75.93124471680812,10.94328143611416],[75.9312627593,10.9433249697],[75.931475025,10.9432954768],[75.9316917606,10.9432590098],[75.931694867,10.9432743256],[75.93183776679146,10.943256148684721],[75.9318642996,10.9432527737],[75.9319587117476,10.943475701644054],[75.93198818,10.9435452827],[75.9319430025256,10.943546519051264],[75.9318869944,10.9435480518],[75.9318430355,10.9435588948],[75.9318232410658,10.943617093018206],[75.9317983333,10.943755],[75.9318916667,10.9437816667],[75.93204168683603,10.944467238216047],[75.93206442689154,10.944473416977646],[75.9324330844,10.9445735859],[75.93249238430434,10.94460278571014],[75.93277286176135,10.944740895351034],[75.93287,10.944725],[75.93291,10.9447433333],[75.93292,10.944745],[75.93295,10.944745],[75.932995,10.944735],[75.9330533333,10.9447383333],[75.933075,10.9447433333],[75.9331383333,10.9447516667],[75.9331616667,10.9447533333],[75.9331733333,10.9447483333],[75.9332033333,10.9447283333],[75.933287957,10.9447316519],[75.9333176899,10.9447413024],[75.93331,10.9448066667],[75.9333,10.9449366667],[75.933365,10.945005],[75.93336,10.9450366667],[75.9333916667,10.945105],[75.93341,10.9451266667],[75.9334316667,10.9451316667],[75.9334383333,10.94513],[75.933465,10.9451483333],[75.9334916667,10.945165],[75.9336533333,10.9452033333],[75.9336566599,10.945203248],[75.93365710511137,10.945206022303353],[75.9336632522,10.9452074467],[75.9337199159,10.9454341211],[75.9337531892,10.9456302164],[75.9336765352728,10.945663669923976],[75.9336722246,10.9456655512],[75.9336218885,10.9456742416],[75.9336878599,10.9457496736],[75.9338523041,10.945928008],[75.9339316511,10.9460035037],[75.93396609,10.9460719566],[75.9340350999,10.9460738611],[75.9341850073,10.9461623],[75.9345822006,10.9462303793],[75.9348247236,10.9462407069],[75.9349098613,10.9463439408],[75.9349630957,10.9464493432],[75.9351906841,10.9466168211],[75.9354467736,10.9467863414],[75.9359138111,10.9470726342],[75.93590699885091,10.947112000786056],[75.9359001139049,10.947151787472636],[75.9362116667,10.9472566667],[75.93624,10.94726],[75.9362783333,10.9472733333],[75.9363083333,10.94729],[75.93633,10.9473033333],[75.9363616667,10.9473316667],[75.9364116667,10.9473816667],[75.93645,10.9474166667],[75.9365383333,10.9474883333],[75.9366016667,10.947545],[75.9366366667,10.9475866667],[75.936637088,10.9475868041],[75.9366363721,10.9475875092],[75.9366699911,10.9476133196],[75.9366793837,10.9476200933],[75.9367037972,10.9476311137],[75.9367489041,10.9476526609],[75.9367811983,10.9476673701],[75.9368198176,10.9476849218],[75.9368220416,10.9476862649],[75.9368498507,10.9477065187],[75.9368765759,10.9477254509],[75.9369409527,10.9477720546],[75.936978042,10.9478016827],[75.9370153751,10.9478330404],[75.9370381055,10.9478529265],[75.9370681358,10.9478825733],[75.9370937744,10.9479082336],[75.9371027204,10.9479173595],[75.9371320326,10.9479538019],[75.9371352156,10.9479581288],[75.9371455585,10.94798099],[75.9371521262,10.9479957704],[75.9371519057,10.9479959634],[75.9371734139,10.9480444085],[75.9372064209,10.9481273585],[75.937225398,10.9481760562],[75.937239049,10.9482264149],[75.9372553395,10.9482886873],[75.9372731879,10.9483580988],[75.9372586957,10.9484365211],[75.93725488359159,10.948448129376944],[75.93726607037084,10.948777761812185],[75.9372692635,10.9487950929],[75.9372766505,10.9488373681],[75.9372821155,10.9488704069],[75.9372843837,10.9488820623],[75.9372887128,10.9489091818],[75.9372929663,10.9489320975],[75.9372995284,10.9489703259],[75.937309774,10.9490301624],[75.9373177436,10.9490720349],[75.9373204118,10.9490912543],[75.9373236663,10.9491104558],[75.9373258257,10.9491192623],[75.9373261379,10.9491190179],[75.9373270788,10.9491287342],[75.9373334223,10.9491864516],[75.9373433509,10.9492703157],[75.9373434110096,10.949271246533103]],[[75.8788559379152,10.953525276986305],[75.8788602151,10.9535254686],[75.8788599928,10.953524792],[75.87885932437904,10.953524819230854],[75.8788559379152,10.953525276986305]]]}},{"type":"Feature","properties":{"id":"niramaruthoor","local_body_id":"niramaruthoor","name":"Niramaruthoor","name_ml":"നിറമരുതൂർ","type":"grama_panchayat","lsgd_type":"Grama Panchayat","lsgi_code":"G10068","wikidata":"Q13112911","ward_count":19,"taluk":"Tirur","district":"Malappuram","source":"Derived by dissolving 2024 Delimitation Commission ward polygons (wardmap.ksmart.live). Cross-reference: opendatakerala/lsg-kerala-data (OSM/ODbL).","acquired":"2026-09-09"},"geometry":{"type":"Polygon","coordinates":[[[75.8792438017,10.9314397986],[75.8792388418,10.9314385351],[75.879533688,10.9302896047],[75.8797746535,10.9293153555],[75.8800014915,10.9283981032],[75.8801825197,10.9277104158],[75.8804221249,10.9267091094],[75.8806168625,10.9257871481],[75.8808318756,10.9248037136],[75.8811939455,10.9235326538],[75.8811190757,10.9235230444],[75.8814935122,10.9214171268],[75.8823009582,10.9179711993],[75.8824992473,10.9169760901],[75.8827064161,10.9158938236],[75.8829348552,10.9147172203],[75.8832988112,10.9128571584],[75.884328196,10.9130873526],[75.8843752429,10.912945474],[75.8845233808,10.9129653595],[75.8845300104,10.9130519432],[75.8847404266,10.913095607],[75.8847607844,10.9129870205],[75.8849020634,10.9130109499],[75.8851187267,10.9130361788],[75.8854430811,10.9130649715],[75.8854402409,10.9130845466],[75.8854407731,10.913085881],[75.8854548129,10.913121083],[75.8862110495,10.9131028424],[75.8867584765,10.9129382994],[75.887261556,10.9125888594],[75.8872626229,10.9125885682],[75.8881433317,10.9127622325],[75.8883986634,10.912650389],[75.8885413033,10.9128929155],[75.8889709043,10.9129440894],[75.8892673337,10.9130585011],[75.8895311078,10.9130799239],[75.8896294756,10.912678347],[75.8900618017,10.9121883637],[75.8907768714,10.9095672185],[75.891121196,10.9090797266],[75.8913933285,10.908278552],[75.8914859732,10.9080091574],[75.8915240042,10.9078349101],[75.8915293313,10.9078270725],[75.8915283785,10.9078275259],[75.8918275131,10.9068054582],[75.8921522476,10.9059181499],[75.8933721499,10.9060560854],[75.8937128179,10.9060639877],[75.8937851602,10.9055241444],[75.8942307169,10.9055323374],[75.8944313303,10.9056536068],[75.8944403266,10.905681764],[75.8944578486,10.9057649766],[75.8945305042,10.9058566573],[75.89467643,10.905867809],[75.8948835736,10.9059266343],[75.8951011959,10.9059715552],[75.8951215174,10.9058186275],[75.8954325067,10.905792205],[75.8955309076,10.9057743923],[75.8958164631,10.9057814751],[75.8958168757,10.9057794083],[75.8958774923,10.9054757935],[75.896339999,10.9055186275],[75.8964528512,10.9055179668],[75.8969678283,10.9057413757],[75.8972431477,10.9056755968],[75.8982601631,10.9058912788],[75.8981895475,10.9066296406],[75.8982586109,10.9067226548],[75.8984320818,10.9067364694],[75.899106329,10.9067011685],[75.8990206514,10.9071231038],[75.8995054482,10.9072234344],[75.8994319309,10.9077304215],[75.8993176447,10.9080929761],[75.8993283082,10.9086070704],[75.899274626,10.9086752759],[75.8992073283,10.9089342755],[75.9000420807,10.909053559],[75.9002655296,10.9090821477],[75.90054571,10.9091436461],[75.9007842,10.9091684354],[75.9009913432,10.9091633507],[75.9010006373,10.90927228],[75.9010293226,10.9096062135],[75.9009419904,10.9098319314],[75.9006630745,10.9098079059],[75.9006580799,10.9099928792],[75.9009051369,10.9100218031],[75.9008990484,10.9101577129],[75.9008740432,10.910498909],[75.9008137237,10.9110130092],[75.9007466851,10.9113940598],[75.9006576336,10.9116656098],[75.9012162901,10.9117626247],[75.9010557315,10.9122214699],[75.9016081116,10.9123109804],[75.9015291564,10.9131507624],[75.9022198915,10.913254103],[75.9041452983,10.913580707],[75.9043647802,10.9135847788],[75.9045708189,10.9135815084],[75.9047992883,10.9137176312],[75.9050465068,10.913780634],[75.9052417877,10.913837905],[75.9054559269,10.9138890141],[75.9058557264,10.9140098069],[75.9058288601,10.9143067456],[75.9057107989,10.9146020462],[75.9055370707,10.9148266692],[75.9052082437,10.9151585551],[75.9049393046,10.9154788479],[75.9047109257,10.915908553],[75.9045562419,10.9163733988],[75.9045531793,10.9164262784],[75.9045301086,10.9165726687],[75.9044650302,10.9167225006],[75.9043905089,10.9167441093],[75.9043106189,10.9168328406],[75.9042489486,10.9169193658],[75.9042588771,10.9170806022],[75.9042815004,10.9171297498],[75.9042564226,10.9173383946],[75.9044009219,10.9175273958],[75.9046950934,10.9177780051],[75.9048724728,10.9181165241],[75.9048716482,10.9183617425],[75.9048157601,10.9187138171],[75.9048813294,10.9189335439],[75.9052556468,10.9189852799],[75.9055432142,10.9189709818],[75.9057355966,10.9191311743],[75.9058884035,10.9193009076],[75.9059556851,10.9193975683],[75.9061471896,10.9196519457],[75.9061957743,10.9198462406],[75.90624688,10.91997361],[75.9063731992,10.92008454],[75.9065637402,10.9202005879],[75.9065860354,10.9203529638],[75.9065430326,10.9205775222],[75.9064668567,10.9208498683],[75.9064025221,10.9210603793],[75.9061511331,10.9220147145],[75.906027933,10.9230702122],[75.9058669405,10.9234987413],[75.9057208209,10.9240108835],[75.905662039,10.9242999158],[75.9062574301,10.9247568967],[75.9065193605,10.9250377497],[75.9066046029,10.9252556563],[75.9066071814,10.9254751485],[75.9067717184,10.9258965261],[75.9067594661,10.9258984922],[75.9067594376,10.9258988915],[75.9067979895,10.9259229531],[75.9069228617,10.9263202922],[75.9070031804,10.9266080524],[75.9070867305,10.9269708401],[75.9070391454,10.9270949157],[75.9078485433,10.9271588148],[75.9086533836,10.9271831737],[75.9087393142,10.9273272689],[75.9088274857,10.9277261852],[75.9088507137,10.9280687076],[75.9087919074,10.9287917381],[75.9079783543,10.9287361828],[75.9074384784,10.9286289085],[75.9073209449,10.9288260213],[75.9073459779,10.9289741919],[75.9073288106,10.929132654],[75.9073156399,10.9292147357],[75.9073023859,10.9292824504],[75.9072180218,10.9298584816],[75.90721792465608,10.929859683233884],[75.9072026723,10.9298547426],[75.90720978544188,10.929960362251759],[75.9072015161,10.9300626509],[75.9071769291,10.9302077822],[75.90717689022162,10.930236852887237],[75.9071697721,10.9302661234],[75.907113588,10.9305017799],[75.9070650165,10.9307464969],[75.9070305042,10.9310552166],[75.90702724334977,10.931077354977688],[75.9070101933,10.9311931102],[75.9069566915,10.9314819293],[75.9069078112,10.9317064697],[75.90680413705077,10.932154702315202],[75.9067868888,10.9322292747],[75.9065953301,10.9328980526],[75.906575665,10.933078131],[75.9065510844,10.9331812298],[75.9065372762,10.9333777327],[75.906503243,10.9334736326],[75.9064397007,10.9334727357],[75.9063163356,10.9338359664],[75.9062049238,10.9341256375],[75.9061017143,10.934462886],[75.9060175654,10.934702621],[75.9059060974,10.9349886231],[75.9057615097,10.9353081356],[75.90563480046166,10.935740109118468],[75.9056247724,10.9357742965],[75.9054867287,10.936277167],[75.9054654759735,10.936449801320366],[75.9054367485,10.9365282921],[75.9053988781,10.936629092],[75.9053745363,10.9367231772],[75.90534334902685,10.936797676920337],[75.9051731131,10.9370284571],[75.9051205528,10.9372567166],[75.9050871786,10.9375177146],[75.9050302083,10.9377020098],[75.9049604405,10.9381488332],[75.90494818667011,10.938305884715442],[75.9049468154,10.9383121346],[75.9049475995163,10.938313409986769],[75.9049448204,10.9383490286],[75.9048743806,10.9385078385],[75.9046957465,10.9388003317],[75.9046541682,10.9392577446],[75.9046417788,10.93942487],[75.9044813612,10.93980882],[75.904329919,10.9401687882],[75.9042418523,10.9402746559],[75.9042256425,10.9404363335],[75.9042333095,10.940693054],[75.9042361414409,10.940878039998623],[75.9042369316,10.9409296542],[75.9042400052,10.9412524849],[75.9041530467,10.9415527951],[75.9040445568,10.9417892145],[75.9039222754,10.9418570617],[75.9037056641,10.9418657619],[75.90356441,10.9421647324],[75.9034894461,10.942516231],[75.9034554261,10.9427350402],[75.9034027105,10.9430752027],[75.9033012717,10.9432839993],[75.9031988501,10.9434286024],[75.9030755149,10.9435496655],[75.9027128839,10.9437843303],[75.9026618697,10.9438694704],[75.90266627914217,10.944157502328034],[75.9026618656,10.9441912999],[75.9027023753,10.9443673295],[75.9026881035,10.9445437815],[75.9026167463,10.9448892108],[75.9026490331,10.9451652865],[75.90263395874939,10.94530323958702],[75.902452457,10.945540454],[75.9024901508444,10.94561809655592],[75.9024642163,10.9456542371],[75.9024292219,10.9456541546],[75.90238127630296,10.945653673500233],[75.9023691295,10.9456481549],[75.9023296291,10.9456300295],[75.9022128039,10.9455764222],[75.902185125,10.945561377],[75.902118253,10.9455194834],[75.9021051648,10.9455118644],[75.9019868002,10.9454750617],[75.9019002259,10.9454482408],[75.901761831,10.94539012],[75.9016601992,10.9453516542],[75.9015451266,10.9453091264],[75.9013514537,10.9452577629],[75.9012472068,10.9452570511],[75.901187897,10.9452413383],[75.9011460396,10.9452383537],[75.9010645485,10.9452203684],[75.901045088,10.9452111662],[75.9009900304,10.9452068591],[75.90090056516145,10.945211632552997],[75.9007019077,10.945222232],[75.9000528675,10.945117025],[75.8999012858962,10.945033810808303],[75.899855882,10.9450088853],[75.89977372137528,10.944991911910385],[75.89955359813104,10.944946437115112],[75.8991454202,10.9448621125],[75.8984825232,10.9448951572],[75.89778099846696,10.94485462654161],[75.8977612269,10.944719519],[75.89771466003573,10.94470925047172],[75.8977128134,10.9446863759],[75.8976147792,10.9446710034],[75.89754845836255,10.944663658771795],[75.8975636051,10.9444820535],[75.897562474,10.9444801621],[75.89746403774302,10.944459459861072],[75.8972860929,10.9444081601],[75.8963591392754,10.944221142353944],[75.896074698,10.9441362599],[75.89603697300456,10.944085414234308],[75.896012628,10.9439647253],[75.89599310361183,10.943955821643332],[75.8959362315,10.9439298864],[75.8957868452398,10.943892216933953],[75.895666502,10.943861871],[75.8948971326,10.9436345526],[75.89478810992723,10.943590078902293],[75.8946194172,10.9434812351],[75.894381748,10.9433748625],[75.8938853873,10.9426404187],[75.8938805799,10.9426102279],[75.8938730933,10.9426075066],[75.893872434,10.9426072669],[75.8937178159,10.9425510638],[75.89353575194637,10.94252379592221],[75.8933382053,10.9424594127],[75.89324638171448,10.942480456689143],[75.8927172626,10.9426017194],[75.89228803899653,10.942625441521372],[75.8922600953,10.9426269859],[75.8915770293,10.9427421213],[75.89144713250953,10.942759235824921],[75.89130884184787,10.942777456282613],[75.8910856257863,10.94280686606891],[75.8909805188,10.9428157437],[75.8907230772,10.9428408791],[75.8904833794,10.9428799969],[75.8900816601,10.9429088732],[75.8899755299,10.9429118936],[75.8898590453,10.9429214692],[75.8897515359,10.9429307602],[75.8896572194,10.9429340977],[75.8895483238,10.9429226768],[75.8894437426,10.9429085246],[75.8893482663,10.9428766141],[75.8892388073,10.9428373636],[75.8891218655,10.9427848592],[75.8890027382,10.9427355375],[75.8888771111,10.9426921299],[75.8887608624,10.9426499814],[75.888634389,10.9425969145],[75.8885180836,10.9425584],[75.88849389022442,10.942513310045522],[75.8884922773,10.9425184599],[75.8880056638,10.9422957185],[75.8876494289,10.942144837],[75.887358122,10.9421187868],[75.88726024687055,10.94215038241796],[75.8870759236,10.9421707018],[75.8867307764,10.9422528658],[75.88622166060154,10.942212325501119],[75.8861481646,10.9422064731],[75.88601429238996,10.942209847911274],[75.8858545456,10.942213875],[75.8844802757,10.9421472071],[75.88381988634727,10.942106966783046],[75.8836759987,10.9420981991],[75.88331685202897,10.942058828394591],[75.88215688124345,10.941931669014423],[75.8821190017,10.941915287],[75.88209639492,10.941925038327257],[75.881820955,10.9418948438],[75.8815782449,10.9418953716],[75.88157769729655,10.941896680071103],[75.88153609318205,10.941890637026379],[75.8811264301,10.941831133],[75.880032707,10.9417030894],[75.88001935955604,10.941700794613219],[75.87980743116005,10.941664358387438],[75.8797920532,10.9416617145],[75.87977095642049,10.941654227217292],[75.8795068435,10.9415808676],[75.8794217711001,10.94155937795266],[75.8791285113,10.9415147502],[75.87908896721228,10.941484917896357],[75.8790579965,10.9414615534],[75.8785046737,10.9413655535],[75.8777882958,10.9412320893],[75.8769351264,10.9410386246],[75.8772395542,10.9400587901],[75.8778105322,10.9375153309],[75.8786688233,10.9340794537],[75.879198651,10.9314871108],[75.8792438017,10.9314397986]]]}},{"type":"Feature","properties":{"id":"cheriyamundam","local_body_id":"cheriyamundam","name":"Cheriyamundam","name_ml":"ചെറിയമുണ്ടം","type":"grama_panchayat","lsgd_type":"Grama Panchayat","lsgi_code":"G10066","wikidata":"Q13112039","ward_count":20,"taluk":"Tirur","district":"Malappuram","source":"Derived by dissolving 2024 Delimitation Commission ward polygons (wardmap.ksmart.live). Cross-reference: opendatakerala/lsg-kerala-data (OSM/ODbL).","acquired":"2026-09-09"},"geometry":{"type":"MultiPolygon","coordinates":[[[[75.9333176899,10.9447413024],[75.933287957,10.9447316519],[75.9332033333,10.9447283333],[75.9331733333,10.9447483333],[75.9331616667,10.9447533333],[75.9331383333,10.9447516667],[75.933075,10.9447433333],[75.9330533333,10.9447383333],[75.932995,10.944735],[75.93295,10.944745],[75.93292,10.944745],[75.93291,10.9447433333],[75.93287,10.944725],[75.93277286176135,10.944740895351034],[75.93249238430434,10.94460278571014],[75.9324330844,10.9445735859],[75.93206442689154,10.944473416977646],[75.93204168683603,10.944467238216047],[75.9318916667,10.9437816667],[75.9317983333,10.943755],[75.9318232410658,10.943617093018206],[75.9318430355,10.9435588948],[75.9318869944,10.9435480518],[75.9319430025256,10.943546519051264],[75.93198818,10.9435452827],[75.9319587117476,10.943475701644054],[75.9318642996,10.9432527737],[75.93183776679146,10.943256148684721],[75.931694867,10.9432743256],[75.9316917606,10.9432590098],[75.931475025,10.9432954768],[75.9312627593,10.9433249697],[75.93124471680812,10.94328143611416],[75.93115410550347,10.943062805836389],[75.9311108927,10.9429585404],[75.9310879009814,10.942906150037773],[75.93106901006924,10.942863104028541],[75.931065,10.9428216667],[75.93106227760062,10.942793762218535],[75.9310655069,10.9427919858],[75.93106451,10.9427891844],[75.9310603369,10.9427526077],[75.9310440449,10.9427099286],[75.9310319581,10.9426586786],[75.931025052,10.9426283271],[75.9310270092,10.9425853549],[75.9310188832,10.9425466611],[75.9310191834,10.9425222079],[75.9310209786,10.9425147435],[75.931003837,10.9424807034],[75.9309979577,10.9424734524],[75.9309970198,10.9424702278],[75.9309862332,10.9424682105],[75.9309797209,10.9424583415],[75.9309559996985,10.942453761740987],[75.9308539251,10.9424340546],[75.9306544873,10.9424111076],[75.9304237594,10.9423752975],[75.93041914434714,10.942383280585478],[75.9303934471,10.9424277315],[75.93040213166462,10.942470865788984],[75.930375,10.9425083333],[75.9303666667,10.9425266667],[75.930355,10.9425583333],[75.9303316667,10.942585],[75.9302983333,10.9425933333],[75.9301833333,10.9425866667],[75.92862833962099,10.942408353733239],[75.92750387353796,10.942212707137298],[75.9275290829,10.9421053845],[75.9275118725,10.9419690065],[75.9275723352,10.9418676813],[75.9276363174,10.9416691764],[75.9278129069,10.9413800882],[75.9278459858,10.9412429562],[75.9278527043,10.9411358512],[75.9279057454,10.9409885427],[75.9279042103,10.9408897924],[75.9279479099,10.940788718],[75.9280211563,10.940660304],[75.9280121887,10.9406332534],[75.9281500712,10.940294139],[75.9281902645,10.9402497257],[75.9282444552,10.9401298815],[75.928277013,10.9400604592],[75.9283023966,10.939966068],[75.9282843158,10.939899653],[75.928254145,10.939828126],[75.928262232,10.9397404931],[75.9283307014,10.9396593531],[75.9283455448,10.9395768901],[75.9283984157,10.9393755495],[75.9284472607,10.9391817383],[75.9285036238,10.9390763234],[75.9285401241,10.9389568288],[75.928909274,10.938828932],[75.9290170645,10.938786307],[75.9291099409,10.9387566133],[75.9291599549,10.9387117001],[75.9291735347,10.938647026],[75.9291780001,10.93854329],[75.9292120801,10.9384832911],[75.9292336181,10.938456101],[75.9292648576,10.9384388204],[75.9292829264,10.9384068967],[75.9292958599,10.9383546531],[75.929292213,10.9382997546],[75.9293203155,10.9382415839],[75.9293122388,10.9381706565],[75.9293206061,10.9381288232],[75.9293040435,10.9380662857],[75.9292388783,10.9380572436],[75.9291983286,10.9380451797],[75.9291512915,10.9380209356],[75.9291318884,10.9380011164],[75.9291554841,10.9379700777],[75.9291551698,10.9379463517],[75.9291772177,10.93793317],[75.9291994613,10.9379102709],[75.9292603333,10.937876845],[75.9293426246,10.9377827855],[75.929427365,10.9376654424],[75.9294775748,10.9376108116],[75.9296248356,10.9375355116],[75.9296741386,10.9374895749],[75.9297421856,10.9374592299],[75.9297912014,10.9374275558],[75.9298129398,10.9373915139],[75.9298096985,10.9373583455],[75.9298049572,10.937302598],[75.9297401224,10.9371977048],[75.9296832191,10.9370872081],[75.9296282987,10.9369753105],[75.9295970045,10.9368792248],[75.9295605592,10.9367720039],[75.9295382355,10.9366429868],[75.9295101535,10.9364116625],[75.9297548396,10.9364949517],[75.929965905,10.9365498987],[75.930297657,10.9366347457],[75.9304698946,10.936655975],[75.9305391692,10.9366515387],[75.9306645085,10.9366163944],[75.9308140561,10.9365730484],[75.9309497399,10.9365602661],[75.9310393141,10.9365711586],[75.931103174,10.9365675807],[75.9312288072,10.9366153055],[75.9314448485,10.9367742848],[75.9315711578,10.9368537426],[75.9316584458,10.9368843788],[75.9317755968,10.9368827771],[75.9318628966,10.9368736187],[75.931940975,10.9368518778],[75.9320009495,10.9368142809],[75.9320370903,10.9367839736],[75.9320982628,10.9367391645],[75.9321319801,10.9366723746],[75.9321609172,10.9365946387],[75.9321695238,10.9365201258],[75.9321228298,10.9364210241],[75.9320806045,10.9363744661],[75.9319832479,10.9363079739],[75.9318132433,10.9362418802],[75.9317136602,10.936194467],[75.9316633603,10.9361567964],[75.9316167845,10.9360910317],[75.931583623,10.9360126068],[75.9315746341,10.9359362017],[75.9315877727,10.9358457553],[75.9316202525,10.935775065],[75.9317027289,10.9356133517],[75.9317977605,10.9354554997],[75.9318362579,10.9353996555],[75.9318761227,10.9353412537],[75.9319058164,10.9353043608],[75.9319534051,10.9352675569],[75.9319888169,10.9352473132],[75.9320429314,10.9352393195],[75.9320981928,10.935252796],[75.9321563979,10.9352769244],[75.9322817575,10.9353904741],[75.9323500825,10.935421776],[75.93239189,10.9354368002],[75.9324191365,10.9354430142],[75.9324425407,10.9354439853],[75.9324943499,10.9354328459],[75.9325598336,10.9353961311],[75.9325962739,10.9353640205],[75.9326253686,10.9353307337],[75.9326445129,10.9352949281],[75.9326759752,10.9352366455],[75.9327047839,10.9350907571],[75.9327238415,10.9349691395],[75.9327365913,10.9347959701],[75.9327529278,10.9345874343],[75.9327555438,10.9343306521],[75.9327510198,10.9342063812],[75.9327116902,10.934002409],[75.9326836325,10.9338889705],[75.9326740679,10.9338088183],[75.9326748236,10.9337078557],[75.932682724,10.9336327465],[75.9326852969,10.9335208432],[75.93271346,10.9334545944],[75.9327657259,10.9333809736],[75.9328030567,10.9333352864],[75.9328635578,10.9332809547],[75.9329266987,10.9332382773],[75.9330727218,10.9331718077],[75.9333119331,10.9331090289],[75.9334662392,10.933075334],[75.9335781405,10.9330696666],[75.9337619145,10.9330513713],[75.9338876981,10.9330364225],[75.9339447815,10.9330262635],[75.9340060372,10.9330071227],[75.9340661201,10.932984285],[75.9340979451,10.9329648177],[75.934160583,10.9329265983],[75.9342016791,10.9329051066],[75.9343069525,10.9328221927],[75.9343260159,10.9328071783],[75.9343268632,10.9328088771],[75.9343437107,10.9327877272],[75.9343434778,10.9327873405],[75.9343660722,10.9327633395],[75.934370744,10.932755199],[75.9345795581,10.9325284898],[75.9347284841,10.9323238466],[75.9348785352,10.932183857],[75.9351262685,10.9320029672],[75.9353609171,10.9319075731],[75.9355164422,10.9318677628],[75.9358144609,10.9318030124],[75.936087907,10.9317732426],[75.9363005299,10.9317319021],[75.9364614455,10.9316200029],[75.9367243238,10.9314519076],[75.9368681026,10.9312797437],[75.9369866703,10.9309986883],[75.9371707601,10.930583868],[75.9372283296,10.9303816718],[75.9373449205,10.9301745935],[75.9374544939,10.9299327208],[75.9374846854,10.9296645933],[75.937397161,10.9295388902],[75.9373260967,10.9295216534],[75.9372713607,10.9295246233],[75.937263698,10.9295041456],[75.9372472268,10.9295131943],[75.9370208453,10.9295834737],[75.9370161932,10.9295962072],[75.9368757968,10.9296399867],[75.9367270887,10.9296536611],[75.9366190708,10.9296277401],[75.936552333,10.9295720306],[75.9364927681,10.9294959572],[75.9364506869,10.9293502487],[75.9364204446,10.9291716708],[75.9364235044,10.9290063229],[75.9364401981,10.9288830065],[75.9365078371,10.9287780147],[75.9365624172,10.928717134],[75.9366498432,10.9286889259],[75.9367635728,10.9286927058],[75.93691405,10.9287084522],[75.9370892359,10.9287251599],[75.937164341,10.9287037836],[75.9372131019,10.9286812746],[75.9372488185,10.9286265409],[75.9372753519,10.9285497317],[75.9372825641,10.9285524434],[75.9372791334,10.9285224232],[75.9372697111,10.928372104],[75.9372153285,10.9280539618],[75.9371314936,10.9278131477],[75.9369982024,10.9274890451],[75.9369473453,10.9272677636],[75.93690654,10.92699699],[75.9369049503,10.9268176227],[75.9369692428,10.9265486567],[75.9370822031,10.926358051],[75.9371686317,10.9262307888],[75.9373275878,10.9260649815],[75.9375311157,10.9259017413],[75.9377105141,10.9257443641],[75.9377645386,10.9256598453],[75.9379786444,10.9253991514],[75.9379838151,10.9253952702],[75.9379886638,10.9253906001],[75.937999772,10.9253773882],[75.9380137099,10.9253626094],[75.9380228252,10.9253528515],[75.9380709723,10.925306055],[75.9381145127,10.9252628357],[75.9381302772,10.9252471799],[75.9381541814,10.9252237556],[75.9381674451,10.9252108307],[75.9381786291,10.9251976503],[75.938193205,10.9251801945],[75.9382040313,10.9251676465],[75.9382154175,10.9251538938],[75.9382249122,10.9251427779],[75.9382285608,10.9251381563],[75.938235199,10.9251278968],[75.9382434853,10.9251152004],[75.9382444918,10.9251151447],[75.938259263,10.925092606],[75.9382829876,10.9250490385],[75.9383052436,10.9250063644],[75.9383224596,10.9249618872],[75.9383386361,10.9249135724],[75.9383499847,10.9248764162],[75.9383543273,10.9248400098],[75.9383583078,10.9247926661],[75.9383587337,10.9247876003],[75.9383585291,10.9247865171],[75.9383559215,10.9247727081],[75.9383554432,10.9247512078],[75.9383597446,10.9247527539],[75.9383597813,10.9247517344],[75.9383722555,10.9247472726],[75.9383618726,10.9247477652],[75.9383227974,10.9245795861],[75.938290063,10.9244929541],[75.9382500076,10.9244305302],[75.9381567687,10.9243417697],[75.938094085,10.9242850541],[75.938029494,10.9241906391],[75.9379129413,10.9239383791],[75.9378614507,10.9238108321],[75.9377925054,10.923618108],[75.9377381928,10.92338931],[75.9377080545,10.9231503842],[75.937680624,10.9229439928],[75.9376610655,10.9227812654],[75.9376634583,10.9226046959],[75.9376908258,10.9224128335],[75.9377396505,10.9222603236],[75.9377974084,10.9221182379],[75.9378308273,10.9220040115],[75.9378695751,10.9218831828],[75.9378921029,10.9218072803],[75.9379289203,10.9217322446],[75.9379604363,10.9216608558],[75.9380054001,10.9215999317],[75.9380710026,10.9215044653],[75.9381107199,10.9214412775],[75.9381333163,10.9213579867],[75.9381486491,10.9212465535],[75.9381481463,10.9211386728],[75.938139044,10.9210654423],[75.9381203452,10.9209721762],[75.9380915558,10.9209120692],[75.9380629311,10.9208342305],[75.9380344711,10.9207386602],[75.9380127351,10.9206483223],[75.9380120675,10.920558173],[75.9380150318,10.920482095],[75.9380385385,10.9203818178],[75.9380733113,10.9202838582],[75.9381103346,10.9201866576],[75.9381625303,10.9200762929],[75.9382161348,10.9199762852],[75.9382864578,10.919858694],[75.9383419833,10.9197949086],[75.9383997456,10.9197333599],[75.938457453,10.9196777217],[75.9385159883,10.9196139632],[75.9385934239,10.9195407686],[75.9386880217,10.9194832441],[75.9387832277,10.9194412416],[75.9388880714,10.9194148419],[75.9390160693,10.9194071217],[75.9391906501,10.9194072075],[75.939323149,10.9194010054],[75.9394714148,10.9193986388],[75.9395513249,10.9193830991],[75.9397361473,10.9193337715],[75.939888594,10.9192863706],[75.940242042,10.9191491483],[75.9405367444,10.919017311],[75.9408219782,10.9189326773],[75.9410850274,10.9188870058],[75.941343507,10.9188472044],[75.9416688924,10.9188146522],[75.9417690567,10.9188059437],[75.941857986,10.9188087047],[75.9419972927,10.918803737],[75.9421136621,10.9187977868],[75.9423107759,10.9187878983],[75.942487391,10.9187700569],[75.9426046599,10.9187524608],[75.942744866,10.9187358472],[75.942920928,10.9186923622],[75.9431228763,10.9185921997],[75.9432873811,10.9184900631],[75.9433780762,10.9183820851],[75.9435039526,10.9181785828],[75.9435744116,10.9179771743],[75.9436825695,10.9176932153],[75.9438057359,10.917497459],[75.9438066705,10.9174979455],[75.9438061628,10.917495752],[75.9439006752,10.9173217485],[75.9439833463,10.9173068389],[75.9439845387,10.9173053036],[75.9440907398,10.9170672875],[75.9442398175,10.9167875712],[75.9443676939,10.9165846667],[75.9445090956,10.9163936069],[75.9446891594,10.9161662731],[75.9447744601,10.9160667819],[75.9447738253,10.9160654564],[75.9450110493,10.9157923651],[75.9451475157,10.915585072],[75.9452680507,10.9153844754],[75.945366269,10.9152234923],[75.9454206333,10.9151307023],[75.9454190905,10.9151293878],[75.9454275404,10.9151143118],[75.9454923274,10.9149431198],[75.9455539104,10.9147557966],[75.9455545756,10.9145726332],[75.9455423265,10.9145380289],[75.9455468416,10.9145415106],[75.9455478479,10.9145408839],[75.9455455731,10.9145317487],[75.9454959842,10.9143902306],[75.9454471593,10.9142404019],[75.9455450058,10.9141290422],[75.9456884877,10.9140147599],[75.9458881573,10.913852617],[75.9460072729,10.9137543414],[75.9460333628,10.9137416397],[75.9461225271,10.9136934673],[75.9463639626,10.9135649732],[75.9465507468,10.9134685485],[75.9468140771,10.9133307135],[75.9471127658,10.9131767676],[75.9471968486,10.913127813],[75.9474142079,10.9129857031],[75.9479572097,10.912628604],[75.9481803437,10.9126017077],[75.9486077057,10.9125505725],[75.9488422707,10.912531004],[75.9489584006,10.9125323844],[75.9492528157,10.9125436796],[75.9494685532,10.912879841],[75.949597365,10.9129403385],[75.9497834749,10.9129472187],[75.9498318918,10.9130134136],[75.9500790707,10.912966641],[75.9503064454,10.91320765],[75.950456976,10.913303737],[75.9505498433,10.9132880471],[75.9506947874,10.9131990404],[75.9508686852,10.9128579604],[75.9508691119,10.9128544022],[75.9511178617,10.9126388671],[75.9511235776,10.9126191664],[75.9511411419,10.9125610395],[75.9511431014,10.9125548886],[75.9511603326,10.9125141893],[75.9511726721,10.9124831149],[75.9511792449,10.9124658869],[75.9511907998,10.9124363109],[75.9512037837,10.9124018096],[75.9512404802,10.9123404461],[75.9512624517,10.9123033058],[75.9512826904,10.9122667114],[75.9513139082,10.9122031283],[75.9513319626,10.9121511504],[75.9513450368,10.9121139261],[75.9513755773,10.912070766],[75.9513978996,10.9120390487],[75.9514020792,10.912034893],[75.9514314343,10.912012701],[75.9514775735,10.9119802924],[75.9515294294,10.9119327402],[75.9515666024,10.9118952997],[75.9516017774,10.9118511428],[75.9516546595,10.9117919506],[75.9516590691,10.9117868232],[75.9516757132,10.9117594404],[75.9516859987,10.9117426339],[75.9517004834,10.9117186168],[75.9517126835,10.9116987068],[75.9517200889,10.9116827978],[75.9517266603,10.9116681059],[75.9517316099,10.9116564468],[75.9517375188,10.9116433806],[75.9517487322,10.911625881],[75.9517668596,10.9115944692],[75.9517871005,10.9115598465],[75.9518398161,10.9114979477],[75.9518596432,10.9114743727],[75.9519124025,10.9114431528],[75.951936524,10.9114280793],[75.9519743222,10.9114102361],[75.9520072619,10.9113949778],[75.9520400108,10.9113823434],[75.9520697035,10.9113706952],[75.9520904023,10.9113630444],[75.9522050564,10.9112818307],[75.9522716715,10.9112268279],[75.9524084155,10.9110432102],[75.9524734581,10.9109458414],[75.9525047696,10.9109059871],[75.9525420204,10.9108611769],[75.9526692691,10.9107600158],[75.9527425675,10.9107206131],[75.9528212105,10.9106834463],[75.9529601185,10.9105987089],[75.953031466,10.9105528974],[75.9531194334,10.9104823992],[75.9531450033,10.910462354],[75.9531869014,10.9104222251],[75.9532365049,10.9103759894],[75.9532630444,10.9103517444],[75.9533655229,10.9102885131],[75.9534260155,10.9102385192],[75.9534738073,10.9101711901],[75.9535019291,10.9101267332],[75.9535048849,10.9101189384],[75.9535255476,10.9100550328],[75.9535618673,10.9099533579],[75.9536109973,10.9098279146],[75.9536234336,10.9097334134],[75.9536253922,10.9097204765],[75.9536256389,10.909647611],[75.953625716,10.9095982997],[75.9536400824,10.9095761392],[75.9536886629,10.9094992711],[75.9537179497,10.9094525503],[75.953804227,10.9094272194],[75.9539154008,10.9094276156],[75.9539670385,10.9094465366],[75.9540006729,10.9094494757],[75.9539675085,10.9098509834],[75.95437699,10.9099577181],[75.9545734941,10.9102260046],[75.9554869839,10.9112558903],[75.956000359,10.9115523011],[75.956002966,10.9115496696],[75.956023916,10.9115798999],[75.9559969878,10.9115725372],[75.9560209089,10.9117235662],[75.9559747126,10.9118640526],[75.9560025827,10.9119685185],[75.9560600404,10.9120850215],[75.9560769682,10.9122030189],[75.9561330067,10.9123073838],[75.9560886306,10.9123831001],[75.9560693892,10.912566665],[75.9559725332,10.912755905],[75.9558448762,10.9129762878],[75.9558322165,10.9130822479],[75.9559497541,10.913096668],[75.9562568698,10.9130989398],[75.9565288239,10.9130682815],[75.9567213433,10.9131080681],[75.9569163926,10.9130891541],[75.9571814201,10.9130355981],[75.9571820391,10.9130491255],[75.9572770827,10.9130363044],[75.9574553667,10.9130014597],[75.9574746213,10.9129978396],[75.95751,10.9130266667],[75.95753,10.9130683333],[75.9575483333,10.9131],[75.9575616667,10.91313],[75.9575866667,10.9131933333],[75.9576066667,10.9132883333],[75.9576316667,10.9134416667],[75.95765,10.91351],[75.9576892639,10.9136579947],[75.9583643631,10.913920015],[75.9588904151,10.9140209174],[75.9593768386,10.9141891528],[75.9598164515,10.9145504862],[75.9600026464,10.9146082228],[75.9601597258,10.9146383237],[75.9601641012,10.9146303128],[75.9601634622,10.9146612337],[75.9604670006,10.9148673603],[75.9611378249,10.9153044417],[75.9617914024,10.9157422647],[75.9624415184,10.9160131744],[75.9624666028,10.9163220724],[75.9626671623,10.9164824616],[75.9629405587,10.9164798916],[75.9629405611,10.9164810216],[75.9629589843,10.9165385127],[75.9630213925,10.9166118482],[75.9630328648,10.9166220842],[75.9630409573,10.9166280202],[75.9630416865,10.9166285643],[75.9630418939,10.9166280684],[75.9630904274,10.9166712358],[75.9631710192,10.9167346067],[75.9632808499,10.9168188251],[75.9634125114,10.9169035947],[75.9635111609,10.9169899935],[75.9635118461,10.9169909893],[75.9635134295,10.9169916461],[75.9635131556,10.91699206],[75.9635384869,10.9170135],[75.9636608753,10.9170566439],[75.9636765416,10.9170603251],[75.9636794861,10.9170605318],[75.9636890293,10.9170644906],[75.9638867733,10.9170991999],[75.9639804482,10.9171298018],[75.9639928726,10.9171337913],[75.9640139292,10.9171379644],[75.9640504777,10.9171455612],[75.9640821367,10.9171521426],[75.9641175959,10.9171594445],[75.9641388348,10.9171632738],[75.9641540425,10.9171678846],[75.9641644303,10.917169235],[75.9641775853,10.9171758689],[75.9641781558,10.9171756439],[75.9642136417,10.9171845984],[75.964267037,10.9172166773],[75.96438328,10.9172766989],[75.9644415968,10.917306189],[75.9645025202,10.917336472],[75.9645211715,10.9173455388],[75.9645238544,10.9173480465],[75.9646198031,10.9174247058],[75.9646906489,10.9174941133],[75.9647864132,10.9175501366],[75.9649412474,10.917611771],[75.9650032296,10.9176354293],[75.9651019364,10.9176740456],[75.9651079353,10.9176755442],[75.9651528054,10.9176892728],[75.9651655625,10.9176925293],[75.9651706619,10.9176950845],[75.9652116815,10.917707067],[75.9652151997,10.9177084354],[75.9652190641,10.9177089161],[75.9652190502,10.917709201],[75.9652487673,10.9177178974],[75.9652824935,10.9177221625],[75.9653202245,10.9177268277],[75.9653623596,10.9177322982],[75.9654030932,10.917737092],[75.9654376038,10.91774011],[75.9654450103,10.917741044],[75.9655022037,10.9177761667],[75.9655550655,10.9178100388],[75.9655886269,10.9178317476],[75.9656536131,10.9178719526],[75.9656814972,10.9178887313],[75.9656897174,10.917888577],[75.965691274,10.91788953],[75.9657829784,10.9178845829],[75.9657829718,10.9178860051],[75.9657863174,10.9178848447],[75.9657868082,10.9178861882],[75.9659141887,10.9179393187],[75.9660321519,10.9179749032],[75.9660327715,10.9179740905],[75.9660571056,10.9179843001],[75.9660565111,10.9179824471],[75.9660950059,10.9179960691],[75.9661482873,10.9180321202],[75.9662376251,10.9180449751],[75.9663123037,10.9180495498],[75.9663619477,10.9180593636],[75.9664367486,10.9180656687],[75.9664573758,10.9180666968],[75.9665222295,10.9180835821],[75.9665686616,10.9180949435],[75.966602415,10.9181088714],[75.9666368346,10.9181221564],[75.9666676229,10.918178264],[75.9666697614,10.9181803729],[75.9666934772,10.9182271948],[75.9667423959,10.9182602111],[75.9667586248,10.9182621553],[75.9667589966,10.9182624843],[75.9667624621,10.9182629143],[75.9667627023,10.9182624525],[75.9668334807,10.9182722032],[75.9668741176,10.9182991846],[75.9669083183,10.9183278091],[75.9669169198,10.9183429271],[75.9669175215,10.918343192],[75.9669369243,10.9183692971],[75.9669645369,10.9184043456],[75.9669741524,10.9184161602],[75.9669909411,10.9184430287],[75.9669990477,10.9184618241],[75.9670058821,10.9184776752],[75.9670464004,10.9185116882],[75.9670598618,10.9185211522],[75.9670731186,10.9185310198],[75.9670760188,10.9185330679],[75.9670820381,10.918538475],[75.9670949852,10.9185499613],[75.9671070031,10.918565559],[75.9671121101,10.9185721305],[75.967112895,10.9185725791],[75.9671297176,10.9185874734],[75.9671710917,10.9186051908],[75.9671712352,10.9186053662],[75.9671801175,10.9186090533],[75.9672095202,10.9186378354],[75.9672505001,10.9186944371],[75.9672568156,10.9187030744],[75.9672795572,10.9187291756],[75.9672916954,10.9187446873],[75.9673028667,10.9187663355],[75.9673052001,10.918769189],[75.9673046221,10.9187694168],[75.9673234135,10.9188056972],[75.9673232643,10.9188065752],[75.9673279422,10.9188154478],[75.9673183429,10.9188372799],[75.967318084,10.9188370631],[75.9673177652,10.9188380764],[75.9673135866,10.9188477722],[75.9672944859,10.9188688537],[75.9672990246,10.9189278402],[75.9673569964,10.9189841411],[75.967386383,10.9190115529],[75.9674262511,10.9190378629],[75.967496549,10.9191031739],[75.9675367379,10.9191412532],[75.967548753,10.9191527222],[75.9675760129,10.9191842651],[75.9676029859,10.9192018811],[75.9676198491,10.9192086983],[75.9676285177,10.9192120881],[75.9676568185,10.9192117604],[75.9677036653,10.9191907961],[75.9677197354,10.9191825446],[75.96774136,10.919169635],[75.9677677739,10.919163053],[75.9677865429,10.9191655288],[75.9677868447,10.9191655686],[75.9677881729,10.9191658758],[75.9678437689,10.9191787351],[75.9679198638,10.9191960691],[75.9679693383,10.9192104336],[75.9680940794,10.9192100819],[75.9680960746,10.9192080361],[75.9681226972,10.9192119979],[75.9681244376,10.9192102404],[75.9682005355,10.9192181001],[75.968240962,10.9192304837],[75.9682626884,10.9192430236],[75.9682849485,10.9192543694],[75.9683248045,10.9192645354],[75.968412994,10.9192636556],[75.968418727,10.9192630592],[75.9684476161,10.9192736746],[75.9684498296,10.9192737923],[75.9684729453,10.9192830644],[75.9685255252,10.9192925852],[75.9686162169,10.9193025564],[75.9686725008,10.9193241156],[75.9686792861,10.9193264933],[75.9686877381,10.9193311553],[75.9686877106,10.9193293388],[75.9687610898,10.9193576139],[75.9687994443,10.9193724068],[75.9689035241,10.9193862551],[75.9689967725,10.9193918388],[75.9690564994,10.9193839681],[75.9690563993,10.9193841787],[75.9690617214,10.9193834802],[75.9690630472,10.9193831794],[75.9690634471,10.9193833369],[75.9690746344,10.9193818002],[75.9690879239,10.9193799271],[75.9690946358,10.9193760118],[75.9690952496,10.9193757133],[75.969157993,10.9193374869],[75.9691720687,10.9193286437],[75.9692206609,10.9193056685],[75.9692576019,10.919288423],[75.9693667757,10.9192413005],[75.9693736985,10.919237945],[75.969375271,10.9192480937],[75.9693754012,10.9192484411],[75.9693974456,10.9194007933],[75.9694043133,10.9194429016],[75.9694226836,10.9194426665],[75.9694228721,10.9194435167],[75.9696721178,10.9194371656],[75.9696153044,10.9195353778],[75.9696125774,10.9195383044],[75.9696067745,10.9195505774],[75.9696001686,10.9195604738],[75.9695574844,10.9196344218],[75.9693401028,10.9200002205],[75.9692252273,10.9202011956],[75.9692248418,10.920201209],[75.9691876811,10.9202642132],[75.9691455404,10.9203360529],[75.9691457841,10.9203362763],[75.9691439331,10.9203386691],[75.9691441438,10.9203388196],[75.9691310042,10.9203615042],[75.9690397648,10.9204792239],[75.9689426618,10.920605987],[75.9688438759,10.9207345547],[75.9687556781,10.9208495966],[75.9687405696,10.9208431869],[75.9686520761,10.9208304062],[75.9686319113,10.9208311486],[75.9686325232,10.9208303222],[75.9685257722,10.920848035],[75.9684020299,10.9208944949],[75.9683818154,10.9208762187],[75.9683142108,10.9208589298],[75.9681542084,10.920809987],[75.9680197071,10.9208261446],[75.9678968581,10.9208599938],[75.9677603847,10.9209647191],[75.967702758,10.9210494857],[75.9675966624,10.9212111966],[75.9674857634,10.9212585336],[75.9673861066,10.9212686231],[75.9673734943,10.9212641342],[75.9673768657,10.9212644419],[75.967308887,10.9212373498],[75.9672551485,10.9212223895],[75.9672023189,10.9212072038],[75.9671106499,10.921189121],[75.9669004562,10.921159807],[75.9668080373,10.921150834],[75.9666565769,10.9211247036],[75.9666148734,10.92110391],[75.9665474871,10.9210501844],[75.9665474845,10.9210506004],[75.966521282,10.9210279308],[75.9663606911,10.920881431],[75.9663402481,10.9208603426],[75.9663310163,10.9208503034],[75.9663268786,10.9208458612],[75.9663265594,10.9208459597],[75.9663121323,10.9208693311],[75.9662938269,10.9209006936],[75.9662933324,10.9209001632],[75.9662196744,10.9210393087],[75.9661932176,10.9210853837],[75.9660106311,10.9212016117],[75.9659871677,10.9212391542],[75.9660058002,10.9213571875],[75.9660563919,10.9214933291],[75.9660707751,10.9216593336],[75.9660854474,10.921847333],[75.9661047524,10.9221345933],[75.9661400506,10.9223605036],[75.9661967638,10.9225072179],[75.9662230696,10.9225679551],[75.966234718,10.9226224625],[75.9662270599,10.9226802991],[75.9661823731,10.922827065],[75.9661558443,10.9229691591],[75.9661234091,10.9230920815],[75.9661200706,10.9232013105],[75.9661091296,10.923324824],[75.9661210506,10.9234191779],[75.9661476841,10.9235048324],[75.9661605899,10.92358807],[75.9661476262,10.923662876],[75.9661128402,10.9237407962],[75.9660379872,10.9238348854],[75.9660639269,10.9238623192],[75.9659801175,10.9240266004],[75.9659753477,10.924267818],[75.9658990172,10.9244836405],[75.9658110038,10.9247182641],[75.9658110003,10.9247390104],[75.9657798643,10.9249258021],[75.9653022591,10.9249206875],[75.9652572819,10.9249941601],[75.9649518259,10.9254562653],[75.9647959269,10.9256954639],[75.9646635974,10.9259174362],[75.964496714,10.9262323697],[75.964495718,10.9262341554],[75.9644921478,10.9262405852],[75.9644909801,10.9262426561],[75.9644723636,10.9262761005],[75.9644600004,10.9262984559],[75.9644504621,10.9263154795],[75.9644394452,10.9263352978],[75.9644317122,10.9263493171],[75.9644238673,10.9263635513],[75.9644102064,10.9263882836],[75.9643886295,10.9264272347],[75.9643722664,10.9264565464],[75.9643599975,10.9264787232],[75.9643536036,10.9264903048],[75.9643423795,10.9265101441],[75.9643322662,10.9265286852],[75.9643226718,10.9265462398],[75.9643107639,10.9265674693],[75.9643104458,10.9265674077],[75.9642601474,10.9266583894],[75.9642238371,10.9267229893],[75.9641984883,10.9267693442],[75.9641647439,10.9268306493],[75.9641183151,10.9269147876],[75.9640670704,10.9270064387],[75.9640457796,10.9270447753],[75.9640418392,10.9270518783],[75.9640423215,10.9270520653],[75.9640324185,10.9270690195],[75.9640302999,10.927073153],[75.9640042459,10.9271203679],[75.9639640707,10.9271927169],[75.9639318762,10.9272503878],[75.9638998066,10.9273084146],[75.9638838281,10.9273370108],[75.9638643247,10.9273728497],[75.9638376865,10.9274204001],[75.9637955733,10.9274966423],[75.9637553776,10.9275688106],[75.9637310859,10.9276126892],[75.9637243868,10.9276242937],[75.9635697344,10.9277661968],[75.963487091,10.9278434649],[75.9633955248,10.927926946],[75.9633196556,10.9279966256],[75.9632457261,10.9280658433],[75.9632375633,10.928066672],[75.9632372569,10.9280669506],[75.9632036454,10.9280713804],[75.9631502042,10.9280779559],[75.9631500459,10.9280783802],[75.9631235841,10.9280809353],[75.9631235207,10.928081674],[75.9631135935,10.9280821494],[75.9630797967,10.9280866955],[75.9628375055,10.9281175519],[75.9625987075,10.9281474636],[75.962434224,10.9281686705],[75.9622676231,10.9281895008],[75.9622030362,10.9281981932],[75.9622028155,10.9281980889],[75.962159067,10.9282038326],[75.9621526168,10.9282044656],[75.9621486242,10.928205023],[75.9621483194,10.9282051658],[75.9621484899,10.928205512],[75.9621473815,10.9282056511],[75.962035345,10.9282197113],[75.9619366255,10.9282327778],[75.9618117402,10.9282486299],[75.9618109581,10.9282480903],[75.96179275,10.9282513924],[75.9617923097,10.928250457],[75.961569323,10.928279322],[75.9614145952,10.9282993658],[75.9613678954,10.9283049918],[75.9612183627,10.9283951446],[75.9611350561,10.9284455019],[75.9610165172,10.928518596],[75.9608605171,10.9286119656],[75.9608118931,10.928641648],[75.9608123701,10.9286419071],[75.9607929647,10.9286520137],[75.9607941283,10.9286530642],[75.9604190241,10.9288798428],[75.960412175,10.9288846446],[75.9603772173,10.9289489349],[75.9603310903,10.9290328231],[75.9603075951,10.9290725321],[75.9603077218,10.9290709788],[75.9602635835,10.9291540076],[75.9602140358,10.929239371],[75.9601473149,10.9293611097],[75.9600776508,10.9294845393],[75.9601876929,10.9296725017],[75.960268906,10.9298104324],[75.9602823148,10.929836613],[75.9602835436,10.929835907],[75.9602963012,10.9298581564],[75.9603602084,10.9299653907],[75.9604429734,10.930107638],[75.9604687874,10.9301652755],[75.9605084256,10.9302494793],[75.9605375584,10.9303160557],[75.9605778253,10.9304038421],[75.9606041685,10.9304606825],[75.9606033876,10.9304608729],[75.9606272762,10.930507067],[75.9606246512,10.9305076685],[75.9606358331,10.9305307182],[75.9606566076,10.9305752224],[75.960701705,10.9306766153],[75.9607403077,10.9307585367],[75.9607867225,10.9308549836],[75.960789059,10.9308652551],[75.9608548196,10.9310054559],[75.960831255,10.9310448322],[75.960829863,10.9310446322],[75.9608303188,10.9310470193],[75.9607220962,10.9311933064],[75.9606709199,10.9312633893],[75.9606473462,10.9312961739],[75.9606477849,10.9312962657],[75.9606146805,10.9313388194],[75.9606150408,10.9313398279],[75.9605837697,10.9313826689],[75.9605471054,10.9314312269],[75.9604922155,10.9315033479],[75.9604856346,10.9315128893],[75.9604702101,10.931524527],[75.9604654406,10.9315306579],[75.9603896794,10.9315871523],[75.9603327114,10.9316351594],[75.9603154483,10.9316469873],[75.9602390754,10.9317309688],[75.9602107468,10.9317623387],[75.9601930356,10.9317768237],[75.9601687135,10.9318070993],[75.9601658998,10.9318065219],[75.9600850951,10.9318903659],[75.960045496,10.9319593405],[75.960046142,10.9319596729],[75.9600427367,10.9319639117],[75.9600318462,10.9319803524],[75.9599534346,10.9321307405],[75.9599274424,10.9321793058],[75.9598997978,10.9322630731],[75.9598967704,10.9322727992],[75.9598964686,10.9322726922],[75.9598723026,10.9323795251],[75.9598730936,10.9323806851],[75.959865313,10.9325062817],[75.9598543143,10.932657724],[75.9598421156,10.9327778599],[75.9598394799,10.9327786679],[75.9598431225,10.9328204584],[75.959841992,10.9328207781],[75.9598423065,10.9329310639],[75.9598415296,10.932960276],[75.9598459856,10.9329992404],[75.95985266,10.933069655],[75.9598104139,10.9331472759],[75.9597133122,10.9332437628],[75.9596766503,10.9333077256],[75.9596774162,10.9333080479],[75.9596760862,10.9333095203],[75.9596763145,10.9333095708],[75.9596671126,10.9333259496],[75.9596598623,10.9333274815],[75.9596589048,10.9333285416],[75.959658756,10.9333281757],[75.9596243624,10.9333354572],[75.9595771516,10.9333459428],[75.9594900604,10.9333656737],[75.9594179414,10.9333817546],[75.9593664205,10.933393132],[75.9592974718,10.933408778],[75.9592568766,10.9334178397],[75.9591926634,10.9334319534],[75.9591150319,10.9334496168],[75.9590737221,10.9334584948],[75.959066531,10.9334606456],[75.958695744,10.9335286788],[75.9585483133,10.9335623705],[75.9584455528,10.9335772215],[75.9582865248,10.9336002101],[75.9580836712,10.9336303837],[75.9578931702,10.9336597583],[75.957665127,10.9337529875],[75.9575749944,10.9337896938],[75.9575750811,10.9337899023],[75.957574101,10.933791637],[75.9575726967,10.9337947874],[75.9575720277,10.9337948306],[75.9575678939,10.9338043748],[75.9575477719,10.933843469],[75.9575424027,10.9338541921],[75.9575422276,10.9338538755],[75.9575351328,10.9338704014],[75.95753473,10.9338703497],[75.9574910192,10.9339559227],[75.957456845,10.9340215588],[75.9574034091,10.9341261911],[75.9573842509,10.9341647993],[75.9573819886,10.934167742],[75.957382949,10.9341685207],[75.957352628,10.9342550183],[75.9573463175,10.9343120156],[75.9573375896,10.9343598949],[75.9573272893,10.9344064309],[75.9573301936,10.9344097296],[75.957312014,10.9344714579],[75.9573094745,10.9345435001],[75.9573015953,10.9345865894],[75.9572998625,10.9346758687],[75.9572927303,10.934885754],[75.9572892474,10.935013394],[75.9572870002,10.9350858952],[75.957322545,10.935179018],[75.9573471738,10.9352446748],[75.9573554104,10.9352653992],[75.9573559871,10.9352679616],[75.9573597529,10.9352757115],[75.957359144,10.9352760626],[75.9573843912,10.9353401529],[75.957397207,10.9353746565],[75.9574282504,10.9354279387],[75.9574522593,10.9354691633],[75.9574592607,10.935480573],[75.957459513,10.9354805245],[75.9574666513,10.935492506],[75.9574886131,10.9355301929],[75.95751627,10.9355769216],[75.9575550134,10.9356428944],[75.9575765342,10.9356792396],[75.957603772,10.9357255903],[75.9576284987,10.935767705],[75.9576383902,10.9357846034],[75.9576409633,10.9357890243],[75.9576412573,10.9357893568],[75.9576415273,10.9357896684],[75.9576420671,10.9357903115],[75.9576616726,10.9358139752],[75.9577611467,10.9359343935],[75.9577606595,10.935934852],[75.9578278109,10.9360155383],[75.9579728884,10.9360943486],[75.9581843263,10.9361476741],[75.9584356776,10.9362030557],[75.9586392213,10.936246391],[75.9590820294,10.9364415392],[75.9590899197,10.9364843435],[75.959105207,10.9365677556],[75.9591305748,10.9367065041],[75.9591477265,10.9367988035],[75.9591739038,10.9369438577],[75.9591933697,10.9370516495],[75.9592079601,10.937130604],[75.9592387274,10.937216909],[75.9592959011,10.9373760946],[75.9593132286,10.9374247906],[75.9593344305,10.9374983016],[75.9593683571,10.9376139619],[75.9593857517,10.9376738304],[75.9594043693,10.9377382645],[75.959429821,10.9378249282],[75.9594602758,10.9379301261],[75.9594679171,10.9379562964],[75.9594691666,10.9379597475],[75.9595188943,10.9381256314],[75.9595277724,10.9382147107],[75.959544957,10.9383878175],[75.959545781,10.9383924792],[75.9595456122,10.9383926455],[75.959545963,10.9383960979],[75.9595466312,10.9384022349],[75.9595480537,10.9384156796],[75.9595494879,10.9384288117],[75.9595507333,10.9384415797],[75.9595522133,10.9384527949],[75.959553865,10.9384636333],[75.9595553191,10.9384741405],[75.9595566952,10.9384833302],[75.9595592065,10.9385007361],[75.9595611437,10.938513857],[75.9595643194,10.93853494],[75.9595675354,10.938556945],[75.9595705352,10.938578018],[75.959573419,10.9385981845],[75.9595758565,10.9386146598],[75.9595786464,10.9386334346],[75.9595823627,10.9386587941],[75.959605857,10.9388201935],[75.9596091613,10.9388423522],[75.959615145,10.9388840379],[75.9596227755,10.9389357595],[75.9596250208,10.9389510231],[75.9596372038,10.9389815507],[75.9596415778,10.9389922903],[75.9596522397,10.9390190297],[75.9596588499,10.939035654],[75.9596682441,10.9390587735],[75.9596766575,10.9390797977],[75.9596931863,10.939120752],[75.9596992857,10.939136257],[75.9597095967,10.9391619285],[75.9597277147,10.9392069968],[75.9597319,10.9392172416],[75.9597572229,10.9392809195],[75.959801593,10.9393900614],[75.9598196041,10.9394358602],[75.9598201837,10.9394373999],[75.959820278,10.9394377959],[75.9598232197,10.9394447087],[75.9598296588,10.9394611122],[75.9598415664,10.9394904768],[75.9598517907,10.9395162559],[75.9598648383,10.939548898],[75.9598876999,10.9395736354],[75.9599125377,10.9396002275],[75.9599467476,10.9396369193],[75.959988521,10.9396820221],[75.9600442244,10.9397419173],[75.9600798539,10.9397802196],[75.960112061,10.9398151837],[75.9601348402,10.93983957],[75.9601667067,10.9398734877],[75.9601762863,10.9398838274],[75.9601669896,10.9396841574],[75.960214102,10.9396803231],[75.9605644498,10.9397059542],[75.9605696396,10.9397022601],[75.9605699041,10.9397020067],[75.9605704473,10.9397023378],[75.9605930297,10.9397129472],[75.9606187288,10.9397250923],[75.9606390388,10.9397346371],[75.9606632685,10.9397460342],[75.9606912693,10.9397592787],[75.9607235427,10.9397746068],[75.9607292987,10.939777259],[75.9607365919,10.9397806756],[75.9607411313,10.9397828222],[75.960743929,10.9397841305],[75.9607444765,10.9397843955],[75.9607452105,10.9397847407],[75.9607470204,10.9397855907],[75.9607481856,10.9397861438],[75.9607493843,10.9397867149],[75.9607496655,10.9397868435],[75.9607500262,10.9397870151],[75.96081551,10.9398192751],[75.9608430174,10.9397807278],[75.9609250871,10.9397753245],[75.9610754054,10.9398363334],[75.9610795239,10.9399426396],[75.9611171373,10.9399600644],[75.9614348704,10.940084162],[75.9616272096,10.9401690065],[75.96162759,10.9401687587],[75.9616385102,10.9401732205],[75.9616561269,10.940180545],[75.9617063115,10.9402012816],[75.9617349217,10.940213122],[75.9617944505,10.9402378321],[75.9618226211,10.9402493478],[75.9618531735,10.940261947],[75.9618692031,10.9402686825],[75.9618714573,10.9402697818],[75.9618742791,10.940270776],[75.9618799452,10.9402731023],[75.9618943852,10.9402790735],[75.9619069645,10.9402842808],[75.961915787,10.9402879344],[75.9619168952,10.9402882916],[75.9619230788,10.9402901589],[75.9619466042,10.9402972682],[75.9619918566,10.9403108726],[75.9620337787,10.9403235016],[75.9620338723,10.9403237281],[75.9620601314,10.9403314987],[75.9620980036,10.9403428462],[75.9621129523,10.9403473377],[75.962119479,10.940349277],[75.9621216038,10.9403498945],[75.9621258537,10.9403511704],[75.962126249,10.9403512902],[75.962126529,10.9403513759],[75.9621268447,10.9403514692],[75.9621270927,10.9403515434],[75.9621276952,10.9403517251],[75.9621283467,10.9403519213],[75.9621287676,10.9403520488],[75.9621290689,10.9403521384],[75.962129383,10.9403522327],[75.9621296622,10.9403523165],[75.9621299636,10.9403524073],[75.9621305488,10.9403525845],[75.9621313706,10.9403528332],[75.9621323629,10.9403531306],[75.9621424775,10.9403561898],[75.9621484739,10.9403579724],[75.9621612099,10.9403618153],[75.9621742468,10.9403657355],[75.962194215,10.9403717551],[75.9622304463,10.9403827245],[75.9622819838,10.9403983999],[75.9623080272,10.9404059578],[75.9623182207,10.9404153216],[75.9623182523,10.9404156963],[75.9624390692,10.9405268395],[75.9624690335,10.9405552241],[75.9624692366,10.9407219624],[75.9624776505,10.9408111677],[75.9624789606,10.9408110296],[75.9624779731,10.9408116629],[75.9624795337,10.9408315992],[75.9624848889,10.9408369982],[75.962533541,10.9409038886],[75.9625420363,10.9409157694],[75.9625831184,10.941005503],[75.9626012427,10.9411381164],[75.9625991813,10.9412457995],[75.9625989422,10.9412610267],[75.9626095941,10.9413243422],[75.9626099513,10.9413242222],[75.9626203611,10.9414983337],[75.9626327294,10.9415391613],[75.9626322817,10.9415388127],[75.9626375645,10.9415566551],[75.9626436496,10.9415784297],[75.9626509695,10.9416106851],[75.9626557823,10.9416327485],[75.962660992,10.9416550794],[75.9626683855,10.9416667018],[75.9626683725,10.9416670908],[75.9626759417,10.9416783069],[75.9626634828,10.9417612909],[75.9626630018,10.9417637548],[75.9626627797,10.9417677524],[75.9626595496,10.9417888192],[75.9626623548,10.9418855464],[75.9626797684,10.9420074312],[75.9627288608,10.9421138678],[75.9627402635,10.9421532514],[75.9627415576,10.9421579404],[75.9627434866,10.9421649376],[75.9627451091,10.9421709327],[75.962747182,10.9421784106],[75.9627483078,10.9421825462],[75.962748572,10.9421834871],[75.9627534878,10.9422016103],[75.9627610564,10.9422288633],[75.9627581791,10.9422527868],[75.9627581858,10.942253167],[75.9627464921,10.9423510647],[75.9627476682,10.942382277],[75.9627494704,10.9424237088],[75.9627433921,10.942471192],[75.9627406643,10.9424938386],[75.9627430327,10.9425295752],[75.9627430129,10.9425309229],[75.9627465569,10.9425828279],[75.962751192,10.9426167115],[75.9627521801,10.9426243097],[75.9627527156,10.9426266866],[75.9627582148,10.9426714764],[75.9628277471,10.9427817912],[75.9628312848,10.9427854695],[75.9628318416,10.9427864809],[75.962880299,10.9428399318],[75.9628834711,10.9428658503],[75.9628838598,10.94286646],[75.9628890664,10.9429073834],[75.9628900108,10.9429149207],[75.9628901336,10.9429157237],[75.9628903763,10.9429187441],[75.9628906117,10.9429188635],[75.9628920244,10.9429303273],[75.9628922484,10.9429427606],[75.9628921567,10.9429440362],[75.9628925589,10.9429497494],[75.9628926196,10.942956503],[75.9628928942,10.942964535],[75.962893158,10.9429749128],[75.9628932766,10.942982263],[75.9628935543,10.9429901402],[75.9628938696,10.9430033772],[75.9628941232,10.9430133559],[75.9628943658,10.9430244777],[75.9628947138,10.9430378939],[75.962894955,10.9430436804],[75.9628974145,10.943056447],[75.9629003398,10.9430710746],[75.9629049585,10.9430937616],[75.9629085806,10.943112029],[75.9629105856,10.9431216705],[75.9629110274,10.9431247375],[75.9629144786,10.9431412588],[75.9629153117,10.9431453029],[75.9629159998,10.9431592537],[75.9629161304,10.9431605946],[75.9629185821,10.9432012732],[75.9629204499,10.9432347393],[75.9629211394,10.9432442515],[75.962925873,10.9432589614],[75.9629328315,10.9432793394],[75.9629596976,10.9432812648],[75.9629711558,10.9432821676],[75.9629867952,10.9432793521],[75.9630132682,10.9432756527],[75.9630385749,10.9432720144],[75.9630444709,10.9432711407],[75.9630461655,10.9432708533],[75.9630540578,10.9432695405],[75.9630704532,10.943266422],[75.9630800925,10.9432645671],[75.9630919614,10.9432622178],[75.9631203336,10.9432567997],[75.9631371747,10.9432533199],[75.9631866526,10.9432425809],[75.9632160592,10.9432363557],[75.9632651151,10.9432256384],[75.9632808988,10.943222653],[75.9632986113,10.9432203156],[75.9633081481,10.9432433262],[75.9633146938,10.9432735325],[75.9633241101,10.9433133703],[75.9633104093,10.9433664306],[75.9633101245,10.9433669145],[75.9633068127,10.9433802472],[75.9633052033,10.9433858376],[75.9633030934,10.9433950668],[75.9632160698,10.9435405312],[75.9632156695,10.9435410936],[75.9632081836,10.9435535621],[75.963210723,10.9435560708],[75.9632438713,10.9435872277],[75.9632647412,10.9436224723],[75.9632858645,10.9436580892],[75.9632878249,10.9436612444],[75.9632951519,10.9436753836],[75.9633038226,10.9436914743],[75.9633117605,10.9437063342],[75.9633121396,10.9437071824],[75.9633132298,10.9437091248],[75.9633184498,10.9437195402],[75.9633128074,10.9437946672],[75.9633111258,10.9438011174],[75.9633039021,10.9438397079],[75.9633017427,10.9438447932],[75.963288962,10.9438716961],[75.9632687689,10.9439148346],[75.963246714,10.9439615881],[75.96323089,10.9439953091],[75.9632126605,10.9440341721],[75.9631897506,10.9440827792],[75.9631648984,10.9441362941],[75.9631572112,10.9441524657],[75.963147269,10.9441760384],[75.9631298615,10.9442194272],[75.9631293895,10.9442190721],[75.9630591916,10.9443951423],[75.9630526082,10.9444096724],[75.9630358489,10.944447219],[75.9630319836,10.9444559362],[75.9630600917,10.94445558],[75.9630924252,10.9446515959],[75.9629993616,10.9446880512],[75.9629120419,10.9446815734],[75.9629054038,10.9446935075],[75.9628983824,10.9447065341],[75.9628969926,10.9447096435],[75.9628966577,10.9447100595],[75.9628696479,10.9447961205],[75.9628532731,10.9448433572],[75.9628500648,10.9448497161],[75.9628496933,10.9448492688],[75.962847835,10.9448564797],[75.9628385283,10.9448804483],[75.9628366445,10.9449042509],[75.9628368838,10.9449043334],[75.9628355927,10.9449098836],[75.9628363108,10.9449104584],[75.9628309927,10.9449709715],[75.9628277324,10.9450117476],[75.9628268603,10.945018378],[75.9628126067,10.9450624272],[75.9628020516,10.9450945689],[75.9627959277,10.9451110509],[75.9627957524,10.9451107455],[75.9627943466,10.9451172648],[75.962773498,10.945179543],[75.962773046,10.9451799763],[75.9627719605,10.9451840925],[75.9627613392,10.945196987],[75.9627540933,10.9452057976],[75.9627470848,10.9452141286],[75.9627361209,10.9452274628],[75.9627291056,10.9452359337],[75.9627214424,10.9452452507],[75.9627167299,10.9452511429],[75.9627051357,10.9452556651],[75.9626938646,10.9452603101],[75.9626830141,10.9452645797],[75.9626658486,10.945271607],[75.9626527981,10.9452767435],[75.9626347046,10.9452840506],[75.9626205698,10.9452896751],[75.9626061012,10.9452953918],[75.9625804277,10.9453057833],[75.9625442276,10.9453203906],[75.9625348089,10.9453239921],[75.9625340163,10.9453226558],[75.9625320206,10.9453258031],[75.9625341323,10.9453263469],[75.9624904854,10.9454287625],[75.9624529245,10.9454928857],[75.9624065092,10.9455697891],[75.9623648507,10.945631721],[75.9623034823,10.9457177281],[75.9622410689,10.9458058464],[75.962198156,10.9458677198],[75.9621613645,10.945913524],[75.9621553654,10.9459217944],[75.9621487085,10.9459307142],[75.962148102,10.9459315502],[75.9621474238,10.9459324194],[75.9621471816,10.9459327325],[75.962146975,10.9459330006],[75.9621467834,10.9459332517],[75.9621464883,10.9459336414],[75.9621462787,10.9459339121],[75.9621459158,10.9459343891],[75.9621455731,10.945934841],[75.9621444543,10.9459363095],[75.9621437216,10.9459372557],[75.9621425991,10.9459387233],[75.9621420885,10.9459393921],[75.9621411175,10.9459406748],[75.9621404327,10.9459415585],[75.9621397864,10.9459424128],[75.962107983,10.9459838992],[75.9621084926,10.9460029154],[75.9621129029,10.9460050752],[75.9621107641,10.9460078805],[75.9621407689,10.9460509413],[75.9622089926,10.946091441],[75.9622455098,10.9460944369],[75.9622106583,10.9461657365],[75.9621780671,10.9463601227],[75.9621508484,10.9465581006],[75.9621174002,10.9467480534],[75.9621341855,10.9470526551],[75.9621501768,10.947256359],[75.9622353836,10.9474793147],[75.9622585247,10.9475990125],[75.9622698337,10.9477301011],[75.9617883333,10.9477916667],[75.9616633333,10.947755],[75.96158,10.947755],[75.961506808,10.9478420778],[75.961502614,10.9479344987],[75.9614482478,10.947942964],[75.96138343380039,10.947956939486604],[75.9613733333,10.9479383333],[75.961375,10.9478066667],[75.96120693216533,10.947816210955386],[75.9611839329,10.9478098138],[75.961078223,10.9477795894],[75.9610289186,10.9477757343],[75.9609963196,10.9477689944],[75.9607246061,10.9477105266],[75.9606974295,10.947701396],[75.9606718988,10.9476796276],[75.9606502132,10.9476588633],[75.9606382444,10.9476513436],[75.9606316728,10.9476459244],[75.96063113966923,10.947646503232658],[75.9606279287,10.9476438042],[75.9606261476,10.9476423779],[75.9606243562,10.9476439656],[75.9606219442,10.9476460261],[75.9606214104,10.9476465881],[75.960619214,10.947649538],[75.9606134181,10.9476567027],[75.9606115875,10.9476589626],[75.9606112454,10.9476593616],[75.9606083211,10.9476639131],[75.9605942367,10.9476842997],[75.96058613418158,10.947695366752225],[75.96056186468131,10.947721716721158],[75.9605513868,10.9477312746],[75.9605148964,10.9477583297],[75.96050653446493,10.947767435521842],[75.96038436963327,10.947833261245151],[75.96038229341133,10.947834083014596],[75.9602861806484,10.947856300598536],[75.9602534351189,10.94785541894842],[75.9602025966,10.9478513769],[75.9602033887,10.9477998098],[75.96020031479479,10.947777813631312],[75.9602006127,10.9477582469],[75.9601876586,10.9476161625],[75.96017817908901,10.947619415540121],[75.9601057124,10.9476442836],[75.9600174672,10.9476689624],[75.9599066013,10.947670479],[75.95989310136501,10.947669178916394],[75.95981312091355,10.947661476562743],[75.9597866434,10.9476589267],[75.9596716179,10.9476095684],[75.9596185322,10.9478024206],[75.95943186794517,10.947766423385024],[75.959405076,10.9477612567],[75.9591884586,10.9477572127],[75.95906543217855,10.94769346430953],[75.95903963389472,10.947680096456903],[75.95899008,10.9476544192],[75.95878878523118,10.947648264331798],[75.9587582835,10.9476442866],[75.9587308223479,10.947640132001817],[75.95872281972561,10.947636378809776],[75.9585997142,10.9475786429],[75.9584653315,10.9474668436],[75.95831889862741,10.947359277237256],[75.9583173208,10.9473581182],[75.95831264217723,10.947356752257372],[75.95801126624212,10.947268764347825],[75.9578903621,10.9472334659],[75.9575421777,10.9474020891],[75.95754474717347,10.947411882151371],[75.9575405034,10.9474138717],[75.95758751274187,10.947717406455096],[75.9575065643,10.9477400446],[75.95729050804287,10.947809485660164],[75.9571741265,10.947846891],[75.9567045416,10.9480099333],[75.95663143094512,10.948059526341606],[75.9566100654,10.9480740192],[75.95660512222999,10.948101116566125],[75.9565685595575,10.948227826529537],[75.95655395475033,10.948263685876407],[75.9562644169981,10.948334179053719],[75.9561796084,10.9483371299],[75.9559940182,10.9482681093],[75.955970091,10.948171719],[75.9559243526,10.9480247954],[75.955910584,10.9479742231],[75.9558841327,10.9478830512],[75.9558343914,10.9478893667],[75.95582630600884,10.947890449763129],[75.9558170264,10.9478480235],[75.9556564355,10.9478844679],[75.9555931445,10.9479124688],[75.9555420441,10.9479198284],[75.95535977587623,10.947986104540218],[75.9551176829,10.947974008],[75.9547970665,10.9480000158],[75.9545236979,10.9480607808],[75.9544514827,10.9480580521],[75.95440976920653,10.948069241999193],[75.9543890311,10.948049472],[75.953911498,10.9481252843],[75.9533741397,10.9484933982],[75.9534125893,10.948626363],[75.9534056699,10.9486296351],[75.95340560352629,10.948630276722447],[75.9534016667,10.9486683333],[75.9533768388038,10.948726453106373],[75.9533574227,10.9487897453],[75.953340125,10.9488758998],[75.9533188857,10.9489423948],[75.953305,10.948971252985414],[75.953305,10.948975],[75.9533029600598,10.948975492524829],[75.9532273524,10.9489937473],[75.9532283333,10.9489983333],[75.9529657849,10.9489632623],[75.9529661951,10.9489653841],[75.9529167793,10.9489721034],[75.9528254755,10.9489982469],[75.9528254153744,10.948998206703411],[75.9527856763,10.9489716394],[75.95276277087811,10.94891872732575],[75.9527584251232,10.948908688527622],[75.95275586450354,10.948902773434748],[75.95274654628027,10.948890922563741],[75.9526706585,10.9489029318],[75.95266317535723,10.948902342517442],[75.9526435966,10.9489065614],[75.9524333942,10.9489164172],[75.9522219451,10.9489057103],[75.9519651394,10.9489116132],[75.9517523335,10.9489550023],[75.9516143643,10.9489905079],[75.9509983276,10.9491629324],[75.9505397004,10.9492947665],[75.95046752248231,10.949308308400248],[75.9504063277,10.9493305814],[75.95036601230291,10.949327563131002],[75.9503198777,10.9493398541],[75.95027,10.9493483333],[75.9501533333,10.9493583333],[75.95007524285643,10.949357113184863],[75.9500174846,10.949365236],[75.9499390833,10.9493773057],[75.9498681771,10.9493841479],[75.9498278674,10.9493877875],[75.9498121839,10.9493891714],[75.9498083587,10.9493897573],[75.9498091444,10.9493906646],[75.9496877488,10.949398097],[75.9495703384,10.9494129006],[75.9493926539,10.9494315175],[75.9492522408,10.9494515124],[75.94922012,10.949458322],[75.9490241652,10.9495223088],[75.9487869516,10.9495979427],[75.948760611,10.9495960164],[75.94876061111948,10.949596007680144],[75.9487606278,10.9495947904],[75.9487574585,10.9495962591],[75.9486647069,10.9495869121],[75.948664588,10.949587207],[75.9486117141,10.9495815329],[75.948528895,10.9495743965],[75.9485019689,10.9495730652],[75.9484679776,10.9495626689],[75.9483592623,10.9495294301],[75.9482481915,10.9495050277],[75.9481501022,10.9494943176],[75.94811504994641,10.94949089675187],[75.94802186159744,10.9494863146604],[75.94794878985884,10.949493431093646],[75.9478740993,10.9495055414],[75.94757,10.9495283333],[75.94751,10.9495183333],[75.9474833333,10.9495133333],[75.947435,10.9495066667],[75.9473033333,10.94949],[75.947215,10.949485],[75.9471783333,10.9494816667],[75.9470983333,10.9494766667],[75.947075,10.9494733333],[75.9470483333,10.94947],[75.94702,10.9494683333],[75.9469516667,10.949455],[75.9469116667,10.9494566667],[75.946875,10.9494533333],[75.9467083333,10.9494266667],[75.94668,10.9494183333],[75.9466466667,10.94941],[75.9465716667,10.9493933333],[75.946535,10.9493866667],[75.9464983333,10.9493783333],[75.9464333333,10.9493566667],[75.94636,10.94934],[75.9463333333,10.9493333333],[75.9462716667,10.9493166667],[75.9462066667,10.9493083333],[75.9461733333,10.949305],[75.94604,10.9492933333],[75.945955,10.949285],[75.9459116667,10.9492816667],[75.94587,10.94928],[75.945825,10.94928],[75.9457866667,10.9492816667],[75.9457483333,10.9492866667],[75.94567,10.9492783333],[75.94563,10.94927],[75.9455916667,10.94926],[75.945555,10.9492483333],[75.9454266667,10.9492083333],[75.9453833333,10.9491983333],[75.9453066667,10.9491883333],[75.945195,10.9491766667],[75.94511,10.949155],[75.9449316667,10.9491216667],[75.9448866667,10.9491166667],[75.9447316667,10.9491],[75.9446,10.9490933333],[75.944565,10.9490866667],[75.9444833333,10.9490883333],[75.9444716667,10.9491033333],[75.9444583333,10.9491183333],[75.9444483333,10.9491316667],[75.9444316667,10.9491483333],[75.9443816667,10.949165],[75.9443416667,10.94917],[75.9442983333,10.949175],[75.9442566667,10.9491816667],[75.9441683333,10.9491933333],[75.9440833333,10.949205],[75.94404,10.9492083333],[75.943995,10.94921],[75.9439466667,10.9492116667],[75.9437833333,10.94921],[75.9436983333,10.94921],[75.9436583333,10.94921],[75.94362,10.949205],[75.9435366667,10.9492016667],[75.9434571631,10.9492063991],[75.9434330791,10.949196914],[75.9433482903,10.9491940035],[75.9432114309,10.9491928614],[75.9431113482,10.9491900419],[75.9430208149,10.949183617],[75.9429054515,10.9491791994],[75.9428581326511,10.949174985297375],[75.9427421837,10.9491979867],[75.9426283816,10.9491921954],[75.9425077332,10.9492036275],[75.9423849481,10.9491988724],[75.94220660397062,10.949176978337412],[75.94218055063203,10.949174300001143],[75.94203213214556,10.949202313018386],[75.9420247164,10.949206735],[75.9418739854,10.9492511181],[75.9418387615,10.9492456054],[75.9418094717,10.949230848],[75.9417590537,10.949203291],[75.9417505622,10.9491990198],[75.9417429154,10.9491950972],[75.9417362467,10.9491917412],[75.9417297557,10.9491882543],[75.9417226869,10.949184724],[75.9417158849,10.9491813245],[75.9417082382,10.9491775764],[75.941701436,10.9491739587],[75.9416901359,10.9491680433],[75.9416864123,10.9491661044],[75.94168325302061,10.949167686272126],[75.9416832416,10.9491676725],[75.94161059700474,10.949183504128298],[75.941345,10.9492066667],[75.94119785055416,10.94922985386757],[75.9411916138,10.9492302024],[75.9411912608,10.9492300294],[75.9411895826,10.9492303231],[75.9410952531,10.9492330076],[75.9410484126,10.9492348427],[75.9409614765,10.9492386837],[75.9408541877385,10.949241887407256],[75.940845,10.9492333333],[75.9408240335335,10.949242318928496],[75.94076924632549,10.949243074817334],[75.9407583333,10.9492416667],[75.94075207762877,10.949243230617808],[75.9406609460373,10.949243468498533],[75.9406016667,10.949235],[75.94058042567994,10.94924370533128],[75.9404207467,10.9493091475],[75.9403974284,10.9492941085],[75.9403774552,10.9492872548],[75.9402781414,10.9493192347],[75.94022318504109,10.949325435694684],[75.94015867188635,10.94933271502937],[75.9400999598,10.9493339105],[75.9400450152137,10.9493354078326],[75.9397500941,10.9493227537],[75.9393708895,10.9492886838],[75.9392822673592,10.949291700276458],[75.9392708287,10.9492911609],[75.9391936435,10.9492919113],[75.9391200019,10.9492931838],[75.9390760164893,10.949293905720397],[75.9390514073,10.9492900403],[75.93898136507795,10.949295288745093],[75.9389403839,10.9492958301],[75.9388769782,10.9492960758],[75.9388037926,10.9492959799],[75.9386720444834,10.94929615755421],[75.9386282484,10.9492707536],[75.9385602585,10.9491254653],[75.9373434110096,10.949271246533103],[75.9373433509,10.9492703157],[75.9373334223,10.9491864516],[75.9373270788,10.9491287342],[75.9373261379,10.9491190179],[75.9373258257,10.9491192623],[75.9373236663,10.9491104558],[75.9373204118,10.9490912543],[75.9373177436,10.9490720349],[75.937309774,10.9490301624],[75.9372995284,10.9489703259],[75.9372929663,10.9489320975],[75.9372887128,10.9489091818],[75.9372843837,10.9488820623],[75.9372821155,10.9488704069],[75.9372766505,10.9488373681],[75.9372692635,10.9487950929],[75.93726607037084,10.948777761812185],[75.93725488359159,10.948448129376944],[75.9372586957,10.9484365211],[75.9372731879,10.9483580988],[75.9372553395,10.9482886873],[75.937239049,10.9482264149],[75.937225398,10.9481760562],[75.9372064209,10.9481273585],[75.9371734139,10.9480444085],[75.9371519057,10.9479959634],[75.9371521262,10.9479957704],[75.9371455585,10.94798099],[75.9371352156,10.9479581288],[75.9371320326,10.9479538019],[75.9371027204,10.9479173595],[75.9370937744,10.9479082336],[75.9370681358,10.9478825733],[75.9370381055,10.9478529265],[75.9370153751,10.9478330404],[75.936978042,10.9478016827],[75.9369409527,10.9477720546],[75.9368765759,10.9477254509],[75.9368498507,10.9477065187],[75.9368220416,10.9476862649],[75.9368198176,10.9476849218],[75.9367811983,10.9476673701],[75.9367489041,10.9476526609],[75.9367037972,10.9476311137],[75.9366793837,10.9476200933],[75.9366699911,10.9476133196],[75.9366363721,10.9475875092],[75.936637088,10.9475868041],[75.9366366667,10.9475866667],[75.9366016667,10.947545],[75.9365383333,10.9474883333],[75.93645,10.9474166667],[75.9364116667,10.9473816667],[75.9363616667,10.9473316667],[75.93633,10.9473033333],[75.9363083333,10.94729],[75.9362783333,10.9472733333],[75.93624,10.94726],[75.9362116667,10.9472566667],[75.9359001139049,10.947151787472636],[75.93590699885091,10.947112000786056],[75.9359138111,10.9470726342],[75.9354467736,10.9467863414],[75.9351906841,10.9466168211],[75.9349630957,10.9464493432],[75.9349098613,10.9463439408],[75.9348247236,10.9462407069],[75.9345822006,10.9462303793],[75.9341850073,10.9461623],[75.9340350999,10.9460738611],[75.93396609,10.9460719566],[75.9339316511,10.9460035037],[75.9338523041,10.945928008],[75.9336878599,10.9457496736],[75.9336218885,10.9456742416],[75.9336722246,10.9456655512],[75.9336765352728,10.945663669923976],[75.9337531892,10.9456302164],[75.9337199159,10.9454341211],[75.9336632522,10.9452074467],[75.93365710511137,10.945206022303353],[75.9336566599,10.945203248],[75.9336533333,10.9452033333],[75.9334916667,10.945165],[75.933465,10.9451483333],[75.9334383333,10.94513],[75.9334316667,10.9451316667],[75.93341,10.9451266667],[75.9333916667,10.945105],[75.93336,10.9450366667],[75.933365,10.945005],[75.9333,10.9449366667],[75.93331,10.9448066667],[75.9333176899,10.9447413024]],[[75.9486117141,10.9495815329],[75.94861217995926,10.949568670881687],[75.9486119886372,10.94956867811478],[75.9486117141,10.9495815329]]],[[[75.9373435036529,10.949272681169653],[75.93734599359847,10.949278485750018],[75.9373448466,10.9492786272],[75.9373439757,10.9492799911],[75.9373435036529,10.949272681169653]]]]}}]}