{"type":"FeatureCollection","features":[{"type":"Feature","properties":{"id":"osm-n8994686587","osm_id":8994686587,"name":"Agriculture Office","name_ml":"","category":"government","subtype":"Government Office","operator_type":"","address":"","phone":"","website":"","local_body":"Cheriyamundam","local_body_id":"cheriyamundam","ward_no":2,"ward_name":"Banglamkunnu","notes":"","source":"OpenStreetMap (Overpass API) — seed; verify against KITE/DHS/LSGD","license":"ODbL 1.0","source_date":"2026-09-09","verified":false},"geometry":{"type":"Point","coordinates":[75.948262,10.949014]}},{"type":"Feature","properties":{"id":"osm-n10038618306","osm_id":10038618306,"name":"Agriculture Office","name_ml":"","category":"government","subtype":"Government Office","operator_type":"","address":"","phone":"","website":"","local_body":"Tanur","local_body_id":"tanur","ward_no":22,"ward_name":"Nadakkavu","notes":"","source":"OpenStreetMap (Overpass API) — seed; verify against KITE/DHS/LSGD","license":"ODbL 1.0","source_date":"2026-09-09","verified":false},"geometry":{"type":"Point","coordinates":[75.880154,10.977351]}},{"type":"Feature","properties":{"id":"osm-n10020385839","osm_id":10020385839,"name":"Agriculturte Office Tanur","name_ml":"","category":"government","subtype":"Government Office","operator_type":"","address":"","phone":"","website":"","local_body":"Tanur","local_body_id":"tanur","ward_no":35,"ward_name":"Civil Station","notes":"","source":"OpenStreetMap (Overpass API) — seed; verify against KITE/DHS/LSGD","license":"ODbL 1.0","source_date":"2026-09-09","verified":false},"geometry":{"type":"Point","coordinates":[75.875223,10.984762]}},{"type":"Feature","properties":{"id":"osm-w895453394","osm_id":895453394,"name":"Akshaya Center","name_ml":"അക്ഷയ E സെന്‍റര്‍","category":"government","subtype":"Yes","operator_type":"","address":"","phone":"","website":"","local_body":"Cheriyamundam","local_body_id":"cheriyamundam","ward_no":3,"ward_name":"Machingapara","notes":"","source":"OpenStreetMap (Overpass API) — seed; verify against KITE/DHS/LSGD","license":"ODbL 1.0","source_date":"2026-09-09","verified":false},"geometry":{"type":"Point","coordinates":[75.948775,10.949272]}},{"type":"Feature","properties":{"id":"osm-w898229456","osm_id":898229456,"name":"Akshaya Centre, Kalarippadi","name_ml":"","category":"government","subtype":"Public_service","operator_type":"","address":"KALARIPPADI,CHIRAKKAL, TANUR, 676302","phone":"","website":"","local_body":"Tanur","local_body_id":"tanur","ward_no":42,"ward_name":"Chirakkal North","notes":"","source":"OpenStreetMap (Overpass API) — seed; verify against KITE/DHS/LSGD","license":"ODbL 1.0","source_date":"2026-09-09","verified":false},"geometry":{"type":"Point","coordinates":[75.873167,10.994016]}},{"type":"Feature","properties":{"id":"osm-n8650963341","osm_id":8650963341,"name":"Akshaya Centre, Olapeedika","name_ml":"","category":"government","subtype":"Public_service","operator_type":"","address":"Olapeedika Pariyapuram PO, Tanur, 676302","phone":"","website":"","local_body":"Tanur","local_body_id":"tanur","ward_no":3,"ward_name":"Olappeedika","notes":"","source":"OpenStreetMap (Overpass API) — seed; verify against KITE/DHS/LSGD","license":"ODbL 1.0","source_date":"2026-09-09","verified":false},"geometry":{"type":"Point","coordinates":[75.87278,11.012941]}},{"type":"Feature","properties":{"id":"osm-n8650970255","osm_id":8650970255,"name":"Akshaya Centre, Tirur Road Tanur","name_ml":"","category":"government","subtype":"Public_service","operator_type":"","address":"Tirur Road, Tanur, 676302","phone":"","website":"","local_body":"Tanur","local_body_id":"tanur","ward_no":22,"ward_name":"Nadakkavu","notes":"","source":"OpenStreetMap (Overpass API) — seed; verify against KITE/DHS/LSGD","license":"ODbL 1.0","source_date":"2026-09-09","verified":false},"geometry":{"type":"Point","coordinates":[75.87834,10.97679]}},{"type":"Feature","properties":{"id":"osm-w968659546","osm_id":968659546,"name":"Bsnl Office","name_ml":"","category":"government","subtype":"Government Office","operator_type":"","address":"","phone":"","website":"","local_body":"Cheriyamundam","local_body_id":"cheriyamundam","ward_no":2,"ward_name":"Banglamkunnu","notes":"","source":"OpenStreetMap (Overpass API) — seed; verify against KITE/DHS/LSGD","license":"ODbL 1.0","source_date":"2026-09-09","verified":false},"geometry":{"type":"Point","coordinates":[75.940505,10.944805]}},{"type":"Feature","properties":{"id":"osm-n8323258315","osm_id":8323258315,"name":"Cheriyamundam Village Office","name_ml":"","category":"government","subtype":"Public_service","operator_type":"","address":"","phone":"","website":"","local_body":"Cheriyamundam","local_body_id":"cheriyamundam","ward_no":2,"ward_name":"Banglamkunnu","notes":"","source":"OpenStreetMap (Overpass API) — seed; verify against KITE/DHS/LSGD","license":"ODbL 1.0","source_date":"2026-09-09","verified":false},"geometry":{"type":"Point","coordinates":[75.948423,10.949366]}},{"type":"Feature","properties":{"id":"osm-n7902271802","osm_id":7902271802,"name":"Cp Poker Haji Memorial Higher Sceondary School","name_ml":"","category":"government","subtype":"Government Office","operator_type":"government","address":"","phone":"","website":"","local_body":"Ozhur","local_body_id":"ozhur","ward_no":13,"ward_name":"Vellachal","notes":"","source":"OpenStreetMap (Overpass API) — seed; verify against KITE/DHS/LSGD","license":"ODbL 1.0","source_date":"2026-09-09","verified":false},"geometry":{"type":"Point","coordinates":[75.927152,10.961873]}},{"type":"Feature","properties":{"id":"osm-n10026140197","osm_id":10026140197,"name":"Government Fire Station","name_ml":"","category":"government","subtype":"Fire station","operator_type":"","address":"","phone":"","website":"","local_body":"Tanur","local_body_id":"tanur","ward_no":41,"ward_name":"Chirakkal","notes":"","source":"OpenStreetMap (Overpass API) — seed; verify against KITE/DHS/LSGD","license":"ODbL 1.0","source_date":"2026-09-09","verified":false},"geometry":{"type":"Point","coordinates":[75.868004,10.99389]}},{"type":"Feature","properties":{"id":"osm-w862974931","osm_id":862974931,"name":"Grama Panchayat Office, Cheriyamundam","name_ml":"","category":"government","subtype":"Panchayath_office","operator_type":"","address":"","phone":"","website":"","local_body":"Cheriyamundam","local_body_id":"cheriyamundam","ward_no":2,"ward_name":"Banglamkunnu","notes":"","source":"OpenStreetMap (Overpass API) — seed; verify against KITE/DHS/LSGD","license":"ODbL 1.0","source_date":"2026-09-09","verified":false},"geometry":{"type":"Point","coordinates":[75.948071,10.949047]}},{"type":"Feature","properties":{"id":"osm-w862975930","osm_id":862975930,"name":"Grama Panchayath Office, Niramaruthur","name_ml":"","category":"government","subtype":"Panchayath_office","operator_type":"","address":"Tirur, 676109","phone":"+914942427047","website":"","local_body":"Niramaruthoor","local_body_id":"niramaruthoor","ward_no":12,"ward_name":"Mangad","notes":"","source":"OpenStreetMap (Overpass API) — seed; verify against KITE/DHS/LSGD","license":"ODbL 1.0","source_date":"2026-09-09","verified":false},"geometry":{"type":"Point","coordinates":[75.900495,10.925845]}},{"type":"Feature","properties":{"id":"osm-w862979626","osm_id":862979626,"name":"Grama Panchayath Office, Ozhur","name_ml":"","category":"government","subtype":"Panchayath_office","operator_type":"","address":"Omachappuzha, Tirur, 676320","phone":"","website":"","local_body":"Ozhur","local_body_id":"ozhur","ward_no":3,"ward_name":"Korad","notes":"","source":"OpenStreetMap (Overpass API) — seed; verify against KITE/DHS/LSGD","license":"ODbL 1.0","source_date":"2026-09-09","verified":false},"geometry":{"type":"Point","coordinates":[75.918561,10.980555]}},{"type":"Feature","properties":{"id":"osm-n8994686586","osm_id":8994686586,"name":"Grama Panchayath Office,Cheriyamundam","name_ml":"","category":"government","subtype":"Government Office","operator_type":"","address":"","phone":"","website":"","local_body":"Cheriyamundam","local_body_id":"cheriyamundam","ward_no":2,"ward_name":"Banglamkunnu","notes":"","source":"OpenStreetMap (Overpass API) — seed; verify against KITE/DHS/LSGD","license":"ODbL 1.0","source_date":"2026-09-09","verified":false},"geometry":{"type":"Point","coordinates":[75.94807,10.949046]}},{"type":"Feature","properties":{"id":"osm-n8394314023","osm_id":8394314023,"name":"K.Puram Post Office","name_ml":"","category":"government","subtype":"Post office","operator_type":"","address":"","phone":"","website":"","local_body":"Thanaloor","local_body_id":"tanalur","ward_no":3,"ward_name":"Puthantheru","notes":"","source":"OpenStreetMap (Overpass API) — seed; verify against KITE/DHS/LSGD","license":"ODbL 1.0","source_date":"2026-09-09","verified":false},"geometry":{"type":"Point","coordinates":[75.894046,10.961257]}},{"type":"Feature","properties":{"id":"osm-w970926363","osm_id":970926363,"name":"Krishi Bavan","name_ml":"","category":"government","subtype":"Government Office","operator_type":"","address":"","phone":"","website":"","local_body":"Cheriyamundam","local_body_id":"cheriyamundam","ward_no":2,"ward_name":"Banglamkunnu","notes":"","source":"OpenStreetMap (Overpass API) — seed; verify against KITE/DHS/LSGD","license":"ODbL 1.0","source_date":"2026-09-09","verified":false},"geometry":{"type":"Point","coordinates":[75.948251,10.949014]}},{"type":"Feature","properties":{"id":"osm-w961364769","osm_id":961364769,"name":"Krishi Bhavan","name_ml":"","category":"government","subtype":"Agriculture","operator_type":"","address":"","phone":"","website":"","local_body":"Ozhur","local_body_id":"ozhur","ward_no":4,"ward_name":"Omachappuzha","notes":"","source":"OpenStreetMap (Overpass API) — seed; verify against KITE/DHS/LSGD","license":"ODbL 1.0","source_date":"2026-09-09","verified":false},"geometry":{"type":"Point","coordinates":[75.918714,10.980679]}},{"type":"Feature","properties":{"id":"osm-w895778735","osm_id":895778735,"name":"Krishibhavan Ponmundam","name_ml":"","category":"government","subtype":"Public_service","operator_type":"government","address":"Vailathur","phone":"","website":"","local_body":"Ponmundam","local_body_id":"ponmundam","ward_no":8,"ward_name":"Kanhikulangara","notes":"","source":"OpenStreetMap (Overpass API) — seed; verify against KITE/DHS/LSGD","license":"ODbL 1.0","source_date":"2026-09-09","verified":false},"geometry":{"type":"Point","coordinates":[75.946733,10.953118]}},{"type":"Feature","properties":{"id":"osm-w895775149","osm_id":895775149,"name":"Kseb Ponmundam( Vailathur)","name_ml":"","category":"government","subtype":"Government Office","operator_type":"government","address":"","phone":"","website":"","local_body":"Ponmundam","local_body_id":"ponmundam","ward_no":12,"ward_name":"Vailathoor","notes":"","source":"OpenStreetMap (Overpass API) — seed; verify against KITE/DHS/LSGD","license":"ODbL 1.0","source_date":"2026-09-09","verified":false},"geometry":{"type":"Point","coordinates":[75.947098,10.956688]}},{"type":"Feature","properties":{"id":"osm-n10046798686","osm_id":10046798686,"name":"Ksfe","name_ml":"","category":"government","subtype":"Government Office","operator_type":"","address":"","phone":"","website":"","local_body":"Tanur","local_body_id":"tanur","ward_no":23,"ward_name":"Tanur","notes":"","source":"OpenStreetMap (Overpass API) — seed; verify against KITE/DHS/LSGD","license":"ODbL 1.0","source_date":"2026-09-09","verified":false},"geometry":{"type":"Point","coordinates":[75.877694,10.977144]}},{"type":"Feature","properties":{"id":"osm-w800036148","osm_id":800036148,"name":"Panchayath Office, Tanalur","name_ml":"","category":"government","subtype":"Panchayath_office","operator_type":"","address":"Chemmad Road, Tanalur, 676307","phone":"","website":"","local_body":"Thanaloor","local_body_id":"tanalur","ward_no":5,"ward_name":"Parengath","notes":"","source":"OpenStreetMap (Overpass API) — seed; verify against KITE/DHS/LSGD","license":"ODbL 1.0","source_date":"2026-09-09","verified":false},"geometry":{"type":"Point","coordinates":[75.908914,10.951867]}},{"type":"Feature","properties":{"id":"osm-n10081108865","osm_id":10081108865,"name":"Pariyapuram Post Office","name_ml":"","category":"government","subtype":"Post office","operator_type":"private","address":"","phone":"","website":"","local_body":"Tanur","local_body_id":"tanur","ward_no":43,"ward_name":"Mukkola","notes":"","source":"OpenStreetMap (Overpass API) — seed; verify against KITE/DHS/LSGD","license":"ODbL 1.0","source_date":"2026-09-09","verified":false},"geometry":{"type":"Point","coordinates":[75.87329,11.004926]}},{"type":"Feature","properties":{"id":"osm-n4570963191","osm_id":4570963191,"name":"Police Station, Tanur","name_ml":"","category":"government","subtype":"Police station","operator_type":"","address":"","phone":"","website":"","local_body":"Tanur","local_body_id":"tanur","ward_no":34,"ward_name":"Tanur Central","notes":"","source":"OpenStreetMap (Overpass API) — seed; verify against KITE/DHS/LSGD","license":"ODbL 1.0","source_date":"2026-09-09","verified":false},"geometry":{"type":"Point","coordinates":[75.875805,10.978432]}},{"type":"Feature","properties":{"id":"osm-w754352462","osm_id":754352462,"name":"Ponmundam Grama Panchayat Office","name_ml":"","category":"government","subtype":"Panchayath_office","operator_type":"government","address":"Vailathur, 676106","phone":"+914942586253","website":"","local_body":"Ponmundam","local_body_id":"ponmundam","ward_no":12,"ward_name":"Vailathoor","notes":"","source":"OpenStreetMap (Overpass API) — seed; verify against KITE/DHS/LSGD","license":"ODbL 1.0","source_date":"2026-09-09","verified":false},"geometry":{"type":"Point","coordinates":[75.945966,10.953963]}},{"type":"Feature","properties":{"id":"osm-n8323902627","osm_id":8323902627,"name":"Ponmundam Village Office","name_ml":"","category":"government","subtype":"Government Office","operator_type":"government","address":"","phone":"","website":"","local_body":"Ponmundam","local_body_id":"ponmundam","ward_no":12,"ward_name":"Vailathoor","notes":"","source":"OpenStreetMap (Overpass API) — seed; verify against KITE/DHS/LSGD","license":"ODbL 1.0","source_date":"2026-09-09","verified":false},"geometry":{"type":"Point","coordinates":[75.947961,10.949766]}},{"type":"Feature","properties":{"id":"osm-w895777394","osm_id":895777394,"name":"Ponmundan Post Office","name_ml":"","category":"government","subtype":"Government Office","operator_type":"government","address":"Vailathur","phone":"","website":"","local_body":"Ponmundam","local_body_id":"ponmundam","ward_no":12,"ward_name":"Vailathoor","notes":"","source":"OpenStreetMap (Overpass API) — seed; verify against KITE/DHS/LSGD","license":"ODbL 1.0","source_date":"2026-09-09","verified":false},"geometry":{"type":"Point","coordinates":[75.944471,10.953845]}},{"type":"Feature","properties":{"id":"osm-n8896952639","osm_id":8896952639,"name":"Post Office","name_ml":"","category":"government","subtype":"Post office","operator_type":"","address":"","phone":"","website":"","local_body":"Ozhur","local_body_id":"ozhur","ward_no":4,"ward_name":"Omachappuzha","notes":"","source":"OpenStreetMap (Overpass API) — seed; verify against KITE/DHS/LSGD","license":"ODbL 1.0","source_date":"2026-09-09","verified":false},"geometry":{"type":"Point","coordinates":[75.923959,10.98003]}},{"type":"Feature","properties":{"id":"osm-w960161812","osm_id":960161812,"name":"Post Office","name_ml":"","category":"government","subtype":"Post office","operator_type":"","address":"Iringavoor, Tirur, 676103","phone":"","website":"","local_body":"Cheriyamundam","local_body_id":"cheriyamundam","ward_no":11,"ward_name":"Thiruthummal","notes":"","source":"OpenStreetMap (Overpass API) — seed; verify against KITE/DHS/LSGD","license":"ODbL 1.0","source_date":"2026-09-09","verified":false},"geometry":{"type":"Point","coordinates":[75.950988,10.921709]}},{"type":"Feature","properties":{"id":"osm-n9110009072","osm_id":9110009072,"name":"Post Office, Panangattoor","name_ml":"","category":"government","subtype":"Post office","operator_type":"","address":"Panangattoor, Tanur, 676302","phone":"","website":"","local_body":"Tanur","local_body_id":"tanur","ward_no":11,"ward_name":"Panangattoor Central","notes":"","source":"OpenStreetMap (Overpass API) — seed; verify against KITE/DHS/LSGD","license":"ODbL 1.0","source_date":"2026-09-09","verified":false},"geometry":{"type":"Point","coordinates":[75.892983,10.993112]}},{"type":"Feature","properties":{"id":"osm-n8896952640","osm_id":8896952640,"name":"Post Ofice","name_ml":"","category":"government","subtype":"Post office","operator_type":"","address":"","phone":"","website":"","local_body":"Ozhur","local_body_id":"ozhur","ward_no":21,"ward_name":"Kuruvattissery","notes":"","source":"OpenStreetMap (Overpass API) — seed; verify against KITE/DHS/LSGD","license":"ODbL 1.0","source_date":"2026-09-09","verified":false},"geometry":{"type":"Point","coordinates":[75.905593,10.973056]}},{"type":"Feature","properties":{"id":"osm-w824599415","osm_id":824599415,"name":"Ration Shop","name_ml":"","category":"government","subtype":"Public_service","operator_type":"","address":"","phone":"","website":"","local_body":"Thanaloor","local_body_id":"tanalur","ward_no":8,"ward_name":"Pakara North","notes":"","source":"OpenStreetMap (Overpass API) — seed; verify against KITE/DHS/LSGD","license":"ODbL 1.0","source_date":"2026-09-09","verified":false},"geometry":{"type":"Point","coordinates":[75.923094,10.953678]}},{"type":"Feature","properties":{"id":"osm-n10046799740","osm_id":10046799740,"name":"Sub Registrar Office","name_ml":"","category":"government","subtype":"Government Office","operator_type":"","address":"","phone":"","website":"","local_body":"Tanur","local_body_id":"tanur","ward_no":34,"ward_name":"Tanur Central","notes":"","source":"OpenStreetMap (Overpass API) — seed; verify against KITE/DHS/LSGD","license":"ODbL 1.0","source_date":"2026-09-09","verified":false},"geometry":{"type":"Point","coordinates":[75.880928,10.977835]}},{"type":"Feature","properties":{"id":"osm-n10020388559","osm_id":10020388559,"name":"Tanur Block Panchayat Office","name_ml":"","category":"government","subtype":"Government Office","operator_type":"","address":"","phone":"","website":"","local_body":"Tanur","local_body_id":"tanur","ward_no":35,"ward_name":"Civil Station","notes":"","source":"OpenStreetMap (Overpass API) — seed; verify against KITE/DHS/LSGD","license":"ODbL 1.0","source_date":"2026-09-09","verified":false},"geometry":{"type":"Point","coordinates":[75.875518,10.98477]}},{"type":"Feature","properties":{"id":"osm-w761096940","osm_id":761096940,"name":"Tanur Municipality","name_ml":"","category":"government","subtype":"Government Office","operator_type":"","address":"","phone":"","website":"","local_body":"Tanur","local_body_id":"tanur","ward_no":22,"ward_name":"Nadakkavu","notes":"","source":"OpenStreetMap (Overpass API) — seed; verify against KITE/DHS/LSGD","license":"ODbL 1.0","source_date":"2026-09-09","verified":false},"geometry":{"type":"Point","coordinates":[75.880269,10.977182]}},{"type":"Feature","properties":{"id":"osm-n10038590745","osm_id":10038590745,"name":"Tanur Police Head Quaters","name_ml":"","category":"government","subtype":"Police station","operator_type":"","address":"","phone":"","website":"","local_body":"Tanur","local_body_id":"tanur","ward_no":22,"ward_name":"Nadakkavu","notes":"","source":"OpenStreetMap (Overpass API) — seed; verify against KITE/DHS/LSGD","license":"ODbL 1.0","source_date":"2026-09-09","verified":false},"geometry":{"type":"Point","coordinates":[75.879915,10.974603]}},{"type":"Feature","properties":{"id":"osm-n10038607320","osm_id":10038607320,"name":"Tanur Post Office","name_ml":"","category":"government","subtype":"Post office","operator_type":"private","address":"","phone":"","website":"","local_body":"Tanur","local_body_id":"tanur","ward_no":22,"ward_name":"Nadakkavu","notes":"","source":"OpenStreetMap (Overpass API) — seed; verify against KITE/DHS/LSGD","license":"ODbL 1.0","source_date":"2026-09-09","verified":false},"geometry":{"type":"Point","coordinates":[75.878857,10.977241]}},{"type":"Feature","properties":{"id":"osm-n8757396569","osm_id":8757396569,"name":"Thalakkadathur Post Office","name_ml":"","category":"government","subtype":"Post office","operator_type":"","address":"Tirur - Malappuram - Manjeri Road, thalakkadathur, 676103","phone":"","website":"","local_body":"Cheriyamundam","local_body_id":"cheriyamundam","ward_no":19,"ward_name":"Ipputungal","notes":"","source":"OpenStreetMap (Overpass API) — seed; verify against KITE/DHS/LSGD","license":"ODbL 1.0","source_date":"2026-09-09","verified":false},"geometry":{"type":"Point","coordinates":[75.935772,10.935482]}},{"type":"Feature","properties":{"id":"osm-n10052870168","osm_id":10052870168,"name":"Urban Sub Center","name_ml":"","category":"government","subtype":"Government Office","operator_type":"","address":"","phone":"","website":"","local_body":"Tanur","local_body_id":"tanur","ward_no":14,"ward_name":"Rayirimangalam East","notes":"","source":"OpenStreetMap (Overpass API) — seed; verify against KITE/DHS/LSGD","license":"ODbL 1.0","source_date":"2026-09-09","verified":false},"geometry":{"type":"Point","coordinates":[75.883677,10.99178]}},{"type":"Feature","properties":{"id":"osm-w960665332","osm_id":960665332,"name":"Village Office","name_ml":"","category":"government","subtype":"Village_office","operator_type":"","address":"puliparambu, Tirur, 676320","phone":"","website":"","local_body":"Ozhur","local_body_id":"ozhur","ward_no":4,"ward_name":"Omachappuzha","notes":"","source":"OpenStreetMap (Overpass API) — seed; verify against KITE/DHS/LSGD","license":"ODbL 1.0","source_date":"2026-09-09","verified":false},"geometry":{"type":"Point","coordinates":[75.919467,10.980443]}},{"type":"Feature","properties":{"id":"osm-n8984896804","osm_id":8984896804,"name":"Village Office Niramarathur","name_ml":"","category":"government","subtype":"Government Office","operator_type":"","address":"","phone":"","website":"","local_body":"Niramaruthoor","local_body_id":"niramaruthoor","ward_no":4,"ward_name":"Chakkaramoola","notes":"","source":"OpenStreetMap (Overpass API) — seed; verify against KITE/DHS/LSGD","license":"ODbL 1.0","source_date":"2026-09-09","verified":false},"geometry":{"type":"Point","coordinates":[75.891751,10.924823]}},{"type":"Feature","properties":{"id":"osm-n10081107270","osm_id":10081107270,"name":"Village Office Pariyapuram","name_ml":"","category":"government","subtype":"Government Office","operator_type":"","address":"","phone":"","website":"","local_body":"Tanur","local_body_id":"tanur","ward_no":43,"ward_name":"Mukkola","notes":"","source":"OpenStreetMap (Overpass API) — seed; verify against KITE/DHS/LSGD","license":"ODbL 1.0","source_date":"2026-09-09","verified":false},"geometry":{"type":"Point","coordinates":[75.872277,11.007347]}},{"type":"Feature","properties":{"id":"osm-w800036149","osm_id":800036149,"name":"Village Office, Tanalur","name_ml":"","category":"government","subtype":"Village_office","operator_type":"","address":"Chemmad Road, Tanalur, 676307","phone":"","website":"","local_body":"Thanaloor","local_body_id":"tanalur","ward_no":5,"ward_name":"Parengath","notes":"","source":"OpenStreetMap (Overpass API) — seed; verify against KITE/DHS/LSGD","license":"ODbL 1.0","source_date":"2026-09-09","verified":false},"geometry":{"type":"Point","coordinates":[75.909055,10.951926]}},{"type":"Feature","properties":{"id":"osm-n13762487002","osm_id":13762487002,"name":"തറമ്മൽ(H)","name_ml":"","category":"government","subtype":"Local body office","operator_type":"","address":"puthanapally omachappuzha road, 676320","phone":"","website":"","local_body":"Ozhur","local_body_id":"ozhur","ward_no":5,"ward_name":"Varikkottuthara","notes":"","source":"OpenStreetMap (Overpass API) — seed; verify against KITE/DHS/LSGD","license":"ODbL 1.0","source_date":"2026-09-09","verified":false},"geometry":{"type":"Point","coordinates":[75.93223,10.977766]}},{"type":"Feature","properties":{"id":"osm-n7724366123","osm_id":7724366123,"name":"Aiswarya Clinic","name_ml":"","category":"health","subtype":"Clinic / PHC","operator_type":"","address":"676302","phone":"","website":"","local_body":"Tanur","local_body_id":"tanur","ward_no":34,"ward_name":"Tanur Central","notes":"","source":"OpenStreetMap (Overpass API) — seed; verify against KITE/DHS/LSGD","license":"ODbL 1.0","source_date":"2026-09-09","verified":false},"geometry":{"type":"Point","coordinates":[75.880028,10.978821]}},{"type":"Feature","properties":{"id":"osm-w1216070083","osm_id":1216070083,"name":"Al Noor Hospital","name_ml":"","category":"health","subtype":"Hospital","operator_type":"","address":"676103","phone":"","website":"","local_body":"Cheriyamundam","local_body_id":"cheriyamundam","ward_no":18,"ward_name":"Thalakkadathur Town","notes":"","source":"OpenStreetMap (Overpass API) — seed; verify against KITE/DHS/LSGD","license":"ODbL 1.0","source_date":"2026-09-09","verified":false},"geometry":{"type":"Point","coordinates":[75.934916,10.933544]}},{"type":"Feature","properties":{"id":"osm-n7724366163","osm_id":7724366163,"name":"Community Health Centre Tanur","name_ml":"","category":"health","subtype":"Hospital","operator_type":"private","address":"676302","phone":"","website":"","local_body":"Tanur","local_body_id":"tanur","ward_no":31,"ward_name":"Tanur Nagaram","notes":"","source":"OpenStreetMap (Overpass API) — seed; verify against KITE/DHS/LSGD","license":"ODbL 1.0","source_date":"2026-09-09","verified":false},"geometry":{"type":"Point","coordinates":[75.871161,10.977076]}},{"type":"Feature","properties":{"id":"osm-w799165933","osm_id":799165933,"name":"Community Health Centre, Tanur","name_ml":"","category":"health","subtype":"Health facility","operator_type":"","address":"","phone":"","website":"","local_body":"Tanur","local_body_id":"tanur","ward_no":37,"ward_name":"C.H.C","notes":"","source":"OpenStreetMap (Overpass API) — seed; verify against KITE/DHS/LSGD","license":"ODbL 1.0","source_date":"2026-09-09","verified":false},"geometry":{"type":"Point","coordinates":[75.869213,10.983787]}},{"type":"Feature","properties":{"id":"osm-n6956893860","osm_id":6956893860,"name":"Daya Hospital","name_ml":"","category":"health","subtype":"Hospital","operator_type":"","address":"676307","phone":"","website":"","local_body":"Thanaloor","local_body_id":"tanalur","ward_no":1,"ward_name":"Moolakkal","notes":"","source":"OpenStreetMap (Overpass API) — seed; verify against KITE/DHS/LSGD","license":"ODbL 1.0","source_date":"2026-09-09","verified":false},"geometry":{"type":"Point","coordinates":[75.885544,10.96715]}},{"type":"Feature","properties":{"id":"osm-n8387757770","osm_id":8387757770,"name":"Doctors Pharmacy","name_ml":"","category":"health","subtype":"Health facility","operator_type":"","address":"","phone":"","website":"","local_body":"Thanaloor","local_body_id":"tanalur","ward_no":1,"ward_name":"Moolakkal","notes":"","source":"OpenStreetMap (Overpass API) — seed; verify against KITE/DHS/LSGD","license":"ODbL 1.0","source_date":"2026-09-09","verified":false},"geometry":{"type":"Point","coordinates":[75.885474,10.965928]}},{"type":"Feature","properties":{"id":"osm-n7724366130","osm_id":7724366130,"name":"Dr. Shehma Clinic","name_ml":"","category":"health","subtype":"Clinic / PHC","operator_type":"","address":"676302","phone":"","website":"","local_body":"Tanur","local_body_id":"tanur","ward_no":30,"ward_name":"Edakkadappuram North","notes":"","source":"OpenStreetMap (Overpass API) — seed; verify against KITE/DHS/LSGD","license":"ODbL 1.0","source_date":"2026-09-09","verified":false},"geometry":{"type":"Point","coordinates":[75.87241,10.973129]}},{"type":"Feature","properties":{"id":"osm-n7724366104","osm_id":7724366104,"name":"Family Dental Hospital","name_ml":"","category":"health","subtype":"Hospital","operator_type":"","address":"676302","phone":"","website":"","local_body":"Tanur","local_body_id":"tanur","ward_no":24,"ward_name":"Karad","notes":"","source":"OpenStreetMap (Overpass API) — seed; verify against KITE/DHS/LSGD","license":"ODbL 1.0","source_date":"2026-09-09","verified":false},"geometry":{"type":"Point","coordinates":[75.877564,10.974756]}},{"type":"Feature","properties":{"id":"osm-w981016831","osm_id":981016831,"name":"Family Health Centre, Ozhoor","name_ml":"","category":"health","subtype":"Hospital","operator_type":"private","address":"","phone":"","website":"","local_body":"Ozhur","local_body_id":"ozhur","ward_no":1,"ward_name":"Eranellur","notes":"","source":"OpenStreetMap (Overpass API) — seed; verify against KITE/DHS/LSGD","license":"ODbL 1.0","source_date":"2026-09-09","verified":false},"geometry":{"type":"Point","coordinates":[75.901749,10.979]}},{"type":"Feature","properties":{"id":"osm-w1223800085","osm_id":1223800085,"name":"First Health Clinic","name_ml":"","category":"health","subtype":"Clinic / PHC","operator_type":"","address":"","phone":"","website":"","local_body":"Ponmundam","local_body_id":"ponmundam","ward_no":8,"ward_name":"Kanhikulangara","notes":"","source":"OpenStreetMap (Overpass API) — seed; verify against KITE/DHS/LSGD","license":"ODbL 1.0","source_date":"2026-09-09","verified":false},"geometry":{"type":"Point","coordinates":[75.94727,10.953305]}},{"type":"Feature","properties":{"id":"osm-n8994686589","osm_id":8994686589,"name":"Goverment Ayurvedha Dispencery","name_ml":"","category":"health","subtype":"Hospital","operator_type":"","address":"","phone":"","website":"","local_body":"Ponmundam","local_body_id":"ponmundam","ward_no":12,"ward_name":"Vailathoor","notes":"","source":"OpenStreetMap (Overpass API) — seed; verify against KITE/DHS/LSGD","license":"ODbL 1.0","source_date":"2026-09-09","verified":false},"geometry":{"type":"Point","coordinates":[75.948076,10.949577]}},{"type":"Feature","properties":{"id":"osm-w961364761","osm_id":961364761,"name":"Goverment Homeo Clinic Vellachal","name_ml":"","category":"health","subtype":"Clinic / PHC","operator_type":"","address":"","phone":"","website":"","local_body":"Ozhur","local_body_id":"ozhur","ward_no":13,"ward_name":"Vellachal","notes":"","source":"OpenStreetMap (Overpass API) — seed; verify against KITE/DHS/LSGD","license":"ODbL 1.0","source_date":"2026-09-09","verified":false},"geometry":{"type":"Point","coordinates":[75.928242,10.9637]}},{"type":"Feature","properties":{"id":"osm-n7724366150","osm_id":7724366150,"name":"Government Ayurveda Dispensary","name_ml":"","category":"health","subtype":"Health facility","operator_type":"","address":"676302","phone":"","website":"","local_body":"Ozhur","local_body_id":"ozhur","ward_no":21,"ward_name":"Kuruvattissery","notes":"","source":"OpenStreetMap (Overpass API) — seed; verify against KITE/DHS/LSGD","license":"ODbL 1.0","source_date":"2026-09-09","verified":false},"geometry":{"type":"Point","coordinates":[75.896613,10.972548]}},{"type":"Feature","properties":{"id":"osm-w1055886030","osm_id":1055886030,"name":"Government Ayurveda Dispensary Ozhur","name_ml":"","category":"health","subtype":"Health facility","operator_type":"government","address":"","phone":"","website":"","local_body":"Ozhur","local_body_id":"ozhur","ward_no":20,"ward_name":"Onakkad","notes":"","source":"OpenStreetMap (Overpass API) — seed; verify against KITE/DHS/LSGD","license":"ODbL 1.0","source_date":"2026-09-09","verified":false},"geometry":{"type":"Point","coordinates":[75.900088,10.969702]}},{"type":"Feature","properties":{"id":"osm-w1067489695","osm_id":1067489695,"name":"Government Ayurveda Dispensary Vailathur","name_ml":"","category":"health","subtype":"Health facility","operator_type":"government","address":"","phone":"","website":"","local_body":"Ponmundam","local_body_id":"ponmundam","ward_no":12,"ward_name":"Vailathoor","notes":"","source":"OpenStreetMap (Overpass API) — seed; verify against KITE/DHS/LSGD","license":"ODbL 1.0","source_date":"2026-09-09","verified":false},"geometry":{"type":"Point","coordinates":[75.948165,10.949667]}},{"type":"Feature","properties":{"id":"osm-w996840404","osm_id":996840404,"name":"Government Ayurveda Dispensary, Tanur","name_ml":"","category":"health","subtype":"Health facility","operator_type":"government","address":"Tanur","phone":"","website":"","local_body":"Tanur","local_body_id":"tanur","ward_no":7,"ward_name":"Moria","notes":"","source":"OpenStreetMap (Overpass API) — seed; verify against KITE/DHS/LSGD","license":"ODbL 1.0","source_date":"2026-09-09","verified":false},"geometry":{"type":"Point","coordinates":[75.888358,11.006235]}},{"type":"Feature","properties":{"id":"osm-w997341827","osm_id":997341827,"name":"Government Ayurveda Mobile Dispensary, Tanalur","name_ml":"","category":"health","subtype":"Health facility","operator_type":"government","address":"Tanalur","phone":"","website":"","local_body":"Thanaloor","local_body_id":"tanalur","ward_no":15,"ward_name":"Moochikkal","notes":"","source":"OpenStreetMap (Overpass API) — seed; verify against KITE/DHS/LSGD","license":"ODbL 1.0","source_date":"2026-09-09","verified":false},"geometry":{"type":"Point","coordinates":[75.906915,10.935711]}},{"type":"Feature","properties":{"id":"osm-n10004314466","osm_id":10004314466,"name":"Government Homeo Health Centre","name_ml":"","category":"health","subtype":"Health facility","operator_type":"","address":"","phone":"","website":"","local_body":"Tanur","local_body_id":"tanur","ward_no":1,"ward_name":"Ottumpuram","notes":"","source":"OpenStreetMap (Overpass API) — seed; verify against KITE/DHS/LSGD","license":"ODbL 1.0","source_date":"2026-09-09","verified":false},"geometry":{"type":"Point","coordinates":[75.860152,11.011499]}},{"type":"Feature","properties":{"id":"osm-n7482053254","osm_id":7482053254,"name":"Government Public Health Centre Cheriyamundam","name_ml":"","category":"health","subtype":"Hospital","operator_type":"private","address":"","phone":"","website":"","local_body":"Cheriyamundam","local_body_id":"cheriyamundam","ward_no":15,"ward_name":"Parapputhadam","notes":"","source":"OpenStreetMap (Overpass API) — seed; verify against KITE/DHS/LSGD","license":"ODbL 1.0","source_date":"2026-09-09","verified":false},"geometry":{"type":"Point","coordinates":[75.947304,10.934675]}},{"type":"Feature","properties":{"id":"osm-n7494491580","osm_id":7494491580,"name":"Govt Family Health Sub Centre Ozhur","name_ml":"","category":"health","subtype":"Hospital","operator_type":"private","address":"","phone":"","website":"","local_body":"Ozhur","local_body_id":"ozhur","ward_no":1,"ward_name":"Eranellur","notes":"","source":"OpenStreetMap (Overpass API) — seed; verify against KITE/DHS/LSGD","license":"ODbL 1.0","source_date":"2026-09-09","verified":false},"geometry":{"type":"Point","coordinates":[75.901684,10.978993]}},{"type":"Feature","properties":{"id":"osm-n9007689112","osm_id":9007689112,"name":"Govt Family Health Sub Centre Ozhur","name_ml":"","category":"health","subtype":"Clinic / PHC","operator_type":"","address":"","phone":"","website":"","local_body":"Ozhur","local_body_id":"ozhur","ward_no":1,"ward_name":"Eranellur","notes":"","source":"OpenStreetMap (Overpass API) — seed; verify against KITE/DHS/LSGD","license":"ODbL 1.0","source_date":"2026-09-09","verified":false},"geometry":{"type":"Point","coordinates":[75.897083,10.980103]}},{"type":"Feature","properties":{"id":"osm-n7486627365","osm_id":7486627365,"name":"Govt Primary Health Centre Tanalur","name_ml":"","category":"health","subtype":"Hospital","operator_type":"private","address":"","phone":"","website":"","local_body":"Thanaloor","local_body_id":"tanalur","ward_no":12,"ward_name":"Pakara South","notes":"","source":"OpenStreetMap (Overpass API) — seed; verify against KITE/DHS/LSGD","license":"ODbL 1.0","source_date":"2026-09-09","verified":false},"geometry":{"type":"Point","coordinates":[75.913437,10.951253]}},{"type":"Feature","properties":{"id":"osm-n10004247959","osm_id":10004247959,"name":"Health Center Edakandapuram","name_ml":"","category":"health","subtype":"Health facility","operator_type":"","address":"","phone":"","website":"","local_body":"Tanur","local_body_id":"tanur","ward_no":29,"ward_name":"Edakkadappuram South","notes":"","source":"OpenStreetMap (Overpass API) — seed; verify against KITE/DHS/LSGD","license":"ODbL 1.0","source_date":"2026-09-09","verified":false},"geometry":{"type":"Point","coordinates":[75.872897,10.968247]}},{"type":"Feature","properties":{"id":"osm-n10036087116","osm_id":10036087116,"name":"Health Centre","name_ml":"","category":"health","subtype":"Health facility","operator_type":"","address":"","phone":"","website":"","local_body":"Tanur","local_body_id":"tanur","ward_no":19,"ward_name":"Kattilangadi","notes":"","source":"OpenStreetMap (Overpass API) — seed; verify against KITE/DHS/LSGD","license":"ODbL 1.0","source_date":"2026-09-09","verified":false},"geometry":{"type":"Point","coordinates":[75.890765,10.977078]}},{"type":"Feature","properties":{"id":"osm-w863525785","osm_id":863525785,"name":"Health Centre Patttaruparamb","name_ml":"","category":"health","subtype":"Clinic / PHC","operator_type":"government","address":"","phone":"","website":"","local_body":"Thanaloor","local_body_id":"tanalur","ward_no":22,"ward_name":"Thadipadi","notes":"","source":"OpenStreetMap (Overpass API) — seed; verify against KITE/DHS/LSGD","license":"ODbL 1.0","source_date":"2026-09-09","verified":false},"geometry":{"type":"Point","coordinates":[75.882571,10.946797]}},{"type":"Feature","properties":{"id":"osm-n7724366156","osm_id":7724366156,"name":"Ideal Physiotherapy Clinic","name_ml":"","category":"health","subtype":"Clinic / PHC","operator_type":"","address":"676302","phone":"","website":"","local_body":"Tanur","local_body_id":"tanur","ward_no":22,"ward_name":"Nadakkavu","notes":"","source":"OpenStreetMap (Overpass API) — seed; verify against KITE/DHS/LSGD","license":"ODbL 1.0","source_date":"2026-09-09","verified":false},"geometry":{"type":"Point","coordinates":[75.880758,10.976864]}},{"type":"Feature","properties":{"id":"osm-n8984939813","osm_id":8984939813,"name":"Kmcc Palitive Center","name_ml":"","category":"health","subtype":"Hospital","operator_type":"","address":"","phone":"","website":"","local_body":"Niramaruthoor","local_body_id":"niramaruthoor","ward_no":15,"ward_name":"Ayyappankavu","notes":"","source":"OpenStreetMap (Overpass API) — seed; verify against KITE/DHS/LSGD","license":"ODbL 1.0","source_date":"2026-09-09","verified":false},"geometry":{"type":"Point","coordinates":[75.89321,10.920046]}},{"type":"Feature","properties":{"id":"osm-w961092810","osm_id":961092810,"name":"Medical Lab","name_ml":"","category":"health","subtype":"Health facility","operator_type":"","address":"Iringavoor, Tirur, 676103","phone":"","website":"","local_body":"Cheriyamundam","local_body_id":"cheriyamundam","ward_no":9,"ward_name":"Iringavoor Town","notes":"","source":"OpenStreetMap (Overpass API) — seed; verify against KITE/DHS/LSGD","license":"ODbL 1.0","source_date":"2026-09-09","verified":false},"geometry":{"type":"Point","coordinates":[75.956258,10.923741]}},{"type":"Feature","properties":{"id":"osm-n8860921735","osm_id":8860921735,"name":"Noble Medicals","name_ml":"","category":"health","subtype":"Health facility","operator_type":"private","address":"","phone":"","website":"","local_body":"Tanur","local_body_id":"tanur","ward_no":23,"ward_name":"Tanur","notes":"","source":"OpenStreetMap (Overpass API) — seed; verify against KITE/DHS/LSGD","license":"ODbL 1.0","source_date":"2026-09-09","verified":false},"geometry":{"type":"Point","coordinates":[75.878184,10.976651]}},{"type":"Feature","properties":{"id":"osm-n8900042020","osm_id":8900042020,"name":"Paliative Care","name_ml":"","category":"health","subtype":"Hospital","operator_type":"","address":"","phone":"","website":"","local_body":"Ponmundam","local_body_id":"ponmundam","ward_no":11,"ward_name":"Nottappuram","notes":"","source":"OpenStreetMap (Overpass API) — seed; verify against KITE/DHS/LSGD","license":"ODbL 1.0","source_date":"2026-09-09","verified":false},"geometry":{"type":"Point","coordinates":[75.947556,10.953497]}},{"type":"Feature","properties":{"id":"osm-w863528547","osm_id":863528547,"name":"Phc Thanalur (Sub Centre)","name_ml":"","category":"health","subtype":"Clinic / PHC","operator_type":"government","address":"","phone":"","website":"","local_body":"Thanaloor","local_body_id":"tanalur","ward_no":16,"ward_name":"Valiyapadam","notes":"","source":"OpenStreetMap (Overpass API) — seed; verify against KITE/DHS/LSGD","license":"ODbL 1.0","source_date":"2026-09-09","verified":false},"geometry":{"type":"Point","coordinates":[75.910793,10.943079]}},{"type":"Feature","properties":{"id":"osm-w800470159","osm_id":800470159,"name":"Ponmundam Health Centre","name_ml":"","category":"health","subtype":"Hospital","operator_type":"","address":"","phone":"","website":"","local_body":"Ponmundam","local_body_id":"ponmundam","ward_no":8,"ward_name":"Kanhikulangara","notes":"","source":"OpenStreetMap (Overpass API) — seed; verify against KITE/DHS/LSGD","license":"ODbL 1.0","source_date":"2026-09-09","verified":false},"geometry":{"type":"Point","coordinates":[75.946733,10.953118]}},{"type":"Feature","properties":{"id":"osm-w984858944","osm_id":984858944,"name":"Prabhath Medicare And Pharmacy, Kannanthali","name_ml":"","category":"health","subtype":"Clinic / PHC","operator_type":"","address":"Kannanthali, Tanur, 676302","phone":"","website":"","local_body":"Tanur","local_body_id":"tanur","ward_no":18,"ward_name":"Kannanthali","notes":"","source":"OpenStreetMap (Overpass API) — seed; verify against KITE/DHS/LSGD","license":"ODbL 1.0","source_date":"2026-09-09","verified":false},"geometry":{"type":"Point","coordinates":[75.894366,10.985364]}},{"type":"Feature","properties":{"id":"osm-w736704492","osm_id":736704492,"name":"Primary Health Center 24*7, Thevarkadappuram","name_ml":"","category":"health","subtype":"Hospital","operator_type":"private","address":"","phone":"","website":"","local_body":"Niramaruthoor","local_body_id":"niramaruthoor","ward_no":17,"ward_name":"Pancharamoola","notes":"","source":"OpenStreetMap (Overpass API) — seed; verify against KITE/DHS/LSGD","license":"ODbL 1.0","source_date":"2026-09-09","verified":false},"geometry":{"type":"Point","coordinates":[75.887776,10.916603]}},{"type":"Feature","properties":{"id":"osm-w800041483","osm_id":800041483,"name":"Primary Health Centre, Cheriyamundam","name_ml":"","category":"health","subtype":"Hospital","operator_type":"private","address":"","phone":"","website":"","local_body":"Cheriyamundam","local_body_id":"cheriyamundam","ward_no":15,"ward_name":"Parapputhadam","notes":"","source":"OpenStreetMap (Overpass API) — seed; verify against KITE/DHS/LSGD","license":"ODbL 1.0","source_date":"2026-09-09","verified":false},"geometry":{"type":"Point","coordinates":[75.947277,10.934675]}},{"type":"Feature","properties":{"id":"osm-n7486559556","osm_id":7486559556,"name":"Primary Health Centre, Ponmundam","name_ml":"","category":"health","subtype":"Hospital","operator_type":"private","address":"","phone":"","website":"","local_body":"Ponmundam","local_body_id":"ponmundam","ward_no":8,"ward_name":"Kanhikulangara","notes":"","source":"OpenStreetMap (Overpass API) — seed; verify against KITE/DHS/LSGD","license":"ODbL 1.0","source_date":"2026-09-09","verified":false},"geometry":{"type":"Point","coordinates":[75.946755,10.953099]}},{"type":"Feature","properties":{"id":"osm-w800473827","osm_id":800473827,"name":"Primary Health Centre, Tanalur","name_ml":"","category":"health","subtype":"Hospital","operator_type":"government","address":"","phone":"","website":"","local_body":"Thanaloor","local_body_id":"tanalur","ward_no":12,"ward_name":"Pakara South","notes":"","source":"OpenStreetMap (Overpass API) — seed; verify against KITE/DHS/LSGD","license":"ODbL 1.0","source_date":"2026-09-09","verified":false},"geometry":{"type":"Point","coordinates":[75.913445,10.951138]}},{"type":"Feature","properties":{"id":"osm-n8889739300","osm_id":8889739300,"name":"Public Health Center Ozhur","name_ml":"","category":"health","subtype":"Health facility","operator_type":"","address":"","phone":"","website":"","local_body":"Ozhur","local_body_id":"ozhur","ward_no":11,"ward_name":"Perinchery","notes":"","source":"OpenStreetMap (Overpass API) — seed; verify against KITE/DHS/LSGD","license":"ODbL 1.0","source_date":"2026-09-09","verified":false},"geometry":{"type":"Point","coordinates":[75.935835,10.977432]}},{"type":"Feature","properties":{"id":"osm-n8897227141","osm_id":8897227141,"name":"Sub Primary Health Center","name_ml":"","category":"health","subtype":"Hospital","operator_type":"","address":"","phone":"","website":"","local_body":"Ponmundam","local_body_id":"ponmundam","ward_no":1,"ward_name":"Kavappura","notes":"","source":"OpenStreetMap (Overpass API) — seed; verify against KITE/DHS/LSGD","license":"ODbL 1.0","source_date":"2026-09-09","verified":false},"geometry":{"type":"Point","coordinates":[75.946602,10.970991]}},{"type":"Feature","properties":{"id":"osm-n8994686588","osm_id":8994686588,"name":"Sub Primary Health Center Cheriyamundam","name_ml":"","category":"health","subtype":"Hospital","operator_type":"","address":"","phone":"","website":"","local_body":"Cheriyamundam","local_body_id":"cheriyamundam","ward_no":2,"ward_name":"Banglamkunnu","notes":"","source":"OpenStreetMap (Overpass API) — seed; verify against KITE/DHS/LSGD","license":"ODbL 1.0","source_date":"2026-09-09","verified":false},"geometry":{"type":"Point","coordinates":[75.948028,10.949238]}},{"type":"Feature","properties":{"id":"osm-w961364770","osm_id":961364770,"name":"Sub Public Health Center Puliparambu","name_ml":"","category":"health","subtype":"Clinic / PHC","operator_type":"","address":"","phone":"","website":"","local_body":"Ozhur","local_body_id":"ozhur","ward_no":4,"ward_name":"Omachappuzha","notes":"","source":"OpenStreetMap (Overpass API) — seed; verify against KITE/DHS/LSGD","license":"ODbL 1.0","source_date":"2026-09-09","verified":false},"geometry":{"type":"Point","coordinates":[75.919076,10.981425]}},{"type":"Feature","properties":{"id":"osm-w346438569","osm_id":346438569,"name":"Sub Public Health Center Vellachal","name_ml":"","category":"health","subtype":"Clinic / PHC","operator_type":"","address":"","phone":"","website":"","local_body":"Ozhur","local_body_id":"ozhur","ward_no":13,"ward_name":"Vellachal","notes":"","source":"OpenStreetMap (Overpass API) — seed; verify against KITE/DHS/LSGD","license":"ODbL 1.0","source_date":"2026-09-09","verified":false},"geometry":{"type":"Point","coordinates":[75.926742,10.964244]}},{"type":"Feature","properties":{"id":"osm-n10046824712","osm_id":10046824712,"name":"Swanthanam Care And Society","name_ml":"","category":"health","subtype":"Health facility","operator_type":"","address":"","phone":"","website":"","local_body":"Tanur","local_body_id":"tanur","ward_no":34,"ward_name":"Tanur Central","notes":"","source":"OpenStreetMap (Overpass API) — seed; verify against KITE/DHS/LSGD","license":"ODbL 1.0","source_date":"2026-09-09","verified":false},"geometry":{"type":"Point","coordinates":[75.875289,10.979134]}},{"type":"Feature","properties":{"id":"osm-w742766051","osm_id":742766051,"name":"Thalakkadathur","name_ml":"","category":"health","subtype":"Hospital","operator_type":"","address":"","phone":"","website":"","local_body":"Cheriyamundam","local_body_id":"cheriyamundam","ward_no":18,"ward_name":"Thalakkadathur Town","notes":"","source":"OpenStreetMap (Overpass API) — seed; verify against KITE/DHS/LSGD","license":"ODbL 1.0","source_date":"2026-09-09","verified":false},"geometry":{"type":"Point","coordinates":[75.935237,10.933823]}},{"type":"Feature","properties":{"id":"osm-n7724366136","osm_id":7724366136,"name":"Unity Mission Hospital","name_ml":"","category":"health","subtype":"Hospital","operator_type":"","address":"676302","phone":"","website":"","local_body":"Tanur","local_body_id":"tanur","ward_no":24,"ward_name":"Karad","notes":"","source":"OpenStreetMap (Overpass API) — seed; verify against KITE/DHS/LSGD","license":"ODbL 1.0","source_date":"2026-09-09","verified":false},"geometry":{"type":"Point","coordinates":[75.877921,10.974701]}},{"type":"Feature","properties":{"id":"osm-n7724366183","osm_id":7724366183,"name":"Urban Primary Health Centre","name_ml":"","category":"health","subtype":"Health facility","operator_type":"","address":"676302","phone":"","website":"","local_body":"Tanur","local_body_id":"tanur","ward_no":9,"ward_name":"Kunnumpuram Central","notes":"","source":"OpenStreetMap (Overpass API) — seed; verify against KITE/DHS/LSGD","license":"ODbL 1.0","source_date":"2026-09-09","verified":false},"geometry":{"type":"Point","coordinates":[75.886654,11.001555]}},{"type":"Feature","properties":{"id":"osm-n9260036424","osm_id":9260036424,"name":"Urban Primary Health Centre, Thanur","name_ml":"","category":"health","subtype":"Health facility","operator_type":"private","address":"","phone":"","website":"","local_body":"Tanur","local_body_id":"tanur","ward_no":34,"ward_name":"Tanur Central","notes":"","source":"OpenStreetMap (Overpass API) — seed; verify against KITE/DHS/LSGD","license":"ODbL 1.0","source_date":"2026-09-09","verified":false},"geometry":{"type":"Point","coordinates":[75.88028,10.977703]}},{"type":"Feature","properties":{"id":"osm-n8387115388","osm_id":8387115388,"name":"Yashodha Pharmacy","name_ml":"","category":"health","subtype":"Health facility","operator_type":"","address":"","phone":"","website":"","local_body":"Thanaloor","local_body_id":"tanalur","ward_no":24,"ward_name":"Keraladeeswarapuram","notes":"","source":"OpenStreetMap (Overpass API) — seed; verify against KITE/DHS/LSGD","license":"ODbL 1.0","source_date":"2026-09-09","verified":false},"geometry":{"type":"Point","coordinates":[75.885265,10.964909]}},{"type":"Feature","properties":{"id":"osm-n7724366159","osm_id":7724366159,"name":"Zaina'S Ayurvedic Clinic","name_ml":"","category":"health","subtype":"Clinic / PHC","operator_type":"","address":"676307","phone":"","website":"","local_body":"Thanaloor","local_body_id":"tanalur","ward_no":5,"ward_name":"Parengath","notes":"","source":"OpenStreetMap (Overpass API) — seed; verify against KITE/DHS/LSGD","license":"ODbL 1.0","source_date":"2026-09-09","verified":false},"geometry":{"type":"Point","coordinates":[75.905864,10.952632]}},{"type":"Feature","properties":{"id":"osm-n8896952637","osm_id":8896952637,"name":"A Irshad","name_ml":"","category":"school","subtype":"School","operator_type":"","address":"","phone":"","website":"","local_body":"Ozhur","local_body_id":"ozhur","ward_no":7,"ward_name":"Kakkidippara","notes":"","source":"OpenStreetMap (Overpass API) — seed; verify against KITE/DHS/LSGD","license":"ODbL 1.0","source_date":"2026-09-09","verified":false},"geometry":{"type":"Point","coordinates":[75.922646,10.993598]}},{"type":"Feature","properties":{"id":"osm-w836509070","osm_id":836509070,"name":"A M Lower Primary School Ayyaya","name_ml":"","category":"school","subtype":"School","operator_type":"","address":"676313","phone":"","website":"","local_body":"Ozhur","local_body_id":"ozhur","ward_no":13,"ward_name":"Vellachal","notes":"","source":"OpenStreetMap (Overpass API) — seed; verify against KITE/DHS/LSGD","license":"ODbL 1.0","source_date":"2026-09-09","verified":false},"geometry":{"type":"Point","coordinates":[75.922496,10.968051]}},{"type":"Feature","properties":{"id":"osm-w833546368","osm_id":833546368,"name":"A M Lower Primary School Cheeran, Kadappuram","name_ml":"","category":"school","subtype":"School","operator_type":"","address":"676302","phone":"","website":"","local_body":"Tanur","local_body_id":"tanur","ward_no":27,"ward_name":"Cheeran Kadappuram","notes":"","source":"OpenStreetMap (Overpass API) — seed; verify against KITE/DHS/LSGD","license":"ODbL 1.0","source_date":"2026-09-09","verified":false},"geometry":{"type":"Point","coordinates":[75.876214,10.955094]}},{"type":"Feature","properties":{"id":"osm-n7781706265","osm_id":7781706265,"name":"Aided Mapila Lower Primary School Iringavur North","name_ml":"","category":"school","subtype":"School","operator_type":"","address":"","phone":"","website":"","local_body":"Cheriyamundam","local_body_id":"cheriyamundam","ward_no":8,"ward_name":"Kuruppinpadi","notes":"","source":"OpenStreetMap (Overpass API) — seed; verify against KITE/DHS/LSGD","license":"ODbL 1.0","source_date":"2026-09-09","verified":false},"geometry":{"type":"Point","coordinates":[75.96166,10.92393]}},{"type":"Feature","properties":{"id":"osm-w833602862","osm_id":833602862,"name":"Aided Mapila Lower Primary School Korangath","name_ml":"","category":"school","subtype":"School","operator_type":"","address":"","phone":"","website":"","local_body":"Niramaruthoor","local_body_id":"niramaruthoor","ward_no":3,"ward_name":"Vattakinar","notes":"","source":"OpenStreetMap (Overpass API) — seed; verify against KITE/DHS/LSGD","license":"ODbL 1.0","source_date":"2026-09-09","verified":false},"geometry":{"type":"Point","coordinates":[75.891124,10.930138]}},{"type":"Feature","properties":{"id":"osm-w833602863","osm_id":833602863,"name":"Aided Mapila Lower Primary School Pathampad","name_ml":"","category":"school","subtype":"School","operator_type":"","address":"","phone":"","website":"","local_body":"Niramaruthoor","local_body_id":"niramaruthoor","ward_no":10,"ward_name":"Pathampad","notes":"","source":"OpenStreetMap (Overpass API) — seed; verify against KITE/DHS/LSGD","license":"ODbL 1.0","source_date":"2026-09-09","verified":false},"geometry":{"type":"Point","coordinates":[75.902747,10.935608]}},{"type":"Feature","properties":{"id":"osm-n7781706243","osm_id":7781706243,"name":"Aided Mapila Lower Public School Panampalam","name_ml":"","category":"school","subtype":"School","operator_type":"","address":"","phone":"","website":"","local_body":"Cheriyamundam","local_body_id":"cheriyamundam","ward_no":13,"ward_name":"Vaniyannur","notes":"","source":"OpenStreetMap (Overpass API) — seed; verify against KITE/DHS/LSGD","license":"ODbL 1.0","source_date":"2026-09-09","verified":false},"geometry":{"type":"Point","coordinates":[75.938686,10.924732]}},{"type":"Feature","properties":{"id":"osm-w845972584","osm_id":845972584,"name":"Aided Mapila Upper Primary School Gnanaprabha","name_ml":"","category":"school","subtype":"School","operator_type":"","address":"","phone":"","website":"","local_body":"Niramaruthoor","local_body_id":"niramaruthoor","ward_no":18,"ward_name":"Thevarkadappuram","notes":"","source":"OpenStreetMap (Overpass API) — seed; verify against KITE/DHS/LSGD","license":"ODbL 1.0","source_date":"2026-09-09","verified":false},"geometry":{"type":"Point","coordinates":[75.885711,10.913792]}},{"type":"Feature","properties":{"id":"osm-w833602872","osm_id":833602872,"name":"Aided Mapila Upper Primary School Vaniyannur","name_ml":"","category":"school","subtype":"School","operator_type":"","address":"","phone":"","website":"","local_body":"Cheriyamundam","local_body_id":"cheriyamundam","ward_no":11,"ward_name":"Thiruthummal","notes":"","source":"OpenStreetMap (Overpass API) — seed; verify against KITE/DHS/LSGD","license":"ODbL 1.0","source_date":"2026-09-09","verified":false},"geometry":{"type":"Point","coordinates":[75.947239,10.921211]}},{"type":"Feature","properties":{"id":"osm-w961903568","osm_id":961903568,"name":"Aided Muslim Lower Primery Schol Chilvil West","name_ml":"","category":"school","subtype":"School","operator_type":"","address":"","phone":"","website":"","local_body":"Ponmundam","local_body_id":"ponmundam","ward_no":14,"ward_name":"Aripeediyengal","notes":"","source":"OpenStreetMap (Overpass API) — seed; verify against KITE/DHS/LSGD","license":"ODbL 1.0","source_date":"2026-09-09","verified":false},"geometry":{"type":"Point","coordinates":[75.934171,10.955837]}},{"type":"Feature","properties":{"id":"osm-w960759676","osm_id":960759676,"name":"Aided Muslim Lower Primery School","name_ml":"","category":"school","subtype":"School","operator_type":"","address":"NALIDAVZAHI, tirur, 676320","phone":"","website":"","local_body":"Ozhur","local_body_id":"ozhur","ward_no":4,"ward_name":"Omachappuzha","notes":"","source":"OpenStreetMap (Overpass API) — seed; verify against KITE/DHS/LSGD","license":"ODbL 1.0","source_date":"2026-09-09","verified":false},"geometry":{"type":"Point","coordinates":[75.924601,10.979627]}},{"type":"Feature","properties":{"id":"osm-w961903566","osm_id":961903566,"name":"Aided Muslim Lower Primery School Chilavil","name_ml":"","category":"school","subtype":"School","operator_type":"","address":"","phone":"","website":"","local_body":"Ponmundam","local_body_id":"ponmundam","ward_no":14,"ward_name":"Aripeediyengal","notes":"","source":"OpenStreetMap (Overpass API) — seed; verify against KITE/DHS/LSGD","license":"ODbL 1.0","source_date":"2026-09-09","verified":false},"geometry":{"type":"Point","coordinates":[75.934992,10.956917]}},{"type":"Feature","properties":{"id":"osm-w970941676","osm_id":970941676,"name":"Aided Muslim Lower Primery School Iringavur North","name_ml":"","category":"school","subtype":"School","operator_type":"","address":"","phone":"","website":"","local_body":"Cheriyamundam","local_body_id":"cheriyamundam","ward_no":8,"ward_name":"Kuruppinpadi","notes":"","source":"OpenStreetMap (Overpass API) — seed; verify against KITE/DHS/LSGD","license":"ODbL 1.0","source_date":"2026-09-09","verified":false},"geometry":{"type":"Point","coordinates":[75.9611,10.925614]}},{"type":"Feature","properties":{"id":"osm-w971822925","osm_id":971822925,"name":"Aided Muslim Lower Primery School Ponmundam South","name_ml":"","category":"school","subtype":"School","operator_type":"","address":"","phone":"","website":"","local_body":"Cheriyamundam","local_body_id":"cheriyamundam","ward_no":3,"ward_name":"Machingapara","notes":"","source":"OpenStreetMap (Overpass API) — seed; verify against KITE/DHS/LSGD","license":"ODbL 1.0","source_date":"2026-09-09","verified":false},"geometry":{"type":"Point","coordinates":[75.951255,10.948865]}},{"type":"Feature","properties":{"id":"osm-w968659545","osm_id":968659545,"name":"Aided Muslim Lower Primery School Thalakkidathur","name_ml":"","category":"school","subtype":"School","operator_type":"","address":"","phone":"","website":"","local_body":"Cheriyamundam","local_body_id":"cheriyamundam","ward_no":1,"ward_name":"Ovungal","notes":"","source":"OpenStreetMap (Overpass API) — seed; verify against KITE/DHS/LSGD","license":"ODbL 1.0","source_date":"2026-09-09","verified":false},"geometry":{"type":"Point","coordinates":[75.941017,10.945714]}},{"type":"Feature","properties":{"id":"osm-n8896952638","osm_id":8896952638,"name":"Al Azhar","name_ml":"","category":"school","subtype":"School","operator_type":"","address":"","phone":"","website":"","local_body":"Ozhur","local_body_id":"ozhur","ward_no":7,"ward_name":"Kakkidippara","notes":"","source":"OpenStreetMap (Overpass API) — seed; verify against KITE/DHS/LSGD","license":"ODbL 1.0","source_date":"2026-09-09","verified":false},"geometry":{"type":"Point","coordinates":[75.923018,10.993652]}},{"type":"Feature","properties":{"id":"osm-n7781457729","osm_id":7781457729,"name":"Al-Ameen English Medium School Vailathur","name_ml":"","category":"school","subtype":"School","operator_type":"","address":"","phone":"","website":"","local_body":"Ponmundam","local_body_id":"ponmundam","ward_no":11,"ward_name":"Nottappuram","notes":"","source":"OpenStreetMap (Overpass API) — seed; verify against KITE/DHS/LSGD","license":"ODbL 1.0","source_date":"2026-09-09","verified":false},"geometry":{"type":"Point","coordinates":[75.949778,10.954538]}},{"type":"Feature","properties":{"id":"osm-w836794272","osm_id":836794272,"name":"Al-Ameen English Medium School, Vailathur","name_ml":"","category":"school","subtype":"School","operator_type":"","address":"676106","phone":"","website":"","local_body":"Ponmundam","local_body_id":"ponmundam","ward_no":11,"ward_name":"Nottappuram","notes":"","source":"OpenStreetMap (Overpass API) — seed; verify against KITE/DHS/LSGD","license":"ODbL 1.0","source_date":"2026-09-09","verified":false},"geometry":{"type":"Point","coordinates":[75.949769,10.954484]}},{"type":"Feature","properties":{"id":"osm-w836454292","osm_id":836454292,"name":"Al-Noor High School Panangattoor","name_ml":"","category":"school","subtype":"School","operator_type":"","address":"676302","phone":"","website":"","local_body":"Tanur","local_body_id":"tanur","ward_no":13,"ward_name":"Chancheri Parambu","notes":"","source":"OpenStreetMap (Overpass API) — seed; verify against KITE/DHS/LSGD","license":"ODbL 1.0","source_date":"2026-09-09","verified":false},"geometry":{"type":"Point","coordinates":[75.890931,10.987295]}},{"type":"Feature","properties":{"id":"osm-n7781335434","osm_id":7781335434,"name":"Alps Puthentheru","name_ml":"","category":"school","subtype":"School","operator_type":"","address":"","phone":"","website":"","local_body":"Thanaloor","local_body_id":"tanalur","ward_no":2,"ward_name":"Devadar","notes":"","source":"OpenStreetMap (Overpass API) — seed; verify against KITE/DHS/LSGD","license":"ODbL 1.0","source_date":"2026-09-09","verified":false},"geometry":{"type":"Point","coordinates":[75.892923,10.962703]}},{"type":"Feature","properties":{"id":"osm-w846839498","osm_id":846839498,"name":"Alps Puthentheru Primary School, Malappuram","name_ml":"","category":"school","subtype":"School","operator_type":"","address":"","phone":"","website":"","local_body":"Thanaloor","local_body_id":"tanalur","ward_no":2,"ward_name":"Devadar","notes":"","source":"OpenStreetMap (Overpass API) — seed; verify against KITE/DHS/LSGD","license":"ODbL 1.0","source_date":"2026-09-09","verified":false},"geometry":{"type":"Point","coordinates":[75.89287,10.96277]}},{"type":"Feature","properties":{"id":"osm-w836217923","osm_id":836217923,"name":"Alps Puthukulangara","name_ml":"","category":"school","subtype":"School","operator_type":"","address":"676307","phone":"","website":"","local_body":"Thanaloor","local_body_id":"tanalur","ward_no":24,"ward_name":"Keraladeeswarapuram","notes":"","source":"OpenStreetMap (Overpass API) — seed; verify against KITE/DHS/LSGD","license":"ODbL 1.0","source_date":"2026-09-09","verified":false},"geometry":{"type":"Point","coordinates":[75.88288,10.963004]}},{"type":"Feature","properties":{"id":"osm-w971822926","osm_id":971822926,"name":"Alumkund Lower Primery School","name_ml":"","category":"school","subtype":"School","operator_type":"","address":"","phone":"","website":"","local_body":"Cheriyamundam","local_body_id":"cheriyamundam","ward_no":3,"ward_name":"Machingapara","notes":"","source":"OpenStreetMap (Overpass API) — seed; verify against KITE/DHS/LSGD","license":"ODbL 1.0","source_date":"2026-09-09","verified":false},"geometry":{"type":"Point","coordinates":[75.954156,10.94445]}},{"type":"Feature","properties":{"id":"osm-w836568171","osm_id":836568171,"name":"Am Lower Primary School Adrisseri","name_ml":"","category":"school","subtype":"School","operator_type":"","address":"676106","phone":"","website":"","local_body":"Ponmundam","local_body_id":"ponmundam","ward_no":2,"ward_name":"Karyathara","notes":"","source":"OpenStreetMap (Overpass API) — seed; verify against KITE/DHS/LSGD","license":"ODbL 1.0","source_date":"2026-09-09","verified":false},"geometry":{"type":"Point","coordinates":[75.951721,10.973602]}},{"type":"Feature","properties":{"id":"osm-w855003803","osm_id":855003803,"name":"Am Lower Primary School Kormanthala","name_ml":"","category":"school","subtype":"School","operator_type":"","address":"676302","phone":"","website":"","local_body":"Tanur","local_body_id":"tanur","ward_no":45,"ward_name":"Companippadi","notes":"","source":"OpenStreetMap (Overpass API) — seed; verify against KITE/DHS/LSGD","license":"ODbL 1.0","source_date":"2026-09-09","verified":false},"geometry":{"type":"Point","coordinates":[75.863426,10.999837]}},{"type":"Feature","properties":{"id":"osm-w836598419","osm_id":836598419,"name":"Am Lower Primary School Ponmundam (N)","name_ml":"","category":"school","subtype":"School","operator_type":"","address":"676106","phone":"","website":"","local_body":"Ponmundam","local_body_id":"ponmundam","ward_no":18,"ward_name":"Parambin Mukal","notes":"","source":"OpenStreetMap (Overpass API) — seed; verify against KITE/DHS/LSGD","license":"ODbL 1.0","source_date":"2026-09-09","verified":false},"geometry":{"type":"Point","coordinates":[75.94579,10.965246]}},{"type":"Feature","properties":{"id":"osm-w845972585","osm_id":845972585,"name":"Am Lower Primary School Vallikanchiram","name_ml":"","category":"school","subtype":"School","operator_type":"","address":"","phone":"","website":"","local_body":"Niramaruthoor","local_body_id":"niramaruthoor","ward_no":16,"ward_name":"Janathabasar","notes":"","source":"OpenStreetMap (Overpass API) — seed; verify against KITE/DHS/LSGD","license":"ODbL 1.0","source_date":"2026-09-09","verified":false},"geometry":{"type":"Point","coordinates":[75.899159,10.914509]}},{"type":"Feature","properties":{"id":"osm-w836783046","osm_id":836783046,"name":"Am Lower Primary School, Chilavil West","name_ml":"","category":"school","subtype":"School","operator_type":"","address":"676106","phone":"","website":"","local_body":"Ponmundam","local_body_id":"ponmundam","ward_no":16,"ward_name":"Chilavil","notes":"","source":"OpenStreetMap (Overpass API) — seed; verify against KITE/DHS/LSGD","license":"ODbL 1.0","source_date":"2026-09-09","verified":false},"geometry":{"type":"Point","coordinates":[75.934158,10.9675]}},{"type":"Feature","properties":{"id":"osm-w836510831","osm_id":836510831,"name":"Am Lower Primary School, Pakkara","name_ml":"","category":"school","subtype":"School","operator_type":"","address":"676307","phone":"","website":"","local_body":"Thanaloor","local_body_id":"tanalur","ward_no":8,"ward_name":"Pakara North","notes":"","source":"OpenStreetMap (Overpass API) — seed; verify against KITE/DHS/LSGD","license":"ODbL 1.0","source_date":"2026-09-09","verified":false},"geometry":{"type":"Point","coordinates":[75.923439,10.953651]}},{"type":"Feature","properties":{"id":"osm-n7781388337","osm_id":7781388337,"name":"Am Lower Primary School, Tanalur","name_ml":"","category":"school","subtype":"School","operator_type":"","address":"676307","phone":"","website":"","local_body":"Thanaloor","local_body_id":"tanalur","ward_no":6,"ward_name":"Tharayil","notes":"","source":"OpenStreetMap (Overpass API) — seed; verify against KITE/DHS/LSGD","license":"ODbL 1.0","source_date":"2026-09-09","verified":false},"geometry":{"type":"Point","coordinates":[75.914603,10.953083]}},{"type":"Feature","properties":{"id":"osm-w846844432","osm_id":846844432,"name":"Am Lower Primaryschool, Ittilakkal","name_ml":"","category":"school","subtype":"School","operator_type":"","address":"","phone":"","website":"","local_body":"Ponmundam","local_body_id":"ponmundam","ward_no":15,"ward_name":"Ittilakkal","notes":"","source":"OpenStreetMap (Overpass API) — seed; verify against KITE/DHS/LSGD","license":"ODbL 1.0","source_date":"2026-09-09","verified":false},"geometry":{"type":"Point","coordinates":[75.932719,10.955683]}},{"type":"Feature","properties":{"id":"osm-w846852836","osm_id":846852836,"name":"Am Upper Primary School Ayyaya","name_ml":"","category":"school","subtype":"School","operator_type":"","address":"","phone":"","website":"","local_body":"Ozhur","local_body_id":"ozhur","ward_no":13,"ward_name":"Vellachal","notes":"","source":"OpenStreetMap (Overpass API) — seed; verify against KITE/DHS/LSGD","license":"ODbL 1.0","source_date":"2026-09-09","verified":false},"geometry":{"type":"Point","coordinates":[75.928912,10.962218]}},{"type":"Feature","properties":{"id":"osm-w836566249","osm_id":836566249,"name":"Am Upper Primary School, Areekad","name_ml":"","category":"school","subtype":"School","operator_type":"","address":"676103","phone":"","website":"","local_body":"Thanaloor","local_body_id":"tanalur","ward_no":9,"ward_name":"Thavalam Kunnu","notes":"","source":"OpenStreetMap (Overpass API) — seed; verify against KITE/DHS/LSGD","license":"ODbL 1.0","source_date":"2026-09-09","verified":false},"geometry":{"type":"Point","coordinates":[75.934108,10.947035]}},{"type":"Feature","properties":{"id":"osm-n8994686604","osm_id":8994686604,"name":"Amlps Ponmundam South","name_ml":"","category":"school","subtype":"School","operator_type":"","address":"","phone":"","website":"","local_body":"Cheriyamundam","local_body_id":"cheriyamundam","ward_no":3,"ward_name":"Machingapara","notes":"","source":"OpenStreetMap (Overpass API) — seed; verify against KITE/DHS/LSGD","license":"ODbL 1.0","source_date":"2026-09-09","verified":false},"geometry":{"type":"Point","coordinates":[75.951243,10.948796]}},{"type":"Feature","properties":{"id":"osm-w836421142","osm_id":836421142,"name":"Amrita Vidyalayam","name_ml":"","category":"school","subtype":"School","operator_type":"","address":"676302","phone":"","website":"","local_body":"Tanur","local_body_id":"tanur","ward_no":24,"ward_name":"Karad","notes":"","source":"OpenStreetMap (Overpass API) — seed; verify against KITE/DHS/LSGD","license":"ODbL 1.0","source_date":"2026-09-09","verified":false},"geometry":{"type":"Point","coordinates":[75.878166,10.973616]}},{"type":"Feature","properties":{"id":"osm-w961898526","osm_id":961898526,"name":"Aseesiyya School","name_ml":"","category":"school","subtype":"School","operator_type":"","address":"","phone":"","website":"","local_body":"Ponmundam","local_body_id":"ponmundam","ward_no":9,"ward_name":"Cholappuram","notes":"","source":"OpenStreetMap (Overpass API) — seed; verify against KITE/DHS/LSGD","license":"ODbL 1.0","source_date":"2026-09-09","verified":false},"geometry":{"type":"Point","coordinates":[75.954571,10.955978]}},{"type":"Feature","properties":{"id":"osm-w961898527","osm_id":961898527,"name":"Asswalah School","name_ml":"","category":"school","subtype":"School","operator_type":"","address":"","phone":"","website":"","local_body":"Ponmundam","local_body_id":"ponmundam","ward_no":6,"ward_name":"Ponmundam","notes":"","source":"OpenStreetMap (Overpass API) — seed; verify against KITE/DHS/LSGD","license":"ODbL 1.0","source_date":"2026-09-09","verified":false},"geometry":{"type":"Point","coordinates":[75.954963,10.956339]}},{"type":"Feature","properties":{"id":"osm-w961903572","osm_id":961903572,"name":"Baithul Huda School Athanikkal","name_ml":"","category":"school","subtype":"School","operator_type":"","address":"","phone":"","website":"","local_body":"Ponmundam","local_body_id":"ponmundam","ward_no":13,"ward_name":"Athanikkal","notes":"","source":"OpenStreetMap (Overpass API) — seed; verify against KITE/DHS/LSGD","license":"ODbL 1.0","source_date":"2026-09-09","verified":false},"geometry":{"type":"Point","coordinates":[75.940825,10.953545]}},{"type":"Feature","properties":{"id":"osm-w857240248","osm_id":857240248,"name":"C A Upper Primary School Pariyapuram","name_ml":"","category":"school","subtype":"School","operator_type":"","address":"676302","phone":"","website":"","local_body":"Tanur","local_body_id":"tanur","ward_no":6,"ward_name":"Kunnumpuram North","notes":"","source":"OpenStreetMap (Overpass API) — seed; verify against KITE/DHS/LSGD","license":"ODbL 1.0","source_date":"2026-09-09","verified":false},"geometry":{"type":"Point","coordinates":[75.881199,11.000934]}},{"type":"Feature","properties":{"id":"osm-w346180526","osm_id":346180526,"name":"C P Pocker Haji Memorial Higher Secondary School","name_ml":"","category":"school","subtype":"School","operator_type":"","address":"","phone":"","website":"","local_body":"Ozhur","local_body_id":"ozhur","ward_no":13,"ward_name":"Vellachal","notes":"","source":"OpenStreetMap (Overpass API) — seed; verify against KITE/DHS/LSGD","license":"ODbL 1.0","source_date":"2026-09-09","verified":false},"geometry":{"type":"Point","coordinates":[75.927714,10.962087]}},{"type":"Feature","properties":{"id":"osm-n10017872777","osm_id":10017872777,"name":"Ch Mohammed Koya Memmorial Government College","name_ml":"","category":"school","subtype":"College","operator_type":"","address":"","phone":"","website":"","local_body":"Tanur","local_body_id":"tanur","ward_no":38,"ward_name":"Pandarakkadappuram","notes":"","source":"OpenStreetMap (Overpass API) — seed; verify against KITE/DHS/LSGD","license":"ODbL 1.0","source_date":"2026-09-09","verified":false},"geometry":{"type":"Point","coordinates":[75.86847,10.983793]}},{"type":"Feature","properties":{"id":"osm-w970928524","osm_id":970928524,"name":"Cheriyamundam Iti","name_ml":"","category":"school","subtype":"School","operator_type":"","address":"","phone":"","website":"","local_body":"Cheriyamundam","local_body_id":"cheriyamundam","ward_no":5,"ward_name":"Chudalappuram","notes":"","source":"OpenStreetMap (Overpass API) — seed; verify against KITE/DHS/LSGD","license":"ODbL 1.0","source_date":"2026-09-09","verified":false},"geometry":{"type":"Point","coordinates":[75.955866,10.935465]}},{"type":"Feature","properties":{"id":"osm-w970928528","osm_id":970928528,"name":"Cheriyamundam Iti","name_ml":"","category":"school","subtype":"School","operator_type":"","address":"","phone":"","website":"","local_body":"Cheriyamundam","local_body_id":"cheriyamundam","ward_no":5,"ward_name":"Chudalappuram","notes":"","source":"OpenStreetMap (Overpass API) — seed; verify against KITE/DHS/LSGD","license":"ODbL 1.0","source_date":"2026-09-09","verified":false},"geometry":{"type":"Point","coordinates":[75.953495,10.933736]}},{"type":"Feature","properties":{"id":"osm-w846842869","osm_id":846842869,"name":"Crescent English High School","name_ml":"","category":"school","subtype":"School","operator_type":"","address":"","phone":"","website":"","local_body":"Thanaloor","local_body_id":"tanalur","ward_no":12,"ward_name":"Pakara South","notes":"","source":"OpenStreetMap (Overpass API) — seed; verify against KITE/DHS/LSGD","license":"ODbL 1.0","source_date":"2026-09-09","verified":false},"geometry":{"type":"Point","coordinates":[75.914258,10.949637]}},{"type":"Feature","properties":{"id":"osm-w960956163","osm_id":960956163,"name":"Dawn English Medium School","name_ml":"","category":"school","subtype":"School","operator_type":"","address":"676320","phone":"","website":"","local_body":"Ozhur","local_body_id":"ozhur","ward_no":5,"ward_name":"Varikkottuthara","notes":"","source":"OpenStreetMap (Overpass API) — seed; verify against KITE/DHS/LSGD","license":"ODbL 1.0","source_date":"2026-09-09","verified":false},"geometry":{"type":"Point","coordinates":[75.92891,10.980374]}},{"type":"Feature","properties":{"id":"osm-w584936081","osm_id":584936081,"name":"Devadar Higher Secondary School, Tanur","name_ml":"","category":"school","subtype":"School","operator_type":"","address":"676307","phone":"","website":"","local_body":"Thanaloor","local_body_id":"tanalur","ward_no":2,"ward_name":"Devadar","notes":"","source":"OpenStreetMap (Overpass API) — seed; verify against KITE/DHS/LSGD","license":"ODbL 1.0","source_date":"2026-09-09","verified":false},"geometry":{"type":"Point","coordinates":[75.891308,10.965033]}},{"type":"Feature","properties":{"id":"osm-w855003814","osm_id":855003814,"name":"Devi Vidya Nikethan Olapeedika","name_ml":"","category":"school","subtype":"School","operator_type":"","address":"676302","phone":"","website":"","local_body":"Tanur","local_body_id":"tanur","ward_no":3,"ward_name":"Olappeedika","notes":"","source":"OpenStreetMap (Overpass API) — seed; verify against KITE/DHS/LSGD","license":"ODbL 1.0","source_date":"2026-09-09","verified":false},"geometry":{"type":"Point","coordinates":[75.873954,11.012992]}},{"type":"Feature","properties":{"id":"osm-n10057832901","osm_id":10057832901,"name":"Glp School Rayiramangalam","name_ml":"","category":"school","subtype":"School","operator_type":"","address":"","phone":"","website":"","local_body":"Tanur","local_body_id":"tanur","ward_no":15,"ward_name":"Rayirimangalam West","notes":"","source":"OpenStreetMap (Overpass API) — seed; verify against KITE/DHS/LSGD","license":"ODbL 1.0","source_date":"2026-09-09","verified":false},"geometry":{"type":"Point","coordinates":[75.87757,10.990648]}},{"type":"Feature","properties":{"id":"osm-n7781173931","osm_id":7781173931,"name":"Gm Lower Primar School, Edakadappuram","name_ml":"","category":"school","subtype":"School","operator_type":"","address":"","phone":"","website":"","local_body":"Tanur","local_body_id":"tanur","ward_no":30,"ward_name":"Edakkadappuram North","notes":"","source":"OpenStreetMap (Overpass API) — seed; verify against KITE/DHS/LSGD","license":"ODbL 1.0","source_date":"2026-09-09","verified":false},"geometry":{"type":"Point","coordinates":[75.871157,10.969842]}},{"type":"Feature","properties":{"id":"osm-w960988215","osm_id":960988215,"name":"Gm Lower Primary School Mnalipuzha","name_ml":"","category":"school","subtype":"School","operator_type":"","address":"","phone":"","website":"","local_body":"Ozhur","local_body_id":"ozhur","ward_no":6,"ward_name":"Manalippuzha","notes":"","source":"OpenStreetMap (Overpass API) — seed; verify against KITE/DHS/LSGD","license":"ODbL 1.0","source_date":"2026-09-09","verified":false},"geometry":{"type":"Point","coordinates":[75.925531,10.990843]}},{"type":"Feature","properties":{"id":"osm-w836263462","osm_id":836263462,"name":"Gm Upper Primary School Tanur Town","name_ml":"","category":"school","subtype":"School","operator_type":"","address":"676302","phone":"","website":"","local_body":"Tanur","local_body_id":"tanur","ward_no":32,"ward_name":"Harber","notes":"","source":"OpenStreetMap (Overpass API) — seed; verify against KITE/DHS/LSGD","license":"ODbL 1.0","source_date":"2026-09-09","verified":false},"geometry":{"type":"Point","coordinates":[75.870444,10.977317]}},{"type":"Feature","properties":{"id":"osm-n10001526527","osm_id":10001526527,"name":"Gmlp School Puthiya Kadappuram","name_ml":"","category":"school","subtype":"School","operator_type":"","address":"","phone":"","website":"","local_body":"Tanur","local_body_id":"tanur","ward_no":25,"ward_name":"Puthiyakadappuram","notes":"","source":"OpenStreetMap (Overpass API) — seed; verify against KITE/DHS/LSGD","license":"ODbL 1.0","source_date":"2026-09-09","verified":false},"geometry":{"type":"Point","coordinates":[75.879321,10.943823]}},{"type":"Feature","properties":{"id":"osm-n10023349947","osm_id":10023349947,"name":"Gmlp School Tanur","name_ml":"","category":"school","subtype":"School","operator_type":"","address":"","phone":"","website":"","local_body":"Tanur","local_body_id":"tanur","ward_no":37,"ward_name":"C.H.C","notes":"","source":"OpenStreetMap (Overpass API) — seed; verify against KITE/DHS/LSGD","license":"ODbL 1.0","source_date":"2026-09-09","verified":false},"geometry":{"type":"Point","coordinates":[75.868964,10.983178]}},{"type":"Feature","properties":{"id":"osm-n8994689521","osm_id":8994689521,"name":"Goverment Higher Seconary School Ponmundam","name_ml":"","category":"school","subtype":"School","operator_type":"","address":"","phone":"","website":"","local_body":"Ponmundam","local_body_id":"ponmundam","ward_no":6,"ward_name":"Ponmundam","notes":"","source":"OpenStreetMap (Overpass API) — seed; verify against KITE/DHS/LSGD","license":"ODbL 1.0","source_date":"2026-09-09","verified":false},"geometry":{"type":"Point","coordinates":[75.957314,10.957068]}},{"type":"Feature","properties":{"id":"osm-w846845229","osm_id":846845229,"name":"Government High School, Ponmundam","name_ml":"","category":"school","subtype":"School","operator_type":"","address":"","phone":"","website":"","local_body":"Ponmundam","local_body_id":"ponmundam","ward_no":6,"ward_name":"Ponmundam","notes":"","source":"OpenStreetMap (Overpass API) — seed; verify against KITE/DHS/LSGD","license":"ODbL 1.0","source_date":"2026-09-09","verified":false},"geometry":{"type":"Point","coordinates":[75.957306,10.957117]}},{"type":"Feature","properties":{"id":"osm-w836458780","osm_id":836458780,"name":"Government Higher Secondary School Kattilangadi","name_ml":"","category":"school","subtype":"School","operator_type":"","address":"676302","phone":"","website":"","local_body":"Tanur","local_body_id":"tanur","ward_no":19,"ward_name":"Kattilangadi","notes":"","source":"OpenStreetMap (Overpass API) — seed; verify against KITE/DHS/LSGD","license":"ODbL 1.0","source_date":"2026-09-09","verified":false},"geometry":{"type":"Point","coordinates":[75.89202,10.972225]}},{"type":"Feature","properties":{"id":"osm-w836789354","osm_id":836789354,"name":"Government Higher Secondary School, Cheriyamundam","name_ml":"","category":"school","subtype":"School","operator_type":"","address":"676103","phone":"","website":"","local_body":"Cheriyamundam","local_body_id":"cheriyamundam","ward_no":16,"ward_name":"Chenapuram","notes":"","source":"OpenStreetMap (Overpass API) — seed; verify against KITE/DHS/LSGD","license":"ODbL 1.0","source_date":"2026-09-09","verified":false},"geometry":{"type":"Point","coordinates":[75.945681,10.942337]}},{"type":"Feature","properties":{"id":"osm-n4448596412","osm_id":4448596412,"name":"Government Higher Secondary School, Meenadathoor","name_ml":"","category":"school","subtype":"School","operator_type":"","address":"","phone":"","website":"","local_body":"Thanaloor","local_body_id":"tanalur","ward_no":14,"ward_name":"Meenadathur West","notes":"","source":"OpenStreetMap (Overpass API) — seed; verify against KITE/DHS/LSGD","license":"ODbL 1.0","source_date":"2026-09-09","verified":false},"geometry":{"type":"Point","coordinates":[75.910074,10.942252]}},{"type":"Feature","properties":{"id":"osm-w836439773","osm_id":836439773,"name":"Government Higher Secondary School, Meenadathoor","name_ml":"","category":"school","subtype":"School","operator_type":"","address":"676307","phone":"","website":"","local_body":"Thanaloor","local_body_id":"tanalur","ward_no":14,"ward_name":"Meenadathur West","notes":"","source":"OpenStreetMap (Overpass API) — seed; verify against KITE/DHS/LSGD","license":"ODbL 1.0","source_date":"2026-09-09","verified":false},"geometry":{"type":"Point","coordinates":[75.910017,10.942089]}},{"type":"Feature","properties":{"id":"osm-w846840570","osm_id":846840570,"name":"Government Lower Primary School K.Puram, Malappuram","name_ml":"","category":"school","subtype":"School","operator_type":"","address":"","phone":"","website":"","local_body":"Thanaloor","local_body_id":"tanalur","ward_no":18,"ward_name":"Vattathani","notes":"","source":"OpenStreetMap (Overpass API) — seed; verify against KITE/DHS/LSGD","license":"ODbL 1.0","source_date":"2026-09-09","verified":false},"geometry":{"type":"Point","coordinates":[75.897733,10.951529]}},{"type":"Feature","properties":{"id":"osm-n7781362822","osm_id":7781362822,"name":"Government Lower Primary School Ozhur","name_ml":"","category":"school","subtype":"School","operator_type":"","address":"676307","phone":"","website":"","local_body":"Ozhur","local_body_id":"ozhur","ward_no":19,"ward_name":"Vettukulam","notes":"","source":"OpenStreetMap (Overpass API) — seed; verify against KITE/DHS/LSGD","license":"ODbL 1.0","source_date":"2026-09-09","verified":false},"geometry":{"type":"Point","coordinates":[75.906156,10.966026]}},{"type":"Feature","properties":{"id":"osm-w833602860","osm_id":833602860,"name":"Government Lower Primary School Puthiyakadappuram North","name_ml":"","category":"school","subtype":"School","operator_type":"","address":"","phone":"","website":"","local_body":"Niramaruthoor","local_body_id":"niramaruthoor","ward_no":1,"ward_name":"Pudiyakadappuram","notes":"","source":"OpenStreetMap (Overpass API) — seed; verify against KITE/DHS/LSGD","license":"ODbL 1.0","source_date":"2026-09-09","verified":false},"geometry":{"type":"Point","coordinates":[75.879646,10.939452]}},{"type":"Feature","properties":{"id":"osm-w344341072","osm_id":344341072,"name":"Government Lower Primary School, Ozhur","name_ml":"","category":"school","subtype":"School","operator_type":"","address":"676307","phone":"","website":"","local_body":"Ozhur","local_body_id":"ozhur","ward_no":19,"ward_name":"Vettukulam","notes":"","source":"OpenStreetMap (Overpass API) — seed; verify against KITE/DHS/LSGD","license":"ODbL 1.0","source_date":"2026-09-09","verified":false},"geometry":{"type":"Point","coordinates":[75.906268,10.965985]}},{"type":"Feature","properties":{"id":"osm-w833602874","osm_id":833602874,"name":"Government Mapila Lower Primary School Iringavur","name_ml":"","category":"school","subtype":"School","operator_type":"","address":"","phone":"","website":"","local_body":"Cheriyamundam","local_body_id":"cheriyamundam","ward_no":12,"ward_name":"Mayinangadi","notes":"","source":"OpenStreetMap (Overpass API) — seed; verify against KITE/DHS/LSGD","license":"ODbL 1.0","source_date":"2026-09-09","verified":false},"geometry":{"type":"Point","coordinates":[75.947146,10.92676]}},{"type":"Feature","properties":{"id":"osm-n7781706264","osm_id":7781706264,"name":"Government Mapila Lower Primary School Parapputhadam","name_ml":"","category":"school","subtype":"School","operator_type":"","address":"","phone":"","website":"","local_body":"Cheriyamundam","local_body_id":"cheriyamundam","ward_no":7,"ward_name":"Iringavoor North","notes":"","source":"OpenStreetMap (Overpass API) — seed; verify against KITE/DHS/LSGD","license":"ODbL 1.0","source_date":"2026-09-09","verified":false},"geometry":{"type":"Point","coordinates":[75.949501,10.926266]}},{"type":"Feature","properties":{"id":"osm-w833602870","osm_id":833602870,"name":"Government Mapila Lower Primary School Thalakkadathur","name_ml":"","category":"school","subtype":"School","operator_type":"","address":"","phone":"","website":"","local_body":"Cheriyamundam","local_body_id":"cheriyamundam","ward_no":17,"ward_name":"Cholappuram","notes":"","source":"OpenStreetMap (Overpass API) — seed; verify against KITE/DHS/LSGD","license":"ODbL 1.0","source_date":"2026-09-09","verified":false},"geometry":{"type":"Point","coordinates":[75.937513,10.939088]}},{"type":"Feature","properties":{"id":"osm-w984814901","osm_id":984814901,"name":"Government Model Lower Primary School Ground , Panangattoor","name_ml":"","category":"school","subtype":"School","operator_type":"","address":"","phone":"","website":"","local_body":"Tanur","local_body_id":"tanur","ward_no":12,"ward_name":"Panangattoor","notes":"","source":"OpenStreetMap (Overpass API) — seed; verify against KITE/DHS/LSGD","license":"ODbL 1.0","source_date":"2026-09-09","verified":false},"geometry":{"type":"Point","coordinates":[75.897384,10.990367]}},{"type":"Feature","properties":{"id":"osm-w836198961","osm_id":836198961,"name":"Government Model Upper Primary School Cheerankadapuram","name_ml":"","category":"school","subtype":"School","operator_type":"","address":"676302","phone":"","website":"","local_body":"Tanur","local_body_id":"tanur","ward_no":29,"ward_name":"Edakkadappuram South","notes":"","source":"OpenStreetMap (Overpass API) — seed; verify against KITE/DHS/LSGD","license":"ODbL 1.0","source_date":"2026-09-09","verified":false},"geometry":{"type":"Point","coordinates":[75.873818,10.965489]}},{"type":"Feature","properties":{"id":"osm-w836211917","osm_id":836211917,"name":"Government Regional Fisheries Technical Vocational Higher Secondary School Tanur","name_ml":"","category":"school","subtype":"School","operator_type":"private","address":"676302","phone":"","website":"","local_body":"Tanur","local_body_id":"tanur","ward_no":38,"ward_name":"Pandarakkadappuram","notes":"","source":"OpenStreetMap (Overpass API) — seed; verify against KITE/DHS/LSGD","license":"ODbL 1.0","source_date":"2026-09-09","verified":false},"geometry":{"type":"Point","coordinates":[75.866962,10.98346]}},{"type":"Feature","properties":{"id":"osm-w820109581","osm_id":820109581,"name":"Government Upper Primary School Karingappara (ഗവണ്മെന്റ് പ്രൈമറി സ്കൂൾ കരിങ്കപ്പാറ)","name_ml":"","category":"school","subtype":"School","operator_type":"","address":"676106","phone":"","website":"","local_body":"Ozhur","local_body_id":"ozhur","ward_no":8,"ward_name":"Nalkavala","notes":"","source":"OpenStreetMap (Overpass API) — seed; verify against KITE/DHS/LSGD","license":"ODbL 1.0","source_date":"2026-09-09","verified":false},"geometry":{"type":"Point","coordinates":[75.942469,10.986352]}},{"type":"Feature","properties":{"id":"osm-w736708582","osm_id":736708582,"name":"Govt Higher Secondary School Niramaruthur","name_ml":"","category":"school","subtype":"School","operator_type":"","address":"Niramaruthur, 676302","phone":"","website":"","local_body":"Niramaruthoor","local_body_id":"niramaruthoor","ward_no":12,"ward_name":"Mangad","notes":"","source":"OpenStreetMap (Overpass API) — seed; verify against KITE/DHS/LSGD","license":"ODbL 1.0","source_date":"2026-09-09","verified":false},"geometry":{"type":"Point","coordinates":[75.904016,10.927056]}},{"type":"Feature","properties":{"id":"osm-w855348300","osm_id":855348300,"name":"Govt Lower Primary School Pariyapuram","name_ml":"","category":"school","subtype":"School","operator_type":"","address":"676302","phone":"","website":"","local_body":"Tanur","local_body_id":"tanur","ward_no":43,"ward_name":"Mukkola","notes":"","source":"OpenStreetMap (Overpass API) — seed; verify against KITE/DHS/LSGD","license":"ODbL 1.0","source_date":"2026-09-09","verified":false},"geometry":{"type":"Point","coordinates":[75.873811,11.002284]}},{"type":"Feature","properties":{"id":"osm-n8897127606","osm_id":8897127606,"name":"Green Valley School","name_ml":"","category":"school","subtype":"School","operator_type":"","address":"","phone":"","website":"","local_body":"Ponmundam","local_body_id":"ponmundam","ward_no":16,"ward_name":"Chilavil","notes":"","source":"OpenStreetMap (Overpass API) — seed; verify against KITE/DHS/LSGD","license":"ODbL 1.0","source_date":"2026-09-09","verified":false},"geometry":{"type":"Point","coordinates":[75.935536,10.967438]}},{"type":"Feature","properties":{"id":"osm-w836261789","osm_id":836261789,"name":"Hsm Higher Secondary School Tanur","name_ml":"","category":"school","subtype":"School","operator_type":"","address":"676302","phone":"","website":"","local_body":"Tanur","local_body_id":"tanur","ward_no":34,"ward_name":"Tanur Central","notes":"","source":"OpenStreetMap (Overpass API) — seed; verify against KITE/DHS/LSGD","license":"ODbL 1.0","source_date":"2026-09-09","verified":false},"geometry":{"type":"Point","coordinates":[75.872027,10.979608]}},{"type":"Feature","properties":{"id":"osm-w836325062","osm_id":836325062,"name":"Ich School Tanur","name_ml":"","category":"school","subtype":"School","operator_type":"","address":"676302","phone":"","website":"","local_body":"Tanur","local_body_id":"tanur","ward_no":23,"ward_name":"Tanur","notes":"","source":"OpenStreetMap (Overpass API) — seed; verify against KITE/DHS/LSGD","license":"ODbL 1.0","source_date":"2026-09-09","verified":false},"geometry":{"type":"Point","coordinates":[75.874119,10.977421]}},{"type":"Feature","properties":{"id":"osm-w855003811","osm_id":855003811,"name":"K P N M Upper Primary School,Tanur","name_ml":"","category":"school","subtype":"School","operator_type":"","address":"676302","phone":"","website":"","local_body":"Tanur","local_body_id":"tanur","ward_no":41,"ward_name":"Chirakkal","notes":"","source":"OpenStreetMap (Overpass API) — seed; verify against KITE/DHS/LSGD","license":"ODbL 1.0","source_date":"2026-09-09","verified":false},"geometry":{"type":"Point","coordinates":[75.872831,10.993624]}},{"type":"Feature","properties":{"id":"osm-w846850718","osm_id":846850718,"name":"Little Flower Em Vellachal Primary School, Malappuram","name_ml":"","category":"school","subtype":"School","operator_type":"","address":"","phone":"","website":"","local_body":"Ozhur","local_body_id":"ozhur","ward_no":13,"ward_name":"Vellachal","notes":"","source":"OpenStreetMap (Overpass API) — seed; verify against KITE/DHS/LSGD","license":"ODbL 1.0","source_date":"2026-09-09","verified":false},"geometry":{"type":"Point","coordinates":[75.927737,10.963563]}},{"type":"Feature","properties":{"id":"osm-n8897227144","osm_id":8897227144,"name":"Makdhoomiyya","name_ml":"","category":"school","subtype":"School","operator_type":"","address":"","phone":"","website":"","local_body":"Ponmundam","local_body_id":"ponmundam","ward_no":2,"ward_name":"Karyathara","notes":"","source":"OpenStreetMap (Overpass API) — seed; verify against KITE/DHS/LSGD","license":"ODbL 1.0","source_date":"2026-09-09","verified":false},"geometry":{"type":"Point","coordinates":[75.946979,10.972585]}},{"type":"Feature","properties":{"id":"osm-w961894942","osm_id":961894942,"name":"Makdhoomiyya","name_ml":"","category":"school","subtype":"School","operator_type":"","address":"","phone":"","website":"","local_body":"Ponmundam","local_body_id":"ponmundam","ward_no":2,"ward_name":"Karyathara","notes":"","source":"OpenStreetMap (Overpass API) — seed; verify against KITE/DHS/LSGD","license":"ODbL 1.0","source_date":"2026-09-09","verified":false},"geometry":{"type":"Point","coordinates":[75.946909,10.972543]}},{"type":"Feature","properties":{"id":"osm-w836427597","osm_id":836427597,"name":"Mes Central School Tanur","name_ml":"","category":"school","subtype":"School","operator_type":"","address":"676302","phone":"","website":"","local_body":"Tanur","local_body_id":"tanur","ward_no":22,"ward_name":"Nadakkavu","notes":"","source":"OpenStreetMap (Overpass API) — seed; verify against KITE/DHS/LSGD","license":"ODbL 1.0","source_date":"2026-09-09","verified":false},"geometry":{"type":"Point","coordinates":[75.881096,10.972041]}},{"type":"Feature","properties":{"id":"osm-w836207808","osm_id":836207808,"name":"N M A Lower Primary School K Puram","name_ml":"","category":"school","subtype":"School","operator_type":"","address":"676307","phone":"","website":"","local_body":"Thanaloor","local_body_id":"tanalur","ward_no":22,"ward_name":"Thadipadi","notes":"","source":"OpenStreetMap (Overpass API) — seed; verify against KITE/DHS/LSGD","license":"ODbL 1.0","source_date":"2026-09-09","verified":false},"geometry":{"type":"Point","coordinates":[75.88582,10.948833]}},{"type":"Feature","properties":{"id":"osm-n10044168290","osm_id":10044168290,"name":"Nss School","name_ml":"","category":"school","subtype":"School","operator_type":"","address":"","phone":"","website":"","local_body":"Tanur","local_body_id":"tanur","ward_no":17,"ward_name":"Kannanthali West","notes":"","source":"OpenStreetMap (Overpass API) — seed; verify against KITE/DHS/LSGD","license":"ODbL 1.0","source_date":"2026-09-09","verified":false},"geometry":{"type":"Point","coordinates":[75.884139,10.979592]}},{"type":"Feature","properties":{"id":"osm-w836451977","osm_id":836451977,"name":"Pleasant School Tanur","name_ml":"","category":"school","subtype":"School","operator_type":"","address":"676302","phone":"","website":"","local_body":"Tanur","local_body_id":"tanur","ward_no":13,"ward_name":"Chancheri Parambu","notes":"","source":"OpenStreetMap (Overpass API) — seed; verify against KITE/DHS/LSGD","license":"ODbL 1.0","source_date":"2026-09-09","verified":false},"geometry":{"type":"Point","coordinates":[75.885252,10.983846]}},{"type":"Feature","properties":{"id":"osm-n10020342972","osm_id":10020342972,"name":"Rayiramangalam Gmlp School","name_ml":"","category":"school","subtype":"School","operator_type":"","address":"","phone":"","website":"","local_body":"Tanur","local_body_id":"tanur","ward_no":35,"ward_name":"Civil Station","notes":"","source":"OpenStreetMap (Overpass API) — seed; verify against KITE/DHS/LSGD","license":"ODbL 1.0","source_date":"2026-09-09","verified":false},"geometry":{"type":"Point","coordinates":[75.872864,10.982283]}},{"type":"Feature","properties":{"id":"osm-w846834027","osm_id":846834027,"name":"Saraswathi Vidya Nikethan Kalad","name_ml":"","category":"school","subtype":"School","operator_type":"","address":"","phone":"","website":"","local_body":"Niramaruthoor","local_body_id":"niramaruthoor","ward_no":2,"ward_name":"Kalad","notes":"","source":"OpenStreetMap (Overpass API) — seed; verify against KITE/DHS/LSGD","license":"ODbL 1.0","source_date":"2026-09-09","verified":false},"geometry":{"type":"Point","coordinates":[75.887916,10.940925]}},{"type":"Feature","properties":{"id":"osm-w961282673","osm_id":961282673,"name":"Saraswathy Vilasam Aided Upper Primary School Ground","name_ml":"","category":"school","subtype":"School","operator_type":"","address":"Iringavoor, Tirur, 676103","phone":"","website":"","local_body":"Cheriyamundam","local_body_id":"cheriyamundam","ward_no":10,"ward_name":"Mandakathinparamb","notes":"","source":"OpenStreetMap (Overpass API) — seed; verify against KITE/DHS/LSGD","license":"ODbL 1.0","source_date":"2026-09-09","verified":false},"geometry":{"type":"Point","coordinates":[75.957927,10.921155]}},{"type":"Feature","properties":{"id":"osm-n7781706266","osm_id":7781706266,"name":"Saraswathy Vilasam Aided Upper Primary School Iringavur","name_ml":"","category":"school","subtype":"School","operator_type":"","address":"","phone":"","website":"","local_body":"Cheriyamundam","local_body_id":"cheriyamundam","ward_no":10,"ward_name":"Mandakathinparamb","notes":"","source":"OpenStreetMap (Overpass API) — seed; verify against KITE/DHS/LSGD","license":"ODbL 1.0","source_date":"2026-09-09","verified":false},"geometry":{"type":"Point","coordinates":[75.957865,10.920969]}},{"type":"Feature","properties":{"id":"osm-w961015773","osm_id":961015773,"name":"School Ground","name_ml":"","category":"school","subtype":"School","operator_type":"","address":"Iringavoor, Tirur, 676103","phone":"","website":"","local_body":"Cheriyamundam","local_body_id":"cheriyamundam","ward_no":7,"ward_name":"Iringavoor North","notes":"","source":"OpenStreetMap (Overpass API) — seed; verify against KITE/DHS/LSGD","license":"ODbL 1.0","source_date":"2026-09-09","verified":false},"geometry":{"type":"Point","coordinates":[75.95361,10.923016]}},{"type":"Feature","properties":{"id":"osm-w836329017","osm_id":836329017,"name":"Sincere Public School Tanur","name_ml":"","category":"school","subtype":"School","operator_type":"","address":"676302","phone":"","website":"","local_body":"Tanur","local_body_id":"tanur","ward_no":23,"ward_name":"Tanur","notes":"","source":"OpenStreetMap (Overpass API) — seed; verify against KITE/DHS/LSGD","license":"ODbL 1.0","source_date":"2026-09-09","verified":false},"geometry":{"type":"Point","coordinates":[75.874827,10.975164]}},{"type":"Feature","properties":{"id":"osm-w846837728","osm_id":846837728,"name":"Sm Upper Primary School,Tanur","name_ml":"","category":"school","subtype":"School","operator_type":"","address":"","phone":"","website":"","local_body":"Thanaloor","local_body_id":"tanalur","ward_no":3,"ward_name":"Puthantheru","notes":"","source":"OpenStreetMap (Overpass API) — seed; verify against KITE/DHS/LSGD","license":"ODbL 1.0","source_date":"2026-09-09","verified":false},"geometry":{"type":"Point","coordinates":[75.889585,10.964086]}},{"type":"Feature","properties":{"id":"osm-w836196209","osm_id":836196209,"name":"Smmhss Rayirimangalam","name_ml":"","category":"school","subtype":"School","operator_type":"","address":"676302","phone":"","website":"","local_body":"Tanur","local_body_id":"tanur","ward_no":30,"ward_name":"Edakkadappuram North","notes":"","source":"OpenStreetMap (Overpass API) — seed; verify against KITE/DHS/LSGD","license":"ODbL 1.0","source_date":"2026-09-09","verified":false},"geometry":{"type":"Point","coordinates":[75.871318,10.970147]}},{"type":"Feature","properties":{"id":"osm-w961364774","osm_id":961364774,"name":"Thalakkidathur Lower Primary School","name_ml":"","category":"school","subtype":"School","operator_type":"","address":"","phone":"","website":"","local_body":"Ozhur","local_body_id":"ozhur","ward_no":16,"ward_name":"Thalakkattur","notes":"","source":"OpenStreetMap (Overpass API) — seed; verify against KITE/DHS/LSGD","license":"ODbL 1.0","source_date":"2026-09-09","verified":false},"geometry":{"type":"Point","coordinates":[75.916805,10.97249]}},{"type":"Feature","properties":{"id":"osm-n7781356337","osm_id":7781356337,"name":"Veda Vyasa Vidya Nikethan Ozhur","name_ml":"","category":"school","subtype":"School","operator_type":"","address":"","phone":"","website":"","local_body":"Ozhur","local_body_id":"ozhur","ward_no":18,"ward_name":"Kathirkulangara","notes":"","source":"OpenStreetMap (Overpass API) — seed; verify against KITE/DHS/LSGD","license":"ODbL 1.0","source_date":"2026-09-09","verified":false},"geometry":{"type":"Point","coordinates":[75.902711,10.968856]}},{"type":"Feature","properties":{"id":"osm-w836506503","osm_id":836506503,"name":"Veda Vyasa Vidya Nikethan, Ozhur","name_ml":"","category":"school","subtype":"School","operator_type":"","address":"676307","phone":"","website":"","local_body":"Ozhur","local_body_id":"ozhur","ward_no":18,"ward_name":"Kathirkulangara","notes":"","source":"OpenStreetMap (Overpass API) — seed; verify against KITE/DHS/LSGD","license":"ODbL 1.0","source_date":"2026-09-09","verified":false},"geometry":{"type":"Point","coordinates":[75.902773,10.968766]}},{"type":"Feature","properties":{"id":"osm-n10017872776","osm_id":10017872776,"name":"Vhss Technical","name_ml":"","category":"school","subtype":"School","operator_type":"","address":"","phone":"","website":"","local_body":"Tanur","local_body_id":"tanur","ward_no":38,"ward_name":"Pandarakkadappuram","notes":"","source":"OpenStreetMap (Overpass API) — seed; verify against KITE/DHS/LSGD","license":"ODbL 1.0","source_date":"2026-09-09","verified":false},"geometry":{"type":"Point","coordinates":[75.868289,10.983612]}}]}