{"type":"FeatureCollection","features":[{"type":"Feature","geometry":{"type":"Polygon","coordinates":[[[75.9416864123,10.9491661044],[75.9416878885,10.9485235036],[75.941633206,10.9479795019],[75.9416448977,10.9472329395],[75.9416133465,10.9466433641],[75.9414981322,10.9459814923],[75.9413445331,10.9456746761],[75.9408840162,10.9452146414],[75.939277873,10.943875591],[75.938796183,10.9433964196],[75.938315,10.9427833333],[75.9379583333,10.942145],[75.9376737609,10.9414202355],[75.93721,10.9414766667],[75.9368854186,10.9416113112],[75.9366433806,10.9417854208],[75.936903814,10.9422470949],[75.9370283333,10.9426766667],[75.9372266667,10.943125],[75.937425,10.9434416667],[75.937665,10.9436933333],[75.9380804385,10.9439857441],[75.9381112876,10.9442033476],[75.9375357349,10.9443462342],[75.9370766667,10.94433],[75.93663,10.944425],[75.936365,10.9445683333],[75.9361036074,10.9450446226],[75.9352902373,10.9455462657],[75.9348512521,10.9457114406],[75.934743495,10.9455720895],[75.9344800035,10.9449406976],[75.9344466667,10.9446366667],[75.93425,10.9439816667],[75.9342566667,10.9437633333],[75.9341536273,10.94350048],[75.9336804744,10.943558399],[75.9335059322,10.9436925714],[75.933195,10.9440666667],[75.9332880238,10.944338411],[75.9333176899,10.9447413024],[75.9333916667,10.945105],[75.9336632522,10.9452074467],[75.9337531892,10.9456302164],[75.9336218885,10.9456742416],[75.9339316511,10.9460035037],[75.9341850073,10.9461623],[75.9348247236,10.9462407069],[75.9349630957,10.9464493432],[75.9359138111,10.9470726342],[75.9359001139049,10.947151787472636],[75.93633,10.9473033333],[75.9366793837,10.9476200933],[75.9371352156,10.9479581288],[75.9372731879,10.9483580988],[75.93726607037084,10.948777761812185],[75.9373434110096,10.949271246533103],[75.9385602585,10.9491254653],[75.9386720444834,10.94929615755421],[75.9393708895,10.9492886838],[75.9400450152137,10.9493354078326],[75.9404207467,10.9493091475],[75.9406016667,10.949235],[75.94119785055416,10.94922985386757],[75.9416864123,10.9491661044]]]},"properties":{"id":"cheriyamundam-w1","ward_no":1,"ward_name":"Ovungal","ward_label":"Ward 1 – Ovungal","local_body":"Cheriyamundam","local_body_id":"cheriyamundam","lsgd_type":"Grama Panchayat","source":"Delimitation Commission, Kerala — 2024 ward delimitation (wardmap.ksmart.live)","source_date":"2024-10-11","delimitation":"2024","acquired":"2026-09-30"}},{"type":"Feature","geometry":{"type":"Polygon","coordinates":[[[75.939277873,10.943875591],[75.9408840162,10.9452146414],[75.9413445331,10.9456746761],[75.9414981322,10.9459814923],[75.9416133465,10.9466433641],[75.9416448977,10.9472329395],[75.941633206,10.9479795019],[75.9416878885,10.9485235036],[75.9416864123,10.9491661044],[75.9417590537,10.949203291],[75.9418739854,10.9492511181],[75.94218055063203,10.949174300001143],[75.9428581326511,10.949174985297375],[75.9436583333,10.94921],[75.9443816667,10.949165],[75.9444833333,10.9490883333],[75.9449316667,10.9491216667],[75.9457483333,10.9492866667],[75.9462716667,10.9493166667],[75.9467083333,10.9494266667],[75.94757,10.9495283333],[75.94802186159744,10.9494863146604],[75.9486117141,10.9495815329],[75.94861217995926,10.949568670881687],[75.9486783333,10.9489216667],[75.9487683333,10.948485],[75.949068434,10.9477401466],[75.9491364862,10.9477027062],[75.949263071,10.9471611412],[75.949516051,10.9469140928],[75.9495397087,10.9467268317],[75.9493824826,10.9465513016],[75.9491347048,10.9464477852],[75.9490151981,10.9458868412],[75.9482516667,10.9458],[75.94818,10.9461116667],[75.9479816667,10.94617],[75.9477033333,10.9461366667],[75.94755,10.946515],[75.9474116667,10.9466166667],[75.9465266667,10.9465016667],[75.946515,10.9462966667],[75.9462,10.946265],[75.9459433333,10.9463066667],[75.94483,10.9463283333],[75.9444166667,10.9462683333],[75.944275,10.94595],[75.9443933333,10.94573],[75.9447866667,10.9457166667],[75.94504,10.9449033333],[75.9451616667,10.944695],[75.9453,10.9441933333],[75.94554,10.94399],[75.9458583333,10.943835],[75.945955,10.9436433333],[75.9458966667,10.9430866667],[75.9458166667,10.9430366667],[75.94529,10.9432116667],[75.9450983333,10.9433266667],[75.9439366667,10.9436966667],[75.9439066667,10.9438416667],[75.9429233333,10.943825],[75.9426516667,10.9437483333],[75.94226,10.9437166667],[75.9422416667,10.94354],[75.9420666667,10.94341],[75.9417783333,10.94336],[75.9416566667,10.9434383333],[75.9409633333,10.9434833333],[75.9407561372,10.943529621],[75.94017,10.9437266667],[75.93981,10.9437866667],[75.9395433333,10.9436783333],[75.939277873,10.943875591]]]},"properties":{"id":"cheriyamundam-w2","ward_no":2,"ward_name":"Banglamkunnu","ward_label":"Ward 2 – Banglamkunnu","local_body":"Cheriyamundam","local_body_id":"cheriyamundam","lsgd_type":"Grama Panchayat","source":"Delimitation Commission, Kerala — 2024 ward delimitation (wardmap.ksmart.live)","source_date":"2024-10-11","delimitation":"2024","acquired":"2026-09-30"}},{"type":"Feature","geometry":{"type":"Polygon","coordinates":[[[75.9490151981,10.9458868412],[75.9491347048,10.9464477852],[75.9493824826,10.9465513016],[75.9495397087,10.9467268317],[75.949516051,10.9469140928],[75.949263071,10.9471611412],[75.9491364862,10.9477027062],[75.949068434,10.9477401466],[75.9487683333,10.948485],[75.9486783333,10.9489216667],[75.94861217995926,10.949568670881687],[75.9486117141,10.9495815329],[75.94876061111948,10.949596007680144],[75.94922012,10.949458322],[75.9504063277,10.9493305814],[75.9516143643,10.9489905079],[75.9519651394,10.9489116132],[75.95274654628027,10.948890922563741],[75.9529657849,10.9489632623],[75.953305,10.948975],[75.95340560352629,10.948630276722447],[75.9540659856,10.9482923244],[75.9543751007,10.9480922411],[75.95440976920653,10.948069241999193],[75.9547970665,10.9480000158],[75.95535977587623,10.947986104540218],[75.9558170264,10.9478480235],[75.9558466667,10.9472333333],[75.9562783333,10.9467866667],[75.9563283333,10.9463516667],[75.9563016667,10.9454216667],[75.956405,10.9452683333],[75.9563833333,10.9445316667],[75.9564294874,10.9440350211],[75.9560189243,10.9440200228],[75.9560366667,10.943645],[75.9569783333,10.9432883333],[75.9571604536,10.9433714773],[75.9575343271,10.9429709532],[75.957085846,10.942505043],[75.9568753605,10.9425480645],[75.9557550478,10.9421188638],[75.955531761,10.9420756841],[75.9554974107,10.9424063814],[75.9552501744,10.9424537991],[75.9550542494,10.9425838743],[75.9549685878,10.9428319137],[75.9550137674,10.9441980405],[75.9543366285,10.94425],[75.9542583333,10.9441766667],[75.9542433333,10.9437716667],[75.95399,10.9433483333],[75.95397,10.9429116667],[75.95387,10.94265],[75.9537766667,10.94193],[75.9535619985,10.9418292682],[75.9525483333,10.9421733333],[75.95192,10.9425733333],[75.951511591,10.9425999651],[75.95128,10.94256],[75.9503933333,10.9426133333],[75.9503066667,10.9427766667],[75.9497633333,10.942795],[75.9491833333,10.942615],[75.9486734165,10.9427069506],[75.947948416,10.942702182],[75.9481116667,10.943205],[75.9483066667,10.9436216667],[75.94846,10.9442016667],[75.9488033333,10.944325],[75.9489066667,10.9444233333],[75.94898,10.9448166667],[75.9490514585,10.9458549505],[75.9490151981,10.9458868412]]]},"properties":{"id":"cheriyamundam-w3","ward_no":3,"ward_name":"Machingapara","ward_label":"Ward 3 – Machingapara","local_body":"Cheriyamundam","local_body_id":"cheriyamundam","lsgd_type":"Grama Panchayat","source":"Delimitation Commission, Kerala — 2024 ward delimitation (wardmap.ksmart.live)","source_date":"2024-10-14","delimitation":"2024","acquired":"2026-09-30"}},{"type":"Feature","geometry":{"type":"Polygon","coordinates":[[[75.9557550478,10.9421188638],[75.9568753605,10.9425480645],[75.957085846,10.942505043],[75.9575343271,10.9429709532],[75.9571604536,10.9433714773],[75.9569783333,10.9432883333],[75.9560366667,10.943645],[75.9560189243,10.9440200228],[75.9564294874,10.9440350211],[75.9563833333,10.9445316667],[75.956405,10.9452683333],[75.9563016667,10.9454216667],[75.9563283333,10.9463516667],[75.9562783333,10.9467866667],[75.9558466667,10.9472333333],[75.9558170264,10.9478480235],[75.9559940182,10.9482681093],[75.9561796084,10.9483371299],[75.95655395475033,10.948263685876407],[75.9567045416,10.9480099333],[75.95758751274187,10.947717406455096],[75.9575421777,10.9474020891],[75.9578903621,10.9472334659],[75.9583173208,10.9473581182],[75.9587308223479,10.947640132001817],[75.95899008,10.9476544192],[75.9591884586,10.9477572127],[75.9596185322,10.9478024206],[75.9596716179,10.9476095684],[75.9600174672,10.9476689624],[75.9602025966,10.9478513769],[75.96038436963327,10.947833261245151],[75.9606261476,10.9476423779],[75.9607246061,10.9477105266],[75.96120693216533,10.947816210955386],[75.96138343380039,10.947956939486604],[75.96158,10.947755],[75.9617883333,10.9477916667],[75.9622698337,10.9477301011],[75.9621501768,10.947256359],[75.9621174002,10.9467480534],[75.9622106583,10.9461657365],[75.962107983,10.9459838992],[75.9625348089,10.9453239921],[75.9627167299,10.9452511429],[75.9629120419,10.9446815734],[75.9633039021,10.9438397079],[75.9632081836,10.9435535621],[75.9632986113,10.9432203156],[75.9629328315,10.9432793394],[75.962880299,10.9428399318],[75.9627582148,10.9426714764],[75.9627610564,10.9422288633],[75.9626797684,10.9420074312],[75.9625831184,10.941005503],[75.9624795337,10.9408315992],[75.9624690335,10.9405552241],[75.9623080272,10.9404059578],[75.961915787,10.9402879344],[75.9605644498,10.9397059542],[75.9601669896,10.9396841574],[75.9601348402,10.93983957],[75.9600973619,10.9399618746],[75.959805,10.939935],[75.9593116667,10.9396833333],[75.9591466667,10.939835],[75.9593033333,10.9401283333],[75.9593416667,10.9405783333],[75.9595133333,10.9406783333],[75.9597366667,10.941135],[75.9595766667,10.94183],[75.9597616667,10.9420233333],[75.9597883333,10.9425033333],[75.9592166667,10.9423616667],[75.95886,10.9420733333],[75.9588416667,10.9419283333],[75.95856,10.941765],[75.9585116667,10.9413083333],[75.9583816667,10.940965],[75.9581233333,10.9406916667],[75.95798,10.9402283333],[75.9574166667,10.9400016667],[75.957225,10.9398033333],[75.9566216667,10.9401416667],[75.956455,10.9403033333],[75.95601,10.9402383333],[75.9559883333,10.940635],[75.95588,10.941265],[75.9557933333,10.941545],[75.9558316667,10.9417783333],[75.9557550478,10.9421188638]]]},"properties":{"id":"cheriyamundam-w4","ward_no":4,"ward_name":"Kurukkol","ward_label":"Ward 4 – Kurukkol","local_body":"Cheriyamundam","local_body_id":"cheriyamundam","lsgd_type":"Grama Panchayat","source":"Delimitation Commission, Kerala — 2024 ward delimitation (wardmap.ksmart.live)","source_date":"2024-10-21","delimitation":"2024","acquired":"2026-09-30"}},{"type":"Feature","geometry":{"type":"Polygon","coordinates":[[[75.9535619985,10.9418292682],[75.9537766667,10.94193],[75.95387,10.94265],[75.95397,10.9429116667],[75.95399,10.9433483333],[75.9542433333,10.9437716667],[75.9542583333,10.9441766667],[75.9543366285,10.94425],[75.9550137674,10.9441980405],[75.9549685878,10.9428319137],[75.9550542494,10.9425838743],[75.9552501744,10.9424537991],[75.9554974107,10.9424063814],[75.955531761,10.9420756841],[75.9557550478,10.9421188638],[75.9558316667,10.9417783333],[75.9557933333,10.941545],[75.95588,10.941265],[75.9559883333,10.940635],[75.95601,10.9402383333],[75.956455,10.9403033333],[75.9566216667,10.9401416667],[75.957225,10.9398033333],[75.9574166667,10.9400016667],[75.95798,10.9402283333],[75.9581233333,10.9406916667],[75.9583816667,10.940965],[75.9585116667,10.9413083333],[75.95856,10.941765],[75.9588416667,10.9419283333],[75.95886,10.9420733333],[75.9592166667,10.9423616667],[75.9597883333,10.9425033333],[75.9597616667,10.9420233333],[75.9595766667,10.94183],[75.9597366667,10.941135],[75.9595133333,10.9406783333],[75.9593416667,10.9405783333],[75.9593033333,10.9401283333],[75.9591466667,10.939835],[75.9593116667,10.9396833333],[75.959805,10.939935],[75.9600973619,10.9399618746],[75.9601348402,10.93983957],[75.9598648383,10.939548898],[75.9596250208,10.9389510231],[75.9595188943,10.9381256314],[75.9592079601,10.937130604],[75.9590820294,10.9364415392],[75.9586392213,10.936246391],[75.9579728884,10.9360943486],[75.9576409633,10.9357890243],[75.957397207,10.9353746565],[75.9572870002,10.9350858952],[75.9573015953,10.9345865894],[75.957352628,10.9342550183],[75.9575720277,10.9337948306],[75.9575007654,10.9336766627],[75.9575705125,10.9331925871],[75.9573513685,10.9329530311],[75.9565653986,10.9332206858],[75.9561879356,10.9332811097],[75.9552890797,10.9335077359],[75.9549907836,10.933464943],[75.9546868967,10.933285891],[75.9542256618,10.9328855956],[75.9539313995,10.9327152613],[75.9533469747,10.9324745159],[75.9528020342,10.9318409638],[75.9523748912,10.9315939964],[75.9520421966,10.9316162549],[75.9519865192,10.9312157056],[75.9516175965,10.9312054095],[75.951225357,10.9313574057],[75.9508383333,10.9317233333],[75.9507233333,10.931985],[75.9510016667,10.932185],[75.95119,10.932545],[75.95132,10.9329716667],[75.951245,10.9334366667],[75.95135,10.9336483333],[75.9512383333,10.9338483333],[75.9512983333,10.9340266667],[75.9516866667,10.93443],[75.951735,10.9345966667],[75.9514916667,10.9347766667],[75.9509566667,10.9348966667],[75.95091,10.9347633333],[75.950295,10.934925],[75.95026,10.935],[75.9504916667,10.9353416667],[75.9508133333,10.93555],[75.9510483333,10.93582],[75.9516133333,10.9368483333],[75.9516733333,10.9371783333],[75.9520483333,10.9377633333],[75.9524616667,10.9380816667],[75.9525766667,10.9383066667],[75.9527683333,10.9388983333],[75.95259,10.93912],[75.95254,10.9393366667],[75.9526733333,10.9397733333],[75.9529583333,10.9401183333],[75.9531066667,10.9408466667],[75.95324,10.9411616667],[75.9534016667,10.9413383333],[75.9535619985,10.9418292682]]]},"properties":{"id":"cheriyamundam-w5","ward_no":5,"ward_name":"Chudalappuram","ward_label":"Ward 5 – Chudalappuram","local_body":"Cheriyamundam","local_body_id":"cheriyamundam","lsgd_type":"Grama Panchayat","source":"Delimitation Commission, Kerala — 2024 ward delimitation (wardmap.ksmart.live)","source_date":"2024-10-21","delimitation":"2024","acquired":"2026-09-30"}},{"type":"Feature","geometry":{"type":"Polygon","coordinates":[[[75.947948416,10.942702182],[75.9486734165,10.9427069506],[75.9491833333,10.942615],[75.9497633333,10.942795],[75.9503066667,10.9427766667],[75.9503933333,10.9426133333],[75.95128,10.94256],[75.951511591,10.9425999651],[75.95192,10.9425733333],[75.9525483333,10.9421733333],[75.9535619985,10.9418292682],[75.9534016667,10.9413383333],[75.95324,10.9411616667],[75.9531066667,10.9408466667],[75.9529583333,10.9401183333],[75.9526733333,10.9397733333],[75.95254,10.9393366667],[75.95259,10.93912],[75.9527683333,10.9388983333],[75.9525766667,10.9383066667],[75.9524616667,10.9380816667],[75.9520483333,10.9377633333],[75.9516733333,10.9371783333],[75.9516133333,10.9368483333],[75.9510483333,10.93582],[75.9508133333,10.93555],[75.9504916667,10.9353416667],[75.95026,10.935],[75.950295,10.934925],[75.95091,10.9347633333],[75.9509566667,10.9348966667],[75.9514916667,10.9347766667],[75.951735,10.9345966667],[75.9516866667,10.93443],[75.9512983333,10.9340266667],[75.9512383333,10.9338483333],[75.95135,10.9336483333],[75.951245,10.9334366667],[75.95132,10.9329716667],[75.95119,10.932545],[75.9510016667,10.932185],[75.9507233333,10.931985],[75.9508383333,10.9317233333],[75.951225357,10.9313574057],[75.9516175965,10.9312054095],[75.9519865192,10.9312157056],[75.9520198166,10.9310201341],[75.9522736168,10.9310031945],[75.9523533642,10.9300323453],[75.9520854229,10.9295864656],[75.9520886587,10.9286373449],[75.9521962007,10.9278932498],[75.95210411,10.9274411423],[75.9522397501,10.9274690359],[75.9521745338,10.9269245207],[75.9520343372,10.9265410981],[75.951737655,10.9265334621],[75.9515968845,10.9266664472],[75.951009827,10.926713077],[75.9500804696,10.9266719642],[75.9500189756,10.926494854],[75.9492179241,10.9263688766],[75.9489953413,10.9270511574],[75.9487707993,10.9280633868],[75.9485459409,10.9287453002],[75.9484976709,10.9294081442],[75.9486117045,10.9299605333],[75.9486020049,10.9301957158],[75.948614785,10.9304697796],[75.9486981145,10.9306787509],[75.9486356102,10.9315269646],[75.9484993295,10.9317861195],[75.9482993638,10.9323572893],[75.9483323743,10.9329894159],[75.9482399612,10.9332885956],[75.9481593881,10.9340311296],[75.9477544851,10.934535706],[75.9479018673,10.9348262558],[75.9485018095,10.9356367533],[75.9484075009,10.935885149],[75.9485389555,10.9363796683],[75.9485325545,10.9367127311],[75.9486061093,10.9374219748],[75.948455254,10.9384258954],[75.9485212015,10.9394358797],[75.9486110285,10.9399503814],[75.9485490783,10.9402506841],[75.9481993909,10.941407441],[75.9481086742,10.9418659495],[75.9479277746,10.9424536149],[75.947948416,10.942702182]]]},"properties":{"id":"cheriyamundam-w6","ward_no":6,"ward_name":"Mylamkulam","ward_label":"Ward 6 – Mylamkulam","local_body":"Cheriyamundam","local_body_id":"cheriyamundam","lsgd_type":"Grama Panchayat","source":"Delimitation Commission, Kerala — 2024 ward delimitation (wardmap.ksmart.live)","source_date":"2024-10-23","delimitation":"2024","acquired":"2026-09-30"}},{"type":"Feature","geometry":{"type":"Polygon","coordinates":[[[75.9519865192,10.9312157056],[75.9520421966,10.9316162549],[75.9523748912,10.9315939964],[75.9528020342,10.9318409638],[75.9533469747,10.9324745159],[75.9539313995,10.9327152613],[75.9542256618,10.9328855956],[75.9546868967,10.933285891],[75.9549907836,10.933464943],[75.9552890797,10.9335077359],[75.9561879356,10.9332811097],[75.9565653986,10.9332206858],[75.9573513685,10.9329530311],[75.9575705125,10.9331925871],[75.9575007654,10.9336766627],[75.9575720277,10.9337948306],[75.9578931702,10.9336597583],[75.9585483133,10.9335623705],[75.9596671126,10.9333259496],[75.95985266,10.933069655],[75.9598730936,10.9323806851],[75.9600850951,10.9318903659],[75.9604654406,10.9315306579],[75.9608548196,10.9310054559],[75.9604429734,10.930107638],[75.9600776508,10.9294845393],[75.960412175,10.9288846446],[75.9613678954,10.9283049918],[75.9621483194,10.9282051658],[75.9622048058,10.9278992893],[75.9623458849,10.9277714654],[75.9622442431,10.9275603146],[75.9622494185,10.9271407406],[75.962374484,10.926583875],[75.9625405649,10.9265676699],[75.9626293869,10.9263815552],[75.9626622559,10.9260104997],[75.9616337296,10.9259971612],[75.9609818346,10.9258361243],[75.9604311909,10.9258763963],[75.9603462159,10.9263909046],[75.9608659728,10.9274769325],[75.96065,10.92772],[75.9599871425,10.9282143533],[75.9595088354,10.9285179744],[75.9591350578,10.9285518819],[75.9584042894,10.928449807],[75.9581199252,10.9283509021],[75.9575947839,10.928040934],[75.9567747317,10.9279060097],[75.9562931088,10.927715059],[75.9560476712,10.9275704203],[75.955633209,10.9272345445],[75.9559507408,10.926768188],[75.9562560428,10.9264228551],[75.9564927255,10.9257346808],[75.9562159406,10.9254979901],[75.9558938858,10.9253944751],[75.9553438763,10.9253156061],[75.9553665558,10.9248762997],[75.9557433333,10.9241683333],[75.9558529361,10.9238717116],[75.9553489158,10.9236794073],[75.9548597579,10.9234278233],[75.9544285774,10.9230559052],[75.9540761585,10.9228875208],[75.9536523415,10.9226127225],[75.9528290325,10.9221581464],[75.9523372182,10.9220646119],[75.9520692753,10.923049196],[75.9520583333,10.9234583333],[75.9519816667,10.9236166667],[75.9517301622,10.9245846306],[75.9517946298,10.9247675348],[75.9517216406,10.9250582872],[75.951130498,10.9250847036],[75.9511333464,10.9257225933],[75.9499377734,10.9255598103],[75.9493439459,10.9255142919],[75.9492179241,10.9263688766],[75.9500189756,10.926494854],[75.9500804696,10.9266719642],[75.951009827,10.926713077],[75.9515968845,10.9266664472],[75.951737655,10.9265334621],[75.9520343372,10.9265410981],[75.9521745338,10.9269245207],[75.9522397501,10.9274690359],[75.95210411,10.9274411423],[75.9521962007,10.9278932498],[75.9520886587,10.9286373449],[75.9520854229,10.9295864656],[75.9523533642,10.9300323453],[75.9522736168,10.9310031945],[75.9520198166,10.9310201341],[75.9519865192,10.9312157056]]]},"properties":{"id":"cheriyamundam-w7","ward_no":7,"ward_name":"Iringavoor North","ward_label":"Ward 7 – Iringavoor North","local_body":"Cheriyamundam","local_body_id":"cheriyamundam","lsgd_type":"Grama Panchayat","source":"Delimitation Commission, Kerala — 2024 ward delimitation (wardmap.ksmart.live)","source_date":"2024-10-21","delimitation":"2024","acquired":"2026-09-30"}},{"type":"Feature","geometry":{"type":"Polygon","coordinates":[[[75.9558529361,10.9238717116],[75.9557433333,10.9241683333],[75.9553665558,10.9248762997],[75.9553438763,10.9253156061],[75.9558938858,10.9253944751],[75.9562159406,10.9254979901],[75.9564927255,10.9257346808],[75.9562560428,10.9264228551],[75.9559507408,10.926768188],[75.955633209,10.9272345445],[75.9560476712,10.9275704203],[75.9562931088,10.927715059],[75.9567747317,10.9279060097],[75.9575947839,10.928040934],[75.9581199252,10.9283509021],[75.9584042894,10.928449807],[75.9591350578,10.9285518819],[75.9595088354,10.9285179744],[75.9599871425,10.9282143533],[75.96065,10.92772],[75.9608659728,10.9274769325],[75.9603462159,10.9263909046],[75.9604311909,10.9258763963],[75.9609818346,10.9258361243],[75.9616337296,10.9259971612],[75.9626622559,10.9260104997],[75.9626293869,10.9263815552],[75.9625405649,10.9265676699],[75.962374484,10.926583875],[75.9622494185,10.9271407406],[75.9622442431,10.9275603146],[75.9623458849,10.9277714654],[75.9622048058,10.9278992893],[75.9621483194,10.9282051658],[75.9632457261,10.9280658433],[75.9637243868,10.9276242937],[75.9647959269,10.9256954639],[75.9653022591,10.9249206875],[75.9657798643,10.9249258021],[75.9659753477,10.924267818],[75.9659801175,10.9240266004],[75.9661605899,10.92358807],[75.9661234091,10.9230920815],[75.9662270599,10.9226802991],[75.9661047524,10.9221345933],[75.9660106311,10.9212016117],[75.9661932176,10.9210853837],[75.9663265594,10.9208459597],[75.9661335847,10.9206525909],[75.9655269105,10.9206902012],[75.9653724121,10.9209564484],[75.9649993143,10.9212487371],[75.9648787109,10.9215178784],[75.96448989,10.9219876657],[75.9644451827,10.9222353439],[75.9645137032,10.9225541685],[75.9644292099,10.9226084294],[75.9640040477,10.9225888865],[75.9637373094,10.9225158075],[75.9630660402,10.9224473028],[75.961566058,10.9224812777],[75.9615270078,10.9223438116],[75.9601378046,10.9220910406],[75.9598666442,10.9220678832],[75.9597541441,10.9224383142],[75.9596990055,10.9231029059],[75.9591176183,10.9231623509],[75.9587944264,10.9232802114],[75.9584856206,10.9232821233],[75.9578720913,10.9233792293],[75.9576334264,10.9234719836],[75.9570142152,10.9235403202],[75.9565177065,10.9237565156],[75.9559191691,10.9238984944],[75.9558529361,10.9238717116]]]},"properties":{"id":"cheriyamundam-w8","ward_no":8,"ward_name":"Kuruppinpadi","ward_label":"Ward 8 – Kuruppinpadi","local_body":"Cheriyamundam","local_body_id":"cheriyamundam","lsgd_type":"Grama Panchayat","source":"Delimitation Commission, Kerala — 2024 ward delimitation (wardmap.ksmart.live)","source_date":"2024-10-20","delimitation":"2024","acquired":"2026-09-30"}},{"type":"Feature","geometry":{"type":"Polygon","coordinates":[[[75.9540761585,10.9228875208],[75.9544285774,10.9230559052],[75.9548597579,10.9234278233],[75.9553489158,10.9236794073],[75.9558529361,10.9238717116],[75.9559191691,10.9238984944],[75.9565177065,10.9237565156],[75.9570142152,10.9235403202],[75.9576334264,10.9234719836],[75.9578720913,10.9233792293],[75.9584856206,10.9232821233],[75.9587944264,10.9232802114],[75.9591176183,10.9231623509],[75.9596990055,10.9231029059],[75.9597541441,10.9224383142],[75.9598666442,10.9220678832],[75.9601378046,10.9220910406],[75.9615270078,10.9223438116],[75.961566058,10.9224812777],[75.9630660402,10.9224473028],[75.9637373094,10.9225158075],[75.9640040477,10.9225888865],[75.9644292099,10.9226084294],[75.9645137032,10.9225541685],[75.9644451827,10.9222353439],[75.96448989,10.9219876657],[75.9648787109,10.9215178784],[75.9649993143,10.9212487371],[75.9653724121,10.9209564484],[75.9655269105,10.9206902012],[75.9661335847,10.9206525909],[75.9663265594,10.9208459597],[75.9666565769,10.9211247036],[75.9673861066,10.9212686231],[75.9675966624,10.9212111966],[75.9678968581,10.9208599938],[75.9681542084,10.920809987],[75.9683818154,10.9208762187],[75.9687556781,10.9208495966],[75.9691310042,10.9203615042],[75.9696721178,10.9194371656],[75.9694043133,10.9194429016],[75.9693736985,10.919237945],[75.9690879239,10.9193799271],[75.9677868447,10.9191655686],[75.9675760129,10.9191842651],[75.9672990246,10.9189278402],[75.9673279422,10.9188154478],[75.9669083183,10.9183278091],[75.9666368346,10.9181221564],[75.9661482873,10.9180321202],[75.9654450103,10.917741044],[75.9652487673,10.9177178974],[75.9647864132,10.9175501366],[75.9645211715,10.9173455388],[75.9641644303,10.917169235],[75.9635384869,10.9170135],[75.9630213925,10.9166118482],[75.9629405587,10.9164798916],[75.9626671623,10.9164824616],[75.9624666028,10.9163220724],[75.9624415184,10.9160131744],[75.9617914024,10.9157422647],[75.9604670006,10.9148673603],[75.9601597258,10.9146383237],[75.9598780339,10.9151511617],[75.9594856522,10.9154517607],[75.9592,10.91538],[75.9591021762,10.9155389978],[75.9589231928,10.9165040101],[75.9589599318,10.9167485419],[75.9591623992,10.917265844],[75.9593767582,10.9176516211],[75.9596539331,10.9188351619],[75.9595466291,10.9191075491],[75.9594449425,10.9197481206],[75.9595050443,10.9211811578],[75.9591116597,10.9210506128],[75.9589196649,10.9211140883],[75.958819942,10.9213315921],[75.9579816667,10.9213383333],[75.957385,10.92154],[75.95693,10.9215666667],[75.9565016667,10.92153],[75.9561133333,10.9212166667],[75.9557866667,10.92102],[75.955295,10.9208133333],[75.9550866667,10.9206816667],[75.954975,10.9207966667],[75.954835,10.9211533333],[75.9546966667,10.9212966667],[75.9546016274,10.9218974653],[75.9543331103,10.9218711454],[75.954197555,10.9223668422],[75.954011505,10.9227434213],[75.9540761585,10.9228875208]]]},"properties":{"id":"cheriyamundam-w9","ward_no":9,"ward_name":"Iringavoor Town","ward_label":"Ward 9 – Iringavoor Town","local_body":"Cheriyamundam","local_body_id":"cheriyamundam","lsgd_type":"Grama Panchayat","source":"Delimitation Commission, Kerala — 2024 ward delimitation (wardmap.ksmart.live)","source_date":"2024-10-18","delimitation":"2024","acquired":"2026-09-30"}},{"type":"Feature","geometry":{"type":"Polygon","coordinates":[[[75.9523372182,10.9220646119],[75.9528290325,10.9221581464],[75.9536523415,10.9226127225],[75.9540761585,10.9228875208],[75.954011505,10.9227434213],[75.954197555,10.9223668422],[75.9543331103,10.9218711454],[75.9546016274,10.9218974653],[75.9546966667,10.9212966667],[75.954835,10.9211533333],[75.954975,10.9207966667],[75.9550866667,10.9206816667],[75.955295,10.9208133333],[75.9557866667,10.92102],[75.9561133333,10.9212166667],[75.9565016667,10.92153],[75.95693,10.9215666667],[75.957385,10.92154],[75.9579816667,10.9213383333],[75.958819942,10.9213315921],[75.9589196649,10.9211140883],[75.9591116597,10.9210506128],[75.9595050443,10.9211811578],[75.9594449425,10.9197481206],[75.9595466291,10.9191075491],[75.9596539331,10.9188351619],[75.9593767582,10.9176516211],[75.9591623992,10.917265844],[75.9589599318,10.9167485419],[75.9589231928,10.9165040101],[75.9591021762,10.9155389978],[75.9592,10.91538],[75.9594856522,10.9154517607],[75.9598780339,10.9151511617],[75.9601597258,10.9146383237],[75.9598164515,10.9145504862],[75.9593768386,10.9141891528],[75.9588904151,10.9140209174],[75.9583643631,10.913920015],[75.9576892639,10.9136579947],[75.9579483333,10.9142866667],[75.957985,10.9145566667],[75.9578883333,10.914905],[75.95747,10.914985],[75.9564066667,10.914975],[75.9560216667,10.9150016667],[75.9553066667,10.91496],[75.955045,10.91507],[75.95417,10.9149416667],[75.9533733333,10.9148716667],[75.9531683333,10.914945],[75.9531166667,10.9154766667],[75.9526883333,10.9155016667],[75.9514666667,10.9154483333],[75.9514083333,10.9155],[75.9512916667,10.91636],[75.9513616667,10.91716],[75.95153,10.9177183333],[75.9517266667,10.9185383333],[75.9516966667,10.9190666667],[75.9515883333,10.9195966667],[75.9513883333,10.9200466667],[75.9512833333,10.9208933333],[75.9511018808,10.9215477383],[75.9511415359,10.9216193178],[75.9513527259,10.9216802552],[75.9523372182,10.9220646119]]]},"properties":{"id":"cheriyamundam-w10","ward_no":10,"ward_name":"Mandakathinparamb","ward_label":"Ward 10 – Mandakathinparamb","local_body":"Cheriyamundam","local_body_id":"cheriyamundam","lsgd_type":"Grama Panchayat","source":"Delimitation Commission, Kerala — 2024 ward delimitation (wardmap.ksmart.live)","source_date":"2024-10-20","delimitation":"2024","acquired":"2026-09-30"}},{"type":"Feature","geometry":{"type":"Polygon","coordinates":[[[75.9511415359,10.9216193178],[75.9511018808,10.9215477383],[75.9512833333,10.9208933333],[75.9513883333,10.9200466667],[75.9515883333,10.9195966667],[75.9516966667,10.9190666667],[75.9517266667,10.9185383333],[75.95153,10.9177183333],[75.9513616667,10.91716],[75.9512916667,10.91636],[75.9514083333,10.9155],[75.9514666667,10.9154483333],[75.9526883333,10.9155016667],[75.9531166667,10.9154766667],[75.9531683333,10.914945],[75.9533733333,10.9148716667],[75.95417,10.9149416667],[75.955045,10.91507],[75.9553066667,10.91496],[75.9560216667,10.9150016667],[75.9564066667,10.914975],[75.95747,10.914985],[75.9578883333,10.914905],[75.957985,10.9145566667],[75.9579483333,10.9142866667],[75.9576892639,10.9136579947],[75.9575866667,10.9131933333],[75.9574746213,10.9129978396],[75.9567213433,10.9131080681],[75.9558322165,10.9130822479],[75.9560693892,10.912566665],[75.9561330067,10.9123073838],[75.9559747126,10.9118640526],[75.956000359,10.9115523011],[75.9554869839,10.9112558903],[75.9545734941,10.9102260046],[75.95437699,10.9099577181],[75.9539675085,10.9098509834],[75.9540006729,10.9094494757],[75.9537179497,10.9094525503],[75.9536109973,10.9098279146],[75.9534260155,10.9102385192],[75.953031466,10.9105528974],[75.9525420204,10.9108611769],[75.9522716715,10.9112268279],[75.9518596432,10.9114743727],[75.9516590691,10.9117868232],[75.9513978996,10.9120390487],[75.9511178617,10.9126388671],[75.9508691119,10.9128544022],[75.9506947874,10.9131990404],[75.950456976,10.913303737],[75.9500790707,10.912966641],[75.9494685532,10.912879841],[75.9492528157,10.9125436796],[75.9488422707,10.912531004],[75.9479572097,10.912628604],[75.9471127658,10.9131767676],[75.9460072729,10.9137543414],[75.9454471593,10.9142404019],[75.9455539104,10.9147557966],[75.9454206333,10.9151307023],[75.9450110493,10.9157923651],[75.9443676939,10.9165846667],[75.9439833463,10.9173068389],[75.9443008264,10.9174855072],[75.9444832596,10.9178177937],[75.9445444818,10.9182858838],[75.9449779198,10.9187923975],[75.9449602678,10.9190469435],[75.9451722654,10.9190958412],[75.9453416667,10.919375],[75.94543,10.919765],[75.9454516667,10.9204766667],[75.9455447718,10.9213963714],[75.9468666378,10.921666267],[75.946862972,10.9217190989],[75.9477178105,10.9218613979],[75.9480096369,10.9215453124],[75.948572517,10.9215947808],[75.9494023446,10.921622609],[75.9505585747,10.9217095659],[75.9509410627,10.9218021876],[75.9511415359,10.9216193178]]]},"properties":{"id":"cheriyamundam-w11","ward_no":11,"ward_name":"Thiruthummal","ward_label":"Ward 11 – Thiruthummal","local_body":"Cheriyamundam","local_body_id":"cheriyamundam","lsgd_type":"Grama Panchayat","source":"Delimitation Commission, Kerala — 2024 ward delimitation (wardmap.ksmart.live)","source_date":"2024-10-16","delimitation":"2024","acquired":"2026-09-30"}},{"type":"Feature","geometry":{"type":"Polygon","coordinates":[[[75.9486020049,10.9301957158],[75.9486117045,10.9299605333],[75.9484976709,10.9294081442],[75.9485459409,10.9287453002],[75.9487707993,10.9280633868],[75.9489953413,10.9270511574],[75.9492179241,10.9263688766],[75.9493439459,10.9255142919],[75.9499377734,10.9255598103],[75.9511333464,10.9257225933],[75.951130498,10.9250847036],[75.9517216406,10.9250582872],[75.9517946298,10.9247675348],[75.9517301622,10.9245846306],[75.9519816667,10.9236166667],[75.9520583333,10.9234583333],[75.9520692753,10.923049196],[75.9523372182,10.9220646119],[75.9513527259,10.9216802552],[75.9511415359,10.9216193178],[75.9509410627,10.9218021876],[75.9505585747,10.9217095659],[75.9494023446,10.921622609],[75.948572517,10.9215947808],[75.9480096369,10.9215453124],[75.9477178105,10.9218613979],[75.946862972,10.9217190989],[75.9468666378,10.921666267],[75.9455447718,10.9213963714],[75.9447873214,10.9215356885],[75.9443324812,10.9217506174],[75.9445715881,10.9222040361],[75.9446193668,10.9228813786],[75.944749108,10.9234665441],[75.944755,10.92392],[75.9446133333,10.924085],[75.9445583333,10.9243233333],[75.944675,10.9244966667],[75.9446516667,10.9248683333],[75.9449283333,10.9252116667],[75.9447816667,10.9257333333],[75.9448333333,10.9260783333],[75.94495,10.9263166667],[75.9449583333,10.9267016667],[75.9451816667,10.9268533333],[75.9451081196,10.9273086208],[75.944959703,10.9274356615],[75.9455029775,10.9275585073],[75.9456629538,10.9279592904],[75.9456372337,10.9281705691],[75.9454898898,10.9283675737],[75.9452924449,10.929443836],[75.9451982898,10.9297495714],[75.9456529539,10.9297563445],[75.9462977874,10.9299158767],[75.94695604,10.9299651772],[75.9473707457,10.9301442877],[75.9479249675,10.9301906964],[75.9486020049,10.9301957158]]]},"properties":{"id":"cheriyamundam-w12","ward_no":12,"ward_name":"Mayinangadi","ward_label":"Ward 12 – Mayinangadi","local_body":"Cheriyamundam","local_body_id":"cheriyamundam","lsgd_type":"Grama Panchayat","source":"Delimitation Commission, Kerala — 2024 ward delimitation (wardmap.ksmart.live)","source_date":"2024-10-23","delimitation":"2024","acquired":"2026-09-30"}},{"type":"Feature","geometry":{"type":"Polygon","coordinates":[[[75.9455447718,10.9213963714],[75.9454516667,10.9204766667],[75.94543,10.919765],[75.9453416667,10.919375],[75.9451722654,10.9190958412],[75.9449602678,10.9190469435],[75.9449779198,10.9187923975],[75.9445444818,10.9182858838],[75.9444832596,10.9178177937],[75.9443008264,10.9174855072],[75.9439833463,10.9173068389],[75.9439006752,10.9173217485],[75.9436825695,10.9176932153],[75.9435039526,10.9181785828],[75.9432873811,10.9184900631],[75.942920928,10.9186923622],[75.9423107759,10.9187878983],[75.941343507,10.9188472044],[75.9405367444,10.919017311],[75.939888594,10.9192863706],[75.9394714148,10.9193986388],[75.9388880714,10.9194148419],[75.9385934239,10.9195407686],[75.9382864578,10.919858694],[75.9381103346,10.9201866576],[75.9380127351,10.9206483223],[75.9381203452,10.9209721762],[75.9381107199,10.9214412775],[75.9378921029,10.9218072803],[75.9376908258,10.9224128335],[75.9376610655,10.9227812654],[75.9377925054,10.923618108],[75.938029494,10.9241906391],[75.938290063,10.9244929541],[75.9383722555,10.9247472726],[75.9387583704,10.9247405636],[75.93874,10.9250133333],[75.9394016667,10.9251266667],[75.93997,10.92514],[75.9406483333,10.925195],[75.9408066667,10.9253416667],[75.941115,10.925375],[75.9414866667,10.92552],[75.941485,10.9260866667],[75.9415483333,10.9263733333],[75.9417516667,10.926605],[75.9427633333,10.9267266667],[75.9430333333,10.9268266667],[75.943205,10.9271416667],[75.9436733333,10.9271966667],[75.9440683333,10.9272883333],[75.9447783333,10.927365],[75.944959703,10.9274356615],[75.9451081196,10.9273086208],[75.9451816667,10.9268533333],[75.9449583333,10.9267016667],[75.94495,10.9263166667],[75.9448333333,10.9260783333],[75.9447816667,10.9257333333],[75.9449283333,10.9252116667],[75.9446516667,10.9248683333],[75.944675,10.9244966667],[75.9445583333,10.9243233333],[75.9446133333,10.924085],[75.944755,10.92392],[75.944749108,10.9234665441],[75.9446193668,10.9228813786],[75.9445715881,10.9222040361],[75.9443324812,10.9217506174],[75.9447873214,10.9215356885],[75.9455447718,10.9213963714]]]},"properties":{"id":"cheriyamundam-w13","ward_no":13,"ward_name":"Vaniyannur","ward_label":"Ward 13 – Vaniyannur","local_body":"Cheriyamundam","local_body_id":"cheriyamundam","lsgd_type":"Grama Panchayat","source":"Delimitation Commission, Kerala — 2024 ward delimitation (wardmap.ksmart.live)","source_date":"2024-10-17","delimitation":"2024","acquired":"2026-09-30"}},{"type":"Feature","geometry":{"type":"Polygon","coordinates":[[[75.948614785,10.9304697796],[75.9486020049,10.9301957158],[75.9479249675,10.9301906964],[75.9473707457,10.9301442877],[75.94695604,10.9299651772],[75.9462977874,10.9299158767],[75.9456529539,10.9297563445],[75.9451982898,10.9297495714],[75.9452924449,10.929443836],[75.9454898898,10.9283675737],[75.9456372337,10.9281705691],[75.9456629538,10.9279592904],[75.9455029775,10.9275585073],[75.944959703,10.9274356615],[75.9447783333,10.927365],[75.9440683333,10.9272883333],[75.9436733333,10.9271966667],[75.943205,10.9271416667],[75.9430333333,10.9268266667],[75.9427633333,10.9267266667],[75.9417516667,10.926605],[75.9415483333,10.9263733333],[75.941485,10.9260866667],[75.9414866667,10.92552],[75.941115,10.925375],[75.9408066667,10.9253416667],[75.9406483333,10.925195],[75.93997,10.92514],[75.9394016667,10.9251266667],[75.93874,10.9250133333],[75.9387583704,10.9247405636],[75.9383722555,10.9247472726],[75.938259263,10.925092606],[75.9377105141,10.9257443641],[75.9371686317,10.9262307888],[75.9369692428,10.9265486567],[75.93690654,10.92699699],[75.9369982024,10.9274890451],[75.9372153285,10.9280539618],[75.9372791334,10.9285224232],[75.9370892359,10.9287251599],[75.9366498432,10.9286889259],[75.9364401981,10.9288830065],[75.9364204446,10.9291716708],[75.9364927681,10.9294959572],[75.9366190708,10.9296277401],[75.9368757968,10.9296399867],[75.937263698,10.9295041456],[75.9373159621,10.9292727589],[75.9381165517,10.9291993864],[75.9383943137,10.9293180994],[75.9398672509,10.9296901668],[75.9402766667,10.929775],[75.940195,10.930255],[75.9395733333,10.93024],[75.9393216667,10.930345],[75.939305,10.931],[75.9394083333,10.931225],[75.93966,10.9314583333],[75.9396383333,10.9319616667],[75.939465,10.932295],[75.9393783333,10.9329033333],[75.93954,10.9334066667],[75.9394883121,10.9339477706],[75.9400506209,10.9338619888],[75.9407645261,10.9338131545],[75.9409983333,10.9343383333],[75.9410681921,10.9353139963],[75.9411409508,10.935490989],[75.941160103,10.9358944552],[75.941777962,10.9359691402],[75.9423945659,10.9360990858],[75.9428350825,10.9360165295],[75.9433812246,10.9359776702],[75.94343,10.9357],[75.94373,10.9354333333],[75.94386,10.93548],[75.94399,10.9349983333],[75.9435133333,10.9348933333],[75.9424890353,10.934758118],[75.9417217686,10.9347743847],[75.9415923072,10.9346585492],[75.9418722204,10.9334870834],[75.9418695897,10.9333272887],[75.9420889707,10.9332413416],[75.9422840658,10.9329215957],[75.9426659289,10.9324856747],[75.9433733333,10.9320566667],[75.9439499597,10.9307278546],[75.9443566976,10.9308834482],[75.9451018299,10.9310792786],[75.9452699267,10.9308119817],[75.9458748425,10.9308207177],[75.947365,10.9308066667],[75.9477,10.930605],[75.9479666667,10.930705],[75.9482516667,10.930585],[75.9484274118,10.9306176327],[75.948614785,10.9304697796]]]},"properties":{"id":"cheriyamundam-w14","ward_no":14,"ward_name":"Parannekkad","ward_label":"Ward 14 – Parannekkad","local_body":"Cheriyamundam","local_body_id":"cheriyamundam","lsgd_type":"Grama Panchayat","source":"Delimitation Commission, Kerala — 2024 ward delimitation (wardmap.ksmart.live)","source_date":"2024-10-18","delimitation":"2024","acquired":"2026-09-30"}},{"type":"Feature","geometry":{"type":"Polygon","coordinates":[[[75.9485490783,10.9402506841],[75.9486110285,10.9399503814],[75.9485212015,10.9394358797],[75.948455254,10.9384258954],[75.9486061093,10.9374219748],[75.9485325545,10.9367127311],[75.9485389555,10.9363796683],[75.9484075009,10.935885149],[75.9485018095,10.9356367533],[75.9479018673,10.9348262558],[75.9477544851,10.934535706],[75.9481593881,10.9340311296],[75.9482399612,10.9332885956],[75.9483323743,10.9329894159],[75.9482993638,10.9323572893],[75.9484993295,10.9317861195],[75.9486356102,10.9315269646],[75.9486981145,10.9306787509],[75.948614785,10.9304697796],[75.9484274118,10.9306176327],[75.9482516667,10.930585],[75.9479666667,10.930705],[75.9477,10.930605],[75.947365,10.9308066667],[75.9458748425,10.9308207177],[75.9452699267,10.9308119817],[75.9451018299,10.9310792786],[75.9443566976,10.9308834482],[75.9439499597,10.9307278546],[75.9433733333,10.9320566667],[75.9426659289,10.9324856747],[75.9422840658,10.9329215957],[75.9420889707,10.9332413416],[75.9418695897,10.9333272887],[75.9418722204,10.9334870834],[75.9415923072,10.9346585492],[75.9417217686,10.9347743847],[75.9424890353,10.934758118],[75.9435133333,10.9348933333],[75.94399,10.9349983333],[75.94386,10.93548],[75.94373,10.9354333333],[75.94343,10.9357],[75.9433812246,10.9359776702],[75.9439416667,10.9359983333],[75.9439083333,10.9362533333],[75.9437766667,10.9366266667],[75.9439516667,10.9374],[75.9437588086,10.9376519828],[75.9442367576,10.937844817],[75.9444794866,10.9378676796],[75.945059761,10.9380286044],[75.945078535,10.9382415479],[75.945008345,10.9386262445],[75.945895,10.9390316667],[75.9460483333,10.9390083333],[75.946355,10.93923],[75.946805,10.9392466667],[75.94682,10.939455],[75.9467083333,10.9398183333],[75.9465166667,10.9401616667],[75.9466816667,10.9403833333],[75.9469397121,10.9403778946],[75.9469584591,10.9402408145],[75.9476033333,10.9401383333],[75.9480933333,10.9401733333],[75.9485490783,10.9402506841]]]},"properties":{"id":"cheriyamundam-w15","ward_no":15,"ward_name":"Parapputhadam","ward_label":"Ward 15 – Parapputhadam","local_body":"Cheriyamundam","local_body_id":"cheriyamundam","lsgd_type":"Grama Panchayat","source":"Delimitation Commission, Kerala — 2024 ward delimitation (wardmap.ksmart.live)","source_date":"2024-10-18","delimitation":"2024","acquired":"2026-09-30"}},{"type":"Feature","geometry":{"type":"Polygon","coordinates":[[[75.9407561372,10.943529621],[75.9409633333,10.9434833333],[75.9416566667,10.9434383333],[75.9417783333,10.94336],[75.9420666667,10.94341],[75.9422416667,10.94354],[75.94226,10.9437166667],[75.9426516667,10.9437483333],[75.9429233333,10.943825],[75.9439066667,10.9438416667],[75.9439366667,10.9436966667],[75.9450983333,10.9433266667],[75.94529,10.9432116667],[75.9458166667,10.9430366667],[75.9458966667,10.9430866667],[75.945955,10.9436433333],[75.9458583333,10.943835],[75.94554,10.94399],[75.9453,10.9441933333],[75.9451616667,10.944695],[75.94504,10.9449033333],[75.9447866667,10.9457166667],[75.9443933333,10.94573],[75.944275,10.94595],[75.9444166667,10.9462683333],[75.94483,10.9463283333],[75.9459433333,10.9463066667],[75.9462,10.946265],[75.946515,10.9462966667],[75.9465266667,10.9465016667],[75.9474116667,10.9466166667],[75.94755,10.946515],[75.9477033333,10.9461366667],[75.9479816667,10.94617],[75.94818,10.9461116667],[75.9482516667,10.9458],[75.9490151981,10.9458868412],[75.9490514585,10.9458549505],[75.94898,10.9448166667],[75.9489066667,10.9444233333],[75.9488033333,10.944325],[75.94846,10.9442016667],[75.9483066667,10.9436216667],[75.9481116667,10.943205],[75.947948416,10.942702182],[75.9479277746,10.9424536149],[75.9481086742,10.9418659495],[75.9481993909,10.941407441],[75.9485490783,10.9402506841],[75.9480933333,10.9401733333],[75.9476033333,10.9401383333],[75.9469584591,10.9402408145],[75.9469397121,10.9403778946],[75.9466816667,10.9403833333],[75.9465166667,10.9401616667],[75.9467083333,10.9398183333],[75.94682,10.939455],[75.946805,10.9392466667],[75.946355,10.93923],[75.9460483333,10.9390083333],[75.945895,10.9390316667],[75.945008345,10.9386262445],[75.944655,10.9394483333],[75.9444666667,10.939805],[75.9442366667,10.9400083333],[75.94405,10.9399733333],[75.94389,10.9401366667],[75.9430983333,10.9405716667],[75.9423916667,10.9408633333],[75.9416616667,10.9407316667],[75.9411916667,10.9407533333],[75.9407566667,10.9406583333],[75.9406983333,10.940755],[75.9406151049,10.9413287137],[75.9406423924,10.9418493782],[75.9407264793,10.9423074694],[75.9408040972,10.9430296534],[75.9407561372,10.943529621]]]},"properties":{"id":"cheriyamundam-w16","ward_no":16,"ward_name":"Chenapuram","ward_label":"Ward 16 – Chenapuram","local_body":"Cheriyamundam","local_body_id":"cheriyamundam","lsgd_type":"Grama Panchayat","source":"Delimitation Commission, Kerala — 2024 ward delimitation (wardmap.ksmart.live)","source_date":"2024-10-17","delimitation":"2024","acquired":"2026-09-30"}},{"type":"Feature","geometry":{"type":"Polygon","coordinates":[[[75.9376737609,10.9414202355],[75.9379583333,10.942145],[75.938315,10.9427833333],[75.938796183,10.9433964196],[75.939277873,10.943875591],[75.9395433333,10.9436783333],[75.93981,10.9437866667],[75.94017,10.9437266667],[75.9407561372,10.943529621],[75.9408040972,10.9430296534],[75.9407264793,10.9423074694],[75.9406423924,10.9418493782],[75.9406151049,10.9413287137],[75.9406983333,10.940755],[75.9407566667,10.9406583333],[75.9411916667,10.9407533333],[75.9416616667,10.9407316667],[75.9423916667,10.9408633333],[75.9430983333,10.9405716667],[75.94389,10.9401366667],[75.94405,10.9399733333],[75.9442366667,10.9400083333],[75.9444666667,10.939805],[75.944655,10.9394483333],[75.945008345,10.9386262445],[75.945078535,10.9382415479],[75.945059761,10.9380286044],[75.9444794866,10.9378676796],[75.9442367576,10.937844817],[75.9437588086,10.9376519828],[75.9439516667,10.9374],[75.9437766667,10.9366266667],[75.9439083333,10.9362533333],[75.9439416667,10.9359983333],[75.9433812246,10.9359776702],[75.9428350825,10.9360165295],[75.9423945659,10.9360990858],[75.941777962,10.9359691402],[75.941160103,10.9358944552],[75.9402516667,10.93589],[75.93981,10.9359866667],[75.9396183333,10.9363133333],[75.9395816667,10.9368566667],[75.9393216667,10.9371983333],[75.9389557365,10.9374578261],[75.9374880485,10.9377895518],[75.9369153825,10.9378806011],[75.9368833333,10.9379483333],[75.9371766667,10.939285],[75.9373166667,10.9396933333],[75.937565,10.94068],[75.9376737609,10.9414202355]]]},"properties":{"id":"cheriyamundam-w17","ward_no":17,"ward_name":"Cholappuram","ward_label":"Ward 17 – Cholappuram","local_body":"Cheriyamundam","local_body_id":"cheriyamundam","lsgd_type":"Grama Panchayat","source":"Delimitation Commission, Kerala — 2024 ward delimitation (wardmap.ksmart.live)","source_date":"2024-10-20","delimitation":"2024","acquired":"2026-09-30"}},{"type":"Feature","geometry":{"type":"Polygon","coordinates":[[[75.941160103,10.9358944552],[75.9411409508,10.935490989],[75.9410681921,10.9353139963],[75.9409983333,10.9343383333],[75.9407645261,10.9338131545],[75.9400506209,10.9338619888],[75.9394883121,10.9339477706],[75.93954,10.9334066667],[75.9393783333,10.9329033333],[75.939465,10.932295],[75.9396383333,10.9319616667],[75.93966,10.9314583333],[75.9394083333,10.931225],[75.939305,10.931],[75.9393216667,10.930345],[75.9395733333,10.93024],[75.940195,10.930255],[75.9402766667,10.929775],[75.9398672509,10.9296901668],[75.9383943137,10.9293180994],[75.9381165517,10.9291993864],[75.9373159621,10.9292727589],[75.937263698,10.9295041456],[75.9374846854,10.9296645933],[75.9374544939,10.9299327208],[75.9368681026,10.9312797437],[75.9367243238,10.9314519076],[75.9363005299,10.9317319021],[75.9353609171,10.9319075731],[75.9351262685,10.9320029672],[75.9347284841,10.9323238466],[75.9343268632,10.9328088771],[75.9346524628,10.9334364823],[75.9356017598,10.9349146505],[75.9360267475,10.9356160115],[75.9361679662,10.9357900225],[75.9366772161,10.9366368476],[75.9366824457,10.9368241256],[75.9369153825,10.9378806011],[75.9374880485,10.9377895518],[75.9389557365,10.9374578261],[75.9393216667,10.9371983333],[75.9395816667,10.9368566667],[75.9396183333,10.9363133333],[75.93981,10.9359866667],[75.9402516667,10.93589],[75.941160103,10.9358944552]]]},"properties":{"id":"cheriyamundam-w18","ward_no":18,"ward_name":"Thalakkadathur Town","ward_label":"Ward 18 – Thalakkadathur Town","local_body":"Cheriyamundam","local_body_id":"cheriyamundam","lsgd_type":"Grama Panchayat","source":"Delimitation Commission, Kerala — 2024 ward delimitation (wardmap.ksmart.live)","source_date":"2024-10-17","delimitation":"2024","acquired":"2026-09-30"}},{"type":"Feature","geometry":{"type":"Polygon","coordinates":[[[75.9366824457,10.9368241256],[75.9366772161,10.9366368476],[75.9361679662,10.9357900225],[75.9360267475,10.9356160115],[75.9356017598,10.9349146505],[75.9346524628,10.9334364823],[75.9343268632,10.9328088771],[75.9339447815,10.9330262635],[75.9334662392,10.933075334],[75.9330727218,10.9331718077],[75.9328030567,10.9333352864],[75.9326852969,10.9335208432],[75.9326740679,10.9338088183],[75.9327510198,10.9342063812],[75.9327529278,10.9345874343],[75.9326759752,10.9352366455],[75.9324943499,10.9354328459],[75.9322817575,10.9353904741],[75.9320429314,10.9352393195],[75.9319058164,10.9353043608],[75.9315877727,10.9358457553],[75.9316633603,10.9361567964],[75.9319832479,10.9363079739],[75.9321695238,10.9365201258],[75.9320982628,10.9367391645],[75.931940975,10.9368518778],[75.9316584458,10.9368843788],[75.931103174,10.9365675807],[75.9308140561,10.9365730484],[75.9305391692,10.9366515387],[75.930297657,10.9366347457],[75.9295101535,10.9364116625],[75.9295605592,10.9367720039],[75.9298049572,10.937302598],[75.9297912014,10.9374275558],[75.9294775748,10.9376108116],[75.9291318884,10.9380011164],[75.9293040435,10.9380662857],[75.9293203155,10.9382415839],[75.9291099409,10.9387566133],[75.9285401241,10.9389568288],[75.9283307014,10.9396593531],[75.9283023966,10.939966068],[75.9280211563,10.940660304],[75.92907,10.9409233333],[75.9297216667,10.9408933333],[75.9304038387,10.9411377074],[75.930665,10.9411416667],[75.9314072102,10.9413397017],[75.9314533333,10.9412966667],[75.9325092068,10.9415105075],[75.93278,10.9415333333],[75.93282,10.94179],[75.9331749198,10.941953302],[75.933553913,10.9420079219],[75.9342683333,10.9418983333],[75.934825,10.9418566667],[75.93515,10.941645],[75.9356033333,10.9415133333],[75.9362033333,10.94142],[75.9362552263,10.9413349175],[75.9359066667,10.939915],[75.9359122675,10.9395216037],[75.93565,10.9387133333],[75.9353934309,10.9376355074],[75.9352816667,10.9372966667],[75.9357933333,10.9371233333],[75.9362233333,10.9369366667],[75.9366824457,10.9368241256]]]},"properties":{"id":"cheriyamundam-w19","ward_no":19,"ward_name":"Ipputungal","ward_label":"Ward 19 – Ipputungal","local_body":"Cheriyamundam","local_body_id":"cheriyamundam","lsgd_type":"Grama Panchayat","source":"Delimitation Commission, Kerala — 2024 ward delimitation (wardmap.ksmart.live)","source_date":"2024-10-16","delimitation":"2024","acquired":"2026-09-30"}},{"type":"Feature","geometry":{"type":"Polygon","coordinates":[[[75.9333176899,10.9447413024],[75.9332880238,10.944338411],[75.933195,10.9440666667],[75.9335059322,10.9436925714],[75.9336804744,10.943558399],[75.9341536273,10.94350048],[75.9342566667,10.9437633333],[75.93425,10.9439816667],[75.9344466667,10.9446366667],[75.9344800035,10.9449406976],[75.934743495,10.9455720895],[75.9348512521,10.9457114406],[75.9352902373,10.9455462657],[75.9361036074,10.9450446226],[75.936365,10.9445683333],[75.93663,10.944425],[75.9370766667,10.94433],[75.9375357349,10.9443462342],[75.9381112876,10.9442033476],[75.9380804385,10.9439857441],[75.937665,10.9436933333],[75.937425,10.9434416667],[75.9372266667,10.943125],[75.9370283333,10.9426766667],[75.936903814,10.9422470949],[75.9366433806,10.9417854208],[75.9368854186,10.9416113112],[75.93721,10.9414766667],[75.9376737609,10.9414202355],[75.937565,10.94068],[75.9373166667,10.9396933333],[75.9371766667,10.939285],[75.9368833333,10.9379483333],[75.9369153825,10.9378806011],[75.9366824457,10.9368241256],[75.9362233333,10.9369366667],[75.9357933333,10.9371233333],[75.9352816667,10.9372966667],[75.9353934309,10.9376355074],[75.93565,10.9387133333],[75.9359122675,10.9395216037],[75.9359066667,10.939915],[75.9362552263,10.9413349175],[75.9362033333,10.94142],[75.9356033333,10.9415133333],[75.93515,10.941645],[75.934825,10.9418566667],[75.9342683333,10.9418983333],[75.933553913,10.9420079219],[75.9331749198,10.941953302],[75.93282,10.94179],[75.93278,10.9415333333],[75.9325092068,10.9415105075],[75.9314533333,10.9412966667],[75.9314072102,10.9413397017],[75.930665,10.9411416667],[75.9304038387,10.9411377074],[75.9297216667,10.9408933333],[75.92907,10.9409233333],[75.9280211563,10.940660304],[75.9279042103,10.9408897924],[75.9278129069,10.9413800882],[75.9275118725,10.9419690065],[75.92750387353796,10.942212707137298],[75.92862833962099,10.942408353733239],[75.9301833333,10.9425866667],[75.930355,10.9425583333],[75.9304237594,10.9423752975],[75.9309797209,10.9424583415],[75.93106901006924,10.942863104028541],[75.9312627593,10.9433249697],[75.9318642996,10.9432527737],[75.93198818,10.9435452827],[75.9318232410658,10.943617093018206],[75.9318916667,10.9437816667],[75.93204168683603,10.944467238216047],[75.9324330844,10.9445735859],[75.93277286176135,10.944740895351034],[75.9333176899,10.9447413024]]]},"properties":{"id":"cheriyamundam-w20","ward_no":20,"ward_name":"Padinhakkara","ward_label":"Ward 20 – Padinhakkara","local_body":"Cheriyamundam","local_body_id":"cheriyamundam","lsgd_type":"Grama Panchayat","source":"Delimitation Commission, Kerala — 2024 ward delimitation (wardmap.ksmart.live)","source_date":"2024-10-16","delimitation":"2024","acquired":"2026-09-30"}},{"type":"Feature","geometry":{"type":"Polygon","coordinates":[[[75.8821190017,10.941915287],[75.8821663193,10.9416206212],[75.8829083901,10.9381152031],[75.8829767913,10.9375651753],[75.8831981149,10.9365906515],[75.883422269,10.9357114846],[75.883527087,10.9350809206],[75.8819807876,10.9350284649],[75.8812536226,10.934969844],[75.8805994773,10.934945896],[75.8809074186,10.9335862576],[75.8812726629,10.9323956837],[75.8814043517,10.9318362018],[75.8804609076,10.9317463717],[75.8792438017,10.9314397986],[75.879198651,10.9314871108],[75.8786688233,10.9340794537],[75.8778105322,10.9375153309],[75.8772395542,10.9400587901],[75.8769351264,10.9410386246],[75.8777882958,10.9412320893],[75.8790579965,10.9414615534],[75.87908896721228,10.941484917896357],[75.880032707,10.9417030894],[75.88153609318205,10.941890637026379],[75.8821190017,10.941915287]]]},"properties":{"id":"niramaruthoor-w1","ward_no":1,"ward_name":"Pudiyakadappuram","ward_label":"Ward 1 – Pudiyakadappuram","local_body":"Niramaruthoor","local_body_id":"niramaruthoor","lsgd_type":"Grama Panchayat","source":"Delimitation Commission, Kerala — 2024 ward delimitation (wardmap.ksmart.live)","source_date":"2024-10-21","delimitation":"2024","acquired":"2026-09-30"}},{"type":"Feature","geometry":{"type":"Polygon","coordinates":[[[75.883422269,10.9357114846],[75.8831981149,10.9365906515],[75.8829767913,10.9375651753],[75.8829083901,10.9381152031],[75.8821663193,10.9416206212],[75.8821190017,10.941915287],[75.8836759987,10.9420981991],[75.8867307764,10.9422528658],[75.887358122,10.9421187868],[75.8876494289,10.942144837],[75.88849389022442,10.942513310045522],[75.8886561123,10.9419953564],[75.8888724899,10.9410780318],[75.8890268405,10.9401574525],[75.8892512576,10.9389779277],[75.8896714335,10.9374149152],[75.88998091999159,10.936470027724138],[75.89006372325116,10.936164905196994],[75.8896790564,10.9361379978],[75.8895556661,10.9363178848],[75.8890063872,10.9362513426],[75.8888039288,10.9365403525],[75.8881785997,10.9365471077],[75.8881469942,10.9367866949],[75.887698175,10.9367943552],[75.8871228692,10.9366744023],[75.8862987494,10.9366440802],[75.8863066166,10.9369169312],[75.8859594121,10.9369066072],[75.8851963774,10.9368174323],[75.885295995,10.9361836742],[75.8852909752,10.9359733005],[75.8849803523,10.9359893395],[75.8849725268,10.9357879242],[75.8846463906,10.9357865322],[75.883422269,10.9357114846]]]},"properties":{"id":"niramaruthoor-w2","ward_no":2,"ward_name":"Kalad","ward_label":"Ward 2 – Kalad","local_body":"Niramaruthoor","local_body_id":"niramaruthoor","lsgd_type":"Grama Panchayat","source":"Delimitation Commission, Kerala — 2024 ward delimitation (wardmap.ksmart.live)","source_date":"2024-10-18","delimitation":"2024","acquired":"2026-09-30"}},{"type":"Feature","geometry":{"type":"Polygon","coordinates":[[[75.883527087,10.9350809206],[75.883422269,10.9357114846],[75.8846463906,10.9357865322],[75.8849725268,10.9357879242],[75.8849803523,10.9359893395],[75.8852909752,10.9359733005],[75.885295995,10.9361836742],[75.8851963774,10.9368174323],[75.8859594121,10.9369066072],[75.8863066166,10.9369169312],[75.8862987494,10.9366440802],[75.8871228692,10.9366744023],[75.887698175,10.9367943552],[75.8881469942,10.9367866949],[75.8881785997,10.9365471077],[75.8888039288,10.9365403525],[75.8890063872,10.9362513426],[75.8895556661,10.9363178848],[75.8896790564,10.9361379978],[75.89006372325116,10.936164905196994],[75.8904291983,10.9352648002],[75.8906136406,10.9347026103],[75.8906336833,10.9341360739],[75.8907166187,10.9337693478],[75.890859643,10.932801184],[75.8910528103,10.9318400875],[75.8910933042,10.9314088085],[75.8912154516,10.9313265747],[75.8915844063,10.9313510503],[75.8916558538,10.9310833715],[75.8917731737,10.9300665237],[75.8918127126,10.929525946],[75.8917225315,10.9291507442],[75.8917765892,10.9285341142],[75.8903195734,10.928443263],[75.890255446,10.9288778243],[75.8894528891,10.9288652725],[75.889105468,10.928697632],[75.8882362984,10.9284955335],[75.8874777028,10.9283574306],[75.8866577599,10.9284269863],[75.8860611495,10.928508235],[75.8850431979,10.9283728338],[75.8849590599,10.9285175225],[75.8845331596,10.9296806208],[75.8842435502,10.9305631819],[75.8841332605,10.9311176021],[75.8840339548,10.9320506037],[75.8838500564,10.9332526844],[75.8837654326,10.9340247122],[75.883527087,10.9350809206]]]},"properties":{"id":"niramaruthoor-w3","ward_no":3,"ward_name":"Vattakinar","ward_label":"Ward 3 – Vattakinar","local_body":"Niramaruthoor","local_body_id":"niramaruthoor","lsgd_type":"Grama Panchayat","source":"Delimitation Commission, Kerala — 2024 ward delimitation (wardmap.ksmart.live)","source_date":"2024-10-18","delimitation":"2024","acquired":"2026-09-30"}},{"type":"Feature","geometry":{"type":"Polygon","coordinates":[[[75.8850431979,10.9283728338],[75.8860611495,10.928508235],[75.8866577599,10.9284269863],[75.8874777028,10.9283574306],[75.8882362984,10.9284955335],[75.889105468,10.928697632],[75.8894528891,10.9288652725],[75.890255446,10.9288778243],[75.8903195734,10.928443263],[75.8917765892,10.9285341142],[75.8916758501,10.9280932634],[75.8917437914,10.9276119429],[75.891774051,10.9269119898],[75.891729072,10.9265245426],[75.8916125868,10.9260863084],[75.8916190064,10.9259026491],[75.8916502081,10.9256924083],[75.8918686696,10.9252319898],[75.8920007698,10.9247160395],[75.8922585371,10.9240233896],[75.8925745404,10.9234834238],[75.8927218485,10.9229874476],[75.8927909603,10.9229386009],[75.8927498642,10.9228765034],[75.8928611801,10.9220669159],[75.8932573852,10.9211168251],[75.8933713424,10.9203533706],[75.8932338948,10.9201565971],[75.8920891765,10.9201180389],[75.8916610348,10.9200155105],[75.8912591513,10.9200035554],[75.8908886544,10.9199312638],[75.8903200671,10.9199930699],[75.8898878281,10.9199398605],[75.8894956106,10.9198077549],[75.8879725388,10.9195680692],[75.8878945562,10.9199285897],[75.8876812912,10.9205872213],[75.8875239147,10.9211805731],[75.8872390313,10.9219266545],[75.8871052175,10.9225408225],[75.8869026102,10.9232114416],[75.8866424449,10.9239226727],[75.8859930019,10.9253650347],[75.8858370059,10.9259969569],[75.8855758615,10.9267028072],[75.8850431979,10.9283728338]]]},"properties":{"id":"niramaruthoor-w4","ward_no":4,"ward_name":"Chakkaramoola","ward_label":"Ward 4 – Chakkaramoola","local_body":"Niramaruthoor","local_body_id":"niramaruthoor","lsgd_type":"Grama Panchayat","source":"Delimitation Commission, Kerala — 2024 ward delimitation (wardmap.ksmart.live)","source_date":"2024-10-18","delimitation":"2024","acquired":"2026-09-30"}},{"type":"Feature","geometry":{"type":"Polygon","coordinates":[[[75.8927909603,10.9229386009],[75.8927218485,10.9229874476],[75.8925745404,10.9234834238],[75.8922585371,10.9240233896],[75.8920007698,10.9247160395],[75.8918686696,10.9252319898],[75.8916502081,10.9256924083],[75.8916190064,10.9259026491],[75.8918803125,10.9258883792],[75.8928062138,10.9259427502],[75.8937508088,10.9261754357],[75.8937714956,10.9262937785],[75.8934169221,10.9274544335],[75.893300773,10.9281570538],[75.8932545317,10.9286229225],[75.8932251455,10.929455384],[75.8939952855,10.9295576289],[75.8943078068,10.929699143],[75.894526942,10.9290007912],[75.8944160005,10.9285754936],[75.8944111187,10.9279594486],[75.8950802005,10.9279235928],[75.8953860252,10.9279790721],[75.8953508624,10.9283162716],[75.8958256294,10.9283622644],[75.8961084515,10.9284424209],[75.8961098318,10.928672464],[75.8962403374,10.9290934717],[75.8966534547,10.9291012624],[75.8972274182,10.9292273964],[75.8970940884,10.9301419204],[75.8969824353,10.9306873956],[75.8967901207,10.9312337176],[75.89650303,10.9321971356],[75.896291719,10.9330308185],[75.8959600416,10.9346778821],[75.8965123597,10.934666307],[75.8970415919,10.9347601856],[75.8973204923,10.9348611658],[75.8988118973,10.9349356202],[75.8995276477,10.9350646408],[75.899691551,10.9341326745],[75.8998476554,10.9334663618],[75.8999605764,10.9324450739],[75.9001307836,10.931395262],[75.9001236828,10.9305636724],[75.8999949748,10.9303219844],[75.8997908485,10.9301283549],[75.8997970908,10.9297955915],[75.8999086261,10.9289810838],[75.9000095267,10.9286507048],[75.8999617305,10.9286267683],[75.9000244271,10.927969208],[75.9001210704,10.9276489355],[75.9000341501,10.9275669185],[75.8994379453,10.9274247615],[75.8993129712,10.9274535952],[75.8987388946,10.9274097998],[75.8987070434,10.9277907154],[75.8983154409,10.9278026177],[75.8982918039,10.927662137],[75.8978890534,10.9275932377],[75.8975235127,10.9274799866],[75.897628963,10.9272303432],[75.897862399,10.9268871043],[75.8980690129,10.9262733813],[75.8981603447,10.9259001725],[75.8982942321,10.9258832739],[75.89891017783516,10.924692864510503],[75.8976023483,10.9240318747],[75.8971194315,10.9237288999],[75.896849049,10.9236106748],[75.8958718975,10.9233583756],[75.8952809699,10.9233066284],[75.89480677496334,10.923174106149014],[75.8942855005,10.9230868061],[75.8936489543,10.9230480122],[75.8927909603,10.9229386009]]]},"properties":{"id":"niramaruthoor-w5","ward_no":5,"ward_name":"Manjalampadi","ward_label":"Ward 5 – Manjalampadi","local_body":"Niramaruthoor","local_body_id":"niramaruthoor","lsgd_type":"Grama Panchayat","source":"Delimitation Commission, Kerala — 2024 ward delimitation (wardmap.ksmart.live)","source_date":"2024-10-18","delimitation":"2024","acquired":"2026-09-30"}},{"type":"Feature","geometry":{"type":"Polygon","coordinates":[[[75.89006372325116,10.936164905196994],[75.88998091999159,10.936470027724138],[75.890846967,10.9366207106],[75.891064773,10.9365486548],[75.8914529587,10.9365403542],[75.8920945052,10.9366430115],[75.8920812507,10.9368106014],[75.8925927508,10.9368203703],[75.8925458057,10.9372096297],[75.893395918,10.9374030762],[75.8935167749,10.936719652],[75.893587845,10.9365113191],[75.89398832,10.9366739171],[75.8946791371,10.9368652011],[75.8950698704,10.9367332679],[75.8953617029,10.9368081609],[75.8954522403,10.9367090443],[75.895602289,10.9362679385],[75.8958690813,10.9360758159],[75.895899444,10.9357363928],[75.8960594146,10.9349512789],[75.8959600416,10.9346778821],[75.896291719,10.9330308185],[75.89650303,10.9321971356],[75.8967901207,10.9312337176],[75.8969824353,10.9306873956],[75.8970940884,10.9301419204],[75.8972274182,10.9292273964],[75.8966534547,10.9291012624],[75.8962403374,10.9290934717],[75.8961098318,10.928672464],[75.8961084515,10.9284424209],[75.8958256294,10.9283622644],[75.8953508624,10.9283162716],[75.8953860252,10.9279790721],[75.8950802005,10.9279235928],[75.8944111187,10.9279594486],[75.8944160005,10.9285754936],[75.894526942,10.9290007912],[75.8943078068,10.929699143],[75.8939952855,10.9295576289],[75.8932251455,10.929455384],[75.8932545317,10.9286229225],[75.893300773,10.9281570538],[75.8934169221,10.9274544335],[75.8937714956,10.9262937785],[75.8937508088,10.9261754357],[75.8928062138,10.9259427502],[75.8918803125,10.9258883792],[75.8916190064,10.9259026491],[75.8916125868,10.9260863084],[75.891729072,10.9265245426],[75.891774051,10.9269119898],[75.8917437914,10.9276119429],[75.8916758501,10.9280932634],[75.8917765892,10.9285341142],[75.8917225315,10.9291507442],[75.8918127126,10.929525946],[75.8917731737,10.9300665237],[75.8916558538,10.9310833715],[75.8915844063,10.9313510503],[75.8912154516,10.9313265747],[75.8910933042,10.9314088085],[75.8910528103,10.9318400875],[75.890859643,10.932801184],[75.8907166187,10.9337693478],[75.8906336833,10.9341360739],[75.8906136406,10.9347026103],[75.8904291983,10.9352648002],[75.89006372325116,10.936164905196994]]]},"properties":{"id":"niramaruthoor-w6","ward_no":6,"ward_name":"Yuva Nagar","ward_label":"Ward 6 – Yuva Nagar","local_body":"Niramaruthoor","local_body_id":"niramaruthoor","lsgd_type":"Grama Panchayat","source":"Delimitation Commission, Kerala — 2024 ward delimitation (wardmap.ksmart.live)","source_date":"2024-10-18","delimitation":"2024","acquired":"2026-09-30"}},{"type":"Feature","geometry":{"type":"Polygon","coordinates":[[[75.88998091999159,10.936470027724138],[75.8896714335,10.9374149152],[75.8892512576,10.9389779277],[75.8890268405,10.9401574525],[75.8888724899,10.9410780318],[75.8886561123,10.9419953564],[75.88849389022442,10.942513310045522],[75.8885180836,10.9425584],[75.8894437426,10.9429085246],[75.8896572194,10.9429340977],[75.8904833794,10.9428799969],[75.8915770293,10.9427421213],[75.8922600953,10.9426269859],[75.8927172626,10.9426017194],[75.8933382053,10.9424594127],[75.8938805799,10.9426102279],[75.8942459913,10.9420208999],[75.8944626984,10.9419524426],[75.8947861176,10.9416416006],[75.8952892775,10.9414447505],[75.8957509762,10.9414364054],[75.8959338571,10.9409489493],[75.8958034046,10.9408290746],[75.8950143626,10.9406390138],[75.8952430974,10.939985591],[75.8954745916,10.9395831673],[75.8955141637,10.9394208198],[75.8946853047,10.9392185216],[75.8943561453,10.9393270578],[75.8932926157,10.9392077998],[75.893208909,10.9392545529],[75.8928277913,10.9391179009],[75.8929032762,10.938670542],[75.8929229626,10.9380063353],[75.8930217669,10.9377507113],[75.8933154124,10.9377261407],[75.893395918,10.9374030762],[75.8925458057,10.9372096297],[75.8925927508,10.9368203703],[75.8920812507,10.9368106014],[75.8920945052,10.9366430115],[75.8914529587,10.9365403542],[75.891064773,10.9365486548],[75.890846967,10.9366207106],[75.88998091999159,10.936470027724138]]]},"properties":{"id":"niramaruthoor-w7","ward_no":7,"ward_name":"Korangath","ward_label":"Ward 7 – Korangath","local_body":"Niramaruthoor","local_body_id":"niramaruthoor","lsgd_type":"Grama Panchayat","source":"Delimitation Commission, Kerala — 2024 ward delimitation (wardmap.ksmart.live)","source_date":"2024-10-18","delimitation":"2024","acquired":"2026-09-30"}},{"type":"Feature","geometry":{"type":"Polygon","coordinates":[[[75.8959338571,10.9409489493],[75.8957509762,10.9414364054],[75.8952892775,10.9414447505],[75.8947861176,10.9416416006],[75.8944626984,10.9419524426],[75.8942459913,10.9420208999],[75.8938805799,10.9426102279],[75.894381748,10.9433748625],[75.89478810992723,10.943590078902293],[75.896012628,10.9439647253],[75.896074698,10.9441362599],[75.8963591392754,10.944221142353944],[75.8975636051,10.9444820535],[75.89754845836255,10.944663658771795],[75.8977612269,10.944719519],[75.89778099846696,10.94485462654161],[75.8984825232,10.9448951572],[75.8991454202,10.9448621125],[75.899855882,10.9450088853],[75.9000528675,10.945117025],[75.9007019077,10.945222232],[75.9009900304,10.9452068591],[75.9015451266,10.9453091264],[75.9021051648,10.9455118644],[75.90238127630296,10.945653673500233],[75.9024901508444,10.94561809655592],[75.90263395874939,10.94530323958702],[75.9026167463,10.9448892108],[75.9027023753,10.9443673295],[75.9026618697,10.9438694704],[75.9030755149,10.9435496655],[75.9034027105,10.9430752027],[75.90356441,10.9421647324],[75.9037056641,10.9418657619],[75.9040445568,10.9417892145],[75.9042400052,10.9412524849],[75.9042361414409,10.940878039998623],[75.9029835779,10.9405710035],[75.9027987912,10.9405514775],[75.9025032808,10.9407509581],[75.9015715342,10.9408595304],[75.9014666191,10.9413438535],[75.9013567798,10.9414445614],[75.9013084828,10.9417835779],[75.9010015953,10.9418323848],[75.9002365909,10.9418467633],[75.9000654008,10.9419669236],[75.8999578475,10.9415974441],[75.898558616,10.941491135],[75.8972041949,10.9412593517],[75.8968965926,10.9412361238],[75.8962636286,10.9410955588],[75.8959338571,10.9409489493]]]},"properties":{"id":"niramaruthoor-w8","ward_no":8,"ward_name":"Alinchuvadu","ward_label":"Ward 8 – Alinchuvadu","local_body":"Niramaruthoor","local_body_id":"niramaruthoor","lsgd_type":"Grama Panchayat","source":"Delimitation Commission, Kerala — 2024 ward delimitation (wardmap.ksmart.live)","source_date":"2024-11-02","delimitation":"2024","acquired":"2026-09-30"}},{"type":"Feature","geometry":{"type":"Polygon","coordinates":[[[75.8995276477,10.9350646408],[75.8988118973,10.9349356202],[75.8973204923,10.9348611658],[75.8970415919,10.9347601856],[75.8965123597,10.934666307],[75.8959600416,10.9346778821],[75.8960594146,10.9349512789],[75.895899444,10.9357363928],[75.8958690813,10.9360758159],[75.895602289,10.9362679385],[75.8954522403,10.9367090443],[75.8953617029,10.9368081609],[75.8950698704,10.9367332679],[75.8946791371,10.9368652011],[75.89398832,10.9366739171],[75.893587845,10.9365113191],[75.8935167749,10.936719652],[75.893395918,10.9374030762],[75.8933154124,10.9377261407],[75.8930217669,10.9377507113],[75.8929229626,10.9380063353],[75.8929032762,10.938670542],[75.8928277913,10.9391179009],[75.893208909,10.9392545529],[75.8932926157,10.9392077998],[75.8943561453,10.9393270578],[75.8946853047,10.9392185216],[75.8955141637,10.9394208198],[75.8954745916,10.9395831673],[75.8952430974,10.939985591],[75.8950143626,10.9406390138],[75.8958034046,10.9408290746],[75.8959338571,10.9409489493],[75.8962636286,10.9410955588],[75.8968965926,10.9412361238],[75.8972041949,10.9412593517],[75.898558616,10.941491135],[75.8999578475,10.9415974441],[75.9000654008,10.9419669236],[75.9002365909,10.9418467633],[75.9010015953,10.9418323848],[75.9013084828,10.9417835779],[75.9013567798,10.9414445614],[75.9014666191,10.9413438535],[75.9015715342,10.9408595304],[75.9025032808,10.9407509581],[75.9027987912,10.9405514775],[75.9029835779,10.9405710035],[75.9042361414409,10.940878039998623],[75.9042418523,10.9402746559],[75.904329919,10.9401687882],[75.9046417788,10.93942487],[75.9046957465,10.9388003317],[75.9049468154,10.9383121346],[75.9030006527,10.938105723],[75.9030166406,10.9379574085],[75.9015439788,10.9379146154],[75.9016250612,10.9381704241],[75.9015481342,10.9390885681],[75.900988429,10.9392014088],[75.9000625878,10.939143389],[75.8999805781,10.9385075982],[75.9000037488,10.9381290367],[75.8999569595,10.9378209758],[75.900037652,10.9371235453],[75.900168179,10.9365715277],[75.9001410687,10.9363935315],[75.8996089443,10.9353783821],[75.8995276477,10.9350646408]]]},"properties":{"id":"niramaruthoor-w9","ward_no":9,"ward_name":"Karimaram","ward_label":"Ward 9 – Karimaram","local_body":"Niramaruthoor","local_body_id":"niramaruthoor","lsgd_type":"Grama Panchayat","source":"Delimitation Commission, Kerala — 2024 ward delimitation (wardmap.ksmart.live)","source_date":"2024-10-20","delimitation":"2024","acquired":"2026-09-30"}},{"type":"Feature","geometry":{"type":"Polygon","coordinates":[[[75.9000095267,10.9286507048],[75.8999086261,10.9289810838],[75.8997970908,10.9297955915],[75.8997908485,10.9301283549],[75.8999949748,10.9303219844],[75.9001236828,10.9305636724],[75.9001307836,10.931395262],[75.8999605764,10.9324450739],[75.8998476554,10.9334663618],[75.899691551,10.9341326745],[75.8995276477,10.9350646408],[75.8996089443,10.9353783821],[75.9001410687,10.9363935315],[75.900168179,10.9365715277],[75.900037652,10.9371235453],[75.8999569595,10.9378209758],[75.9000037488,10.9381290367],[75.8999805781,10.9385075982],[75.9000625878,10.939143389],[75.900988429,10.9392014088],[75.9015481342,10.9390885681],[75.9016250612,10.9381704241],[75.9015439788,10.9379146154],[75.9030166406,10.9379574085],[75.9030006527,10.938105723],[75.9049468154,10.9383121346],[75.9050302083,10.9377020098],[75.9051731131,10.9370284571],[75.90534334902685,10.936797676920337],[75.90563480046166,10.935740109118468],[75.9049540858,10.93569161],[75.9037469402,10.935495521],[75.9031723039,10.9355415916],[75.9028055551,10.9354357413],[75.9028198297,10.9350931042],[75.9027533186,10.9345949078],[75.9026299349,10.9344769214],[75.9026749914,10.9341091498],[75.9028150178,10.933956686],[75.902892792,10.9331382627],[75.9029856722,10.9325274024],[75.903124314,10.9309790482],[75.9032105339,10.9303337727],[75.903344403,10.9297539136],[75.9034067759,10.9296685648],[75.9028022736,10.929457834],[75.9019747283,10.9292438859],[75.901381541,10.9291296825],[75.9008212946,10.9288791474],[75.9000095267,10.9286507048]]]},"properties":{"id":"niramaruthoor-w10","ward_no":10,"ward_name":"Pathampad","ward_label":"Ward 10 – Pathampad","local_body":"Niramaruthoor","local_body_id":"niramaruthoor","lsgd_type":"Grama Panchayat","source":"Delimitation Commission, Kerala — 2024 ward delimitation (wardmap.ksmart.live)","source_date":"2024-10-20","delimitation":"2024","acquired":"2026-09-30"}},{"type":"Feature","geometry":{"type":"Polygon","coordinates":[[[75.9034067759,10.9296685648],[75.903344403,10.9297539136],[75.9032105339,10.9303337727],[75.903124314,10.9309790482],[75.9029856722,10.9325274024],[75.902892792,10.9331382627],[75.9028150178,10.933956686],[75.9026749914,10.9341091498],[75.9026299349,10.9344769214],[75.9027533186,10.9345949078],[75.9028198297,10.9350931042],[75.9028055551,10.9354357413],[75.9031723039,10.9355415916],[75.9037469402,10.935495521],[75.9049540858,10.93569161],[75.90563480046166,10.935740109118468],[75.9057615097,10.9353081356],[75.9059060974,10.9349886231],[75.9064397007,10.9334727357],[75.9065372762,10.9333777327],[75.9065953301,10.9328980526],[75.9067868888,10.9322292747],[75.9069566915,10.9314819293],[75.9070650165,10.9307464969],[75.90717689022162,10.930236852887237],[75.90721792465608,10.929859683233884],[75.9073459779,10.9289741919],[75.9073209449,10.9288260213],[75.9066268325,10.928787944],[75.9066566821,10.9285477837],[75.9068040507,10.9282512168],[75.9066390692,10.9281952465],[75.906216142,10.9281772371],[75.9062361875,10.9279962249],[75.9059935844,10.9279353332],[75.9059738956,10.9281913727],[75.9054801422,10.9281699892],[75.9054613442,10.9282632106],[75.9050508231,10.9282552597],[75.9049015401,10.9283722095],[75.9043065517,10.9283473609],[75.9042706521,10.9279681957],[75.9038416667,10.9278216667],[75.9033616667,10.9278583333],[75.9031266667,10.9277316667],[75.9030144232,10.9281373179],[75.90307705,10.9289482475],[75.9034325095,10.928968504],[75.9034852266,10.929089942],[75.9034691854,10.9294970645],[75.9034067759,10.9296685648]]]},"properties":{"id":"niramaruthoor-w11","ward_no":11,"ward_name":"Noormaidanam","ward_label":"Ward 11 – Noormaidanam","local_body":"Niramaruthoor","local_body_id":"niramaruthoor","lsgd_type":"Grama Panchayat","source":"Delimitation Commission, Kerala — 2024 ward delimitation (wardmap.ksmart.live)","source_date":"2024-10-17","delimitation":"2024","acquired":"2026-09-30"}},{"type":"Feature","geometry":{"type":"Polygon","coordinates":[[[75.89891017783516,10.924692864510503],[75.8982942321,10.9258832739],[75.8981603447,10.9259001725],[75.8980690129,10.9262733813],[75.897862399,10.9268871043],[75.897628963,10.9272303432],[75.8975235127,10.9274799866],[75.8978890534,10.9275932377],[75.8982918039,10.927662137],[75.8983154409,10.9278026177],[75.8987070434,10.9277907154],[75.8987388946,10.9274097998],[75.8993129712,10.9274535952],[75.8994379453,10.9274247615],[75.9000341501,10.9275669185],[75.9001210704,10.9276489355],[75.9000244271,10.927969208],[75.8999617305,10.9286267683],[75.9000095267,10.9286507048],[75.9008212946,10.9288791474],[75.901381541,10.9291296825],[75.9019747283,10.9292438859],[75.9028022736,10.929457834],[75.9034067759,10.9296685648],[75.9034691854,10.9294970645],[75.9034852266,10.929089942],[75.9034325095,10.928968504],[75.90307705,10.9289482475],[75.9030144232,10.9281373179],[75.9031266667,10.9277316667],[75.9033616667,10.9278583333],[75.9038416667,10.9278216667],[75.9042706521,10.9279681957],[75.9043065517,10.9283473609],[75.9049015401,10.9283722095],[75.9050508231,10.9282552597],[75.9054613442,10.9282632106],[75.9054801422,10.9281699892],[75.9059738956,10.9281913727],[75.9059935844,10.9279353332],[75.9062361875,10.9279962249],[75.906216142,10.9281772371],[75.9066390692,10.9281952465],[75.9068040507,10.9282512168],[75.9066566821,10.9285477837],[75.9066268325,10.928787944],[75.9073209449,10.9288260213],[75.9074384784,10.9286289085],[75.9079783543,10.9287361828],[75.9087919074,10.9287917381],[75.9088507137,10.9280687076],[75.9088274857,10.9277261852],[75.9087393142,10.9273272689],[75.9086533836,10.9271831737],[75.9078485433,10.9271588148],[75.9070391454,10.9270949157],[75.9070867305,10.9269708401],[75.9067979895,10.9259229531],[75.9067594661,10.9258984922],[75.906212318,10.9259144059],[75.9058639185,10.9258460557],[75.9052379729,10.9255573088],[75.9049571294,10.9255232004],[75.9044254051,10.9257004613],[75.9034872368,10.925830853],[75.9032110825,10.9258090927],[75.9028607607,10.9256846487],[75.902122254,10.9256274875],[75.901672844,10.92551692],[75.9009753682,10.9254760819],[75.9004100203,10.9253044682],[75.8996816421,10.9249912497],[75.89891017783516,10.924692864510503]]]},"properties":{"id":"niramaruthoor-w12","ward_no":12,"ward_name":"Mangad","ward_label":"Ward 12 – Mangad","local_body":"Niramaruthoor","local_body_id":"niramaruthoor","lsgd_type":"Grama Panchayat","source":"Delimitation Commission, Kerala — 2024 ward delimitation (wardmap.ksmart.live)","source_date":"2024-10-20","delimitation":"2024","acquired":"2026-09-30"}},{"type":"Feature","geometry":{"type":"Polygon","coordinates":[[[75.9034872368,10.925830853],[75.9044254051,10.9257004613],[75.9049571294,10.9255232004],[75.9052379729,10.9255573088],[75.9058639185,10.9258460557],[75.906212318,10.9259144059],[75.9067594661,10.9258984922],[75.9066071814,10.9254751485],[75.9065193605,10.9250377497],[75.9062574301,10.9247568967],[75.905662039,10.9242999158],[75.9058669405,10.9234987413],[75.906027933,10.9230702122],[75.9061511331,10.9220147145],[75.9065860354,10.9203529638],[75.9065637402,10.9202005879],[75.90624688,10.91997361],[75.9061471896,10.9196519457],[75.9058884035,10.9193009076],[75.9055432142,10.9189709818],[75.9048813294,10.9189335439],[75.9048157601,10.9187138171],[75.9048724728,10.9181165241],[75.9046950934,10.9177780051],[75.9042564226,10.9173383946],[75.9042489486,10.9169193658],[75.9045301086,10.9165726687],[75.9047109257,10.915908553],[75.9049393046,10.9154788479],[75.9055370707,10.9148266692],[75.9057107989,10.9146020462],[75.9058288601,10.9143067456],[75.9058557264,10.9140098069],[75.9047992883,10.9137176312],[75.9045708189,10.9135815084],[75.9041452983,10.913580707],[75.9022198915,10.913254103],[75.9015291564,10.9131507624],[75.9014194263,10.913537457],[75.9012717126,10.9145924901],[75.9011358075,10.9149152947],[75.9013110785,10.9150641874],[75.9010943043,10.9153128921],[75.9011019328,10.9156796983],[75.9009605758,10.916168774],[75.9008540119,10.9168328469],[75.9006932518,10.9174902722],[75.9014017726,10.9175990843],[75.9012960441,10.9187007784],[75.9013514164,10.9190513475],[75.9015988253,10.919637228],[75.9015309723,10.9201762492],[75.9016127381,10.9207801494],[75.9015183436,10.9211675527],[75.9018001754,10.9212326778],[75.902590419,10.9212841799],[75.9025503615,10.9220616424],[75.9026403428,10.9221008015],[75.9033781187,10.9221159951],[75.9038865642,10.9222355991],[75.9038824339,10.9223476285],[75.9036217061,10.9233237904],[75.9034483741,10.9248183789],[75.9034214608,10.9253150542],[75.9034872368,10.925830853]]]},"properties":{"id":"niramaruthoor-w13","ward_no":13,"ward_name":"Vallikkanhiram","ward_label":"Ward 13 – Vallikkanhiram","local_body":"Niramaruthoor","local_body_id":"niramaruthoor","lsgd_type":"Grama Panchayat","source":"Delimitation Commission, Kerala — 2024 ward delimitation (wardmap.ksmart.live)","source_date":"2024-11-02","delimitation":"2024","acquired":"2026-09-30"}},{"type":"Feature","geometry":{"type":"Polygon","coordinates":[[[75.89480677496334,10.923174106149014],[75.8952809699,10.9233066284],[75.8958718975,10.9233583756],[75.896849049,10.9236106748],[75.8971194315,10.9237288999],[75.8976023483,10.9240318747],[75.89891017783516,10.924692864510503],[75.8996816421,10.9249912497],[75.9004100203,10.9253044682],[75.9009753682,10.9254760819],[75.901672844,10.92551692],[75.902122254,10.9256274875],[75.9028607607,10.9256846487],[75.9032110825,10.9258090927],[75.9034872368,10.925830853],[75.9034214608,10.9253150542],[75.9034483741,10.9248183789],[75.9036217061,10.9233237904],[75.9038824339,10.9223476285],[75.9038865642,10.9222355991],[75.9033781187,10.9221159951],[75.9026403428,10.9221008015],[75.9025503615,10.9220616424],[75.902590419,10.9212841799],[75.9018001754,10.9212326778],[75.9015183436,10.9211675527],[75.9016127381,10.9207801494],[75.9015309723,10.9201762492],[75.9015988253,10.919637228],[75.9013514164,10.9190513475],[75.9012960441,10.9187007784],[75.9014017726,10.9175990843],[75.9006932518,10.9174902722],[75.900608271,10.9174950124],[75.9004428273,10.9181606725],[75.9003637737,10.9186450844],[75.9001196309,10.9188494814],[75.899903228,10.9195583657],[75.898790954,10.9192930216],[75.8984123749,10.9190756133],[75.897791695,10.918980014],[75.8977271967,10.9194058424],[75.89749928,10.9199747984],[75.8976396915,10.9200925769],[75.8976968562,10.9203194102],[75.8979692498,10.9203657871],[75.8978245407,10.9211554267],[75.8971121226,10.9209232086],[75.8968028533,10.9211636241],[75.8963647626,10.9209881883],[75.895543786,10.9207662518],[75.89536239,10.9209356861],[75.8952433378,10.9212308788],[75.8951037732,10.9218731777],[75.8950066925,10.9220543829],[75.8949391279,10.922513961],[75.8948505845,10.9227913522],[75.89480677496334,10.923174106149014]]]},"properties":{"id":"niramaruthoor-w14","ward_no":14,"ward_name":"Kumaranpadi","ward_label":"Ward 14 – Kumaranpadi","local_body":"Niramaruthoor","local_body_id":"niramaruthoor","lsgd_type":"Grama Panchayat","source":"Delimitation Commission, Kerala — 2024 ward delimitation (wardmap.ksmart.live)","source_date":"2024-10-18","delimitation":"2024","acquired":"2026-09-30"}},{"type":"Feature","geometry":{"type":"Polygon","coordinates":[[[75.8908886544,10.9199312638],[75.8912591513,10.9200035554],[75.8916610348,10.9200155105],[75.8920891765,10.9201180389],[75.8932338948,10.9201565971],[75.8933713424,10.9203533706],[75.8932573852,10.9211168251],[75.8928611801,10.9220669159],[75.8927498642,10.9228765034],[75.8927909603,10.9229386009],[75.8936489543,10.9230480122],[75.8942855005,10.9230868061],[75.89480677496334,10.923174106149014],[75.8948505845,10.9227913522],[75.8949391279,10.922513961],[75.8950066925,10.9220543829],[75.8951037732,10.9218731777],[75.8952433378,10.9212308788],[75.89536239,10.9209356861],[75.895543786,10.9207662518],[75.8963647626,10.9209881883],[75.8968028533,10.9211636241],[75.8971121226,10.9209232086],[75.8978245407,10.9211554267],[75.8979692498,10.9203657871],[75.8976968562,10.9203194102],[75.8976396915,10.9200925769],[75.89749928,10.9199747984],[75.8977271967,10.9194058424],[75.897791695,10.918980014],[75.8984123749,10.9190756133],[75.898790954,10.9192930216],[75.899903228,10.9195583657],[75.9001196309,10.9188494814],[75.9003637737,10.9186450844],[75.9004428273,10.9181606725],[75.900608271,10.9174950124],[75.9002006743,10.9173967064],[75.8996601488,10.9164275198],[75.8991256033,10.9162668353],[75.898643268,10.9162068467],[75.8982978431,10.9161141026],[75.8976799819,10.9158257228],[75.8971520802,10.9153438112],[75.8961207341,10.9151042249],[75.8957315464,10.9150844682],[75.8951548162,10.9149411457],[75.8943917719,10.914840675],[75.8934910924,10.9147286758],[75.8931841347,10.9146137076],[75.8926064099,10.9144938238],[75.8922288131,10.9143321415],[75.8918870359,10.9143224395],[75.8918184469,10.9149446081],[75.8917144757,10.9154857099],[75.8918822348,10.91561679],[75.8917635667,10.9162363611],[75.8914237771,10.9167940902],[75.8913765873,10.9173115841],[75.8912280828,10.9181508169],[75.8910315896,10.9186045245],[75.8909814788,10.9193754664],[75.8908886544,10.9199312638]]]},"properties":{"id":"niramaruthoor-w15","ward_no":15,"ward_name":"Ayyappankavu","ward_label":"Ward 15 – Ayyappankavu","local_body":"Niramaruthoor","local_body_id":"niramaruthoor","lsgd_type":"Grama Panchayat","source":"Delimitation Commission, Kerala — 2024 ward delimitation (wardmap.ksmart.live)","source_date":"2024-10-18","delimitation":"2024","acquired":"2026-09-30"}},{"type":"Feature","geometry":{"type":"Polygon","coordinates":[[[75.9006932518,10.9174902722],[75.9008540119,10.9168328469],[75.9009605758,10.916168774],[75.9011019328,10.9156796983],[75.9010943043,10.9153128921],[75.9013110785,10.9150641874],[75.9011358075,10.9149152947],[75.9012717126,10.9145924901],[75.9014194263,10.913537457],[75.9015291564,10.9131507624],[75.9016081116,10.9123109804],[75.9010557315,10.9122214699],[75.9012162901,10.9117626247],[75.9006576336,10.9116656098],[75.9007466851,10.9113940598],[75.9008740432,10.910498909],[75.9009051369,10.9100218031],[75.9006580799,10.9099928792],[75.9006630745,10.9098079059],[75.9009419904,10.9098319314],[75.9010293226,10.9096062135],[75.9009913432,10.9091633507],[75.90054571,10.9091436461],[75.9002655296,10.9090821477],[75.8992073283,10.9089342755],[75.8993283082,10.9086070704],[75.8993176447,10.9080929761],[75.8994319309,10.9077304215],[75.8995054482,10.9072234344],[75.8990206514,10.9071231038],[75.899106329,10.9067011685],[75.8984320818,10.9067364694],[75.8981895475,10.9066296406],[75.8982601631,10.9058912788],[75.8972431477,10.9056755968],[75.8969678283,10.9057413757],[75.8964528512,10.9055179668],[75.8958774923,10.9054757935],[75.8958164631,10.9057814751],[75.8957631978,10.9064302696],[75.8961461772,10.906509885],[75.8961900208,10.9067986079],[75.8960814328,10.907249123],[75.8960829209,10.907729359],[75.8960192037,10.9085038046],[75.8957822805,10.9088734132],[75.8956221309,10.9096284222],[75.8956439953,10.9098931802],[75.8953648597,10.9100116152],[75.8951202917,10.9107097776],[75.8950103587,10.911549005],[75.8948036775,10.9120526414],[75.8945268593,10.9125367193],[75.8944596357,10.9132814671],[75.8944895021,10.9135201477],[75.8944245539,10.914340062],[75.8944566216,10.9146775894],[75.8943917719,10.914840675],[75.8951548162,10.9149411457],[75.8957315464,10.9150844682],[75.8961207341,10.9151042249],[75.8971520802,10.9153438112],[75.8976799819,10.9158257228],[75.8982978431,10.9161141026],[75.898643268,10.9162068467],[75.8991256033,10.9162668353],[75.8996601488,10.9164275198],[75.9002006743,10.9173967064],[75.900608271,10.9174950124],[75.9006932518,10.9174902722]]]},"properties":{"id":"niramaruthoor-w16","ward_no":16,"ward_name":"Janathabasar","ward_label":"Ward 16 – Janathabasar","local_body":"Niramaruthoor","local_body_id":"niramaruthoor","lsgd_type":"Grama Panchayat","source":"Delimitation Commission, Kerala — 2024 ward delimitation (wardmap.ksmart.live)","source_date":"2024-11-02","delimitation":"2024","acquired":"2026-09-30"}},{"type":"Feature","geometry":{"type":"Polygon","coordinates":[[[75.8879725388,10.9195680692],[75.8894956106,10.9198077549],[75.8898878281,10.9199398605],[75.8903200671,10.9199930699],[75.8908886544,10.9199312638],[75.8909814788,10.9193754664],[75.8910315896,10.9186045245],[75.8912280828,10.9181508169],[75.8913765873,10.9173115841],[75.8914237771,10.9167940902],[75.8917635667,10.9162363611],[75.8918822348,10.91561679],[75.8917144757,10.9154857099],[75.8918184469,10.9149446081],[75.8918870359,10.9143224395],[75.8922288131,10.9143321415],[75.8926064099,10.9144938238],[75.8931841347,10.9146137076],[75.8934910924,10.9147286758],[75.8943917719,10.914840675],[75.8944566216,10.9146775894],[75.8944245539,10.914340062],[75.8944895021,10.9135201477],[75.8944596357,10.9132814671],[75.8945268593,10.9125367193],[75.8948036775,10.9120526414],[75.8950103587,10.911549005],[75.8951202917,10.9107097776],[75.8953648597,10.9100116152],[75.8956439953,10.9098931802],[75.8956221309,10.9096284222],[75.8957822805,10.9088734132],[75.8960192037,10.9085038046],[75.8960829209,10.907729359],[75.8960814328,10.907249123],[75.8961900208,10.9067986079],[75.8961461772,10.906509885],[75.8957631978,10.9064302696],[75.8958164631,10.9057814751],[75.8951215174,10.9058186275],[75.8951011959,10.9059715552],[75.8945305042,10.9058566573],[75.8944313303,10.9056536068],[75.8942307169,10.9055323374],[75.8937851602,10.9055241444],[75.8937128179,10.9060639877],[75.8933721499,10.9060560854],[75.8921522476,10.9059181499],[75.8918275131,10.9068054582],[75.8914859732,10.9080091574],[75.891121196,10.9090797266],[75.8907768714,10.9095672185],[75.8900618017,10.9121883637],[75.8896294756,10.912678347],[75.8895311078,10.9130799239],[75.8892673337,10.9130585011],[75.8889709043,10.9129440894],[75.8885413033,10.9128929155],[75.8881458929,10.9143703096],[75.8878994376,10.9154562434],[75.8877429198,10.9162524669],[75.8874669527,10.917287789],[75.8870028248,10.918918768],[75.8869382997,10.9193326017],[75.8869782348,10.9193926637],[75.8879725388,10.9195680692]]]},"properties":{"id":"niramaruthoor-w17","ward_no":17,"ward_name":"Pancharamoola","ward_label":"Ward 17 – Pancharamoola","local_body":"Niramaruthoor","local_body_id":"niramaruthoor","lsgd_type":"Grama Panchayat","source":"Delimitation Commission, Kerala — 2024 ward delimitation (wardmap.ksmart.live)","source_date":"2024-11-04","delimitation":"2024","acquired":"2026-09-30"}},{"type":"Feature","geometry":{"type":"Polygon","coordinates":[[[75.8869382997,10.9193326017],[75.8870028248,10.918918768],[75.8874669527,10.917287789],[75.8877429198,10.9162524669],[75.8878994376,10.9154562434],[75.8881458929,10.9143703096],[75.8885413033,10.9128929155],[75.8883986634,10.912650389],[75.8881433317,10.9127622325],[75.8872626229,10.9125885682],[75.8867584765,10.9129382994],[75.8862110495,10.9131028424],[75.8854548129,10.913121083],[75.8854430811,10.9130649715],[75.8847607844,10.9129870205],[75.884328196,10.9130873526],[75.8832988112,10.9128571584],[75.8823009582,10.9179711993],[75.8814935122,10.9214171268],[75.8811190757,10.9235230444],[75.8811939455,10.9235326538],[75.8812276211,10.9234495274],[75.8824748093,10.9236419865],[75.882464882,10.9233232775],[75.8825870449,10.9229684694],[75.8828811215,10.9230526879],[75.8831685918,10.9230500051],[75.8833595458,10.9221607389],[75.8835488783,10.9218206051],[75.8836433172,10.9214421669],[75.884202614,10.9215321529],[75.8842266586,10.921172411],[75.8844070109,10.9206146708],[75.884490461,10.9206161314],[75.8857738787,10.9209314182],[75.885957773,10.9209359226],[75.8860241936,10.9205590822],[75.8865631469,10.920615605],[75.8868304168,10.9195798084],[75.8869382997,10.9193326017]]]},"properties":{"id":"niramaruthoor-w18","ward_no":18,"ward_name":"Thevarkadappuram","ward_label":"Ward 18 – Thevarkadappuram","local_body":"Niramaruthoor","local_body_id":"niramaruthoor","lsgd_type":"Grama Panchayat","source":"Delimitation Commission, Kerala — 2024 ward delimitation (wardmap.ksmart.live)","source_date":"2024-11-02","delimitation":"2024","acquired":"2026-09-30"}},{"type":"Feature","geometry":{"type":"Polygon","coordinates":[[[75.8792438017,10.9314397986],[75.8804609076,10.9317463717],[75.8814043517,10.9318362018],[75.8812726629,10.9323956837],[75.8809074186,10.9335862576],[75.8805994773,10.934945896],[75.8812536226,10.934969844],[75.8819807876,10.9350284649],[75.883527087,10.9350809206],[75.8837654326,10.9340247122],[75.8838500564,10.9332526844],[75.8840339548,10.9320506037],[75.8841332605,10.9311176021],[75.8842435502,10.9305631819],[75.8845331596,10.9296806208],[75.8849590599,10.9285175225],[75.8850431979,10.9283728338],[75.8855758615,10.9267028072],[75.8858370059,10.9259969569],[75.8859930019,10.9253650347],[75.8866424449,10.9239226727],[75.8869026102,10.9232114416],[75.8871052175,10.9225408225],[75.8872390313,10.9219266545],[75.8875239147,10.9211805731],[75.8876812912,10.9205872213],[75.8878945562,10.9199285897],[75.8879725388,10.9195680692],[75.8869782348,10.9193926637],[75.8869382997,10.9193326017],[75.8868304168,10.9195798084],[75.8865631469,10.920615605],[75.8860241936,10.9205590822],[75.885957773,10.9209359226],[75.8857738787,10.9209314182],[75.884490461,10.9206161314],[75.8844070109,10.9206146708],[75.8842266586,10.921172411],[75.884202614,10.9215321529],[75.8836433172,10.9214421669],[75.8835488783,10.9218206051],[75.8833595458,10.9221607389],[75.8831685918,10.9230500051],[75.8828811215,10.9230526879],[75.8825870449,10.9229684694],[75.882464882,10.9233232775],[75.8824748093,10.9236419865],[75.8812276211,10.9234495274],[75.8811939455,10.9235326538],[75.8808318756,10.9248037136],[75.8804221249,10.9267091094],[75.8792438017,10.9314397986]]]},"properties":{"id":"niramaruthoor-w19","ward_no":19,"ward_name":"Unniyal","ward_label":"Ward 19 – Unniyal","local_body":"Niramaruthoor","local_body_id":"niramaruthoor","lsgd_type":"Grama Panchayat","source":"Delimitation Commission, Kerala — 2024 ward delimitation (wardmap.ksmart.live)","source_date":"2024-10-21","delimitation":"2024","acquired":"2026-09-30"}},{"type":"Feature","geometry":{"type":"Polygon","coordinates":[[[75.9048421201,10.9824020877],[75.9046078492,10.9808721852],[75.9044428923,10.9800455811],[75.9041936395,10.9791463986],[75.9042293746,10.9787566973],[75.9041934562,10.9778823308],[75.9041304247,10.9773564695],[75.9037816667,10.977455],[75.9036516667,10.97764],[75.9036783333,10.977925],[75.9035966667,10.978085],[75.9032916667,10.978055],[75.9030466667,10.9781183333],[75.9020916667,10.9780466667],[75.901655,10.9779716667],[75.9015383333,10.9778816667],[75.9016133333,10.9773883333],[75.90152,10.97712],[75.90135,10.9769533333],[75.9012683333,10.976555],[75.9010583333,10.976495],[75.90096,10.976275],[75.90017,10.9760783333],[75.8990248138,10.9766437413],[75.899135,10.97693],[75.8990716667,10.977155],[75.89864,10.9770133333],[75.8981483333,10.97701],[75.8981,10.97712],[75.8979783333,10.977825],[75.897905,10.9779866667],[75.89711,10.977925],[75.8970283333,10.97855],[75.8968283333,10.9787466667],[75.894725,10.97882],[75.8940416667,10.978645],[75.8939933333,10.9783916667],[75.89305,10.9782483333],[75.891336337,10.9776205932],[75.8911861309,10.9779267887],[75.8908523224,10.9790136502],[75.8907537354,10.9795694524],[75.8908117126,10.9800641962],[75.89117348820167,10.98021430035746],[75.8917932728,10.9803326035],[75.89257366027306,10.980620269232427],[75.892612792,10.9808053341],[75.89300025442583,10.98087945696827],[75.8929823775,10.9812594933],[75.8939358803,10.9813719556],[75.89424859788066,10.981375723241742],[75.8955214646,10.9815482251],[75.8966924483,10.981595257],[75.8966701454,10.9823399158],[75.8965811569,10.982981551],[75.89710998997244,10.983071990098338],[75.89711162203898,10.983271728831841],[75.8970793362,10.9836180472],[75.8973708794,10.9836299086],[75.8974764053,10.9831902757],[75.8981473246,10.9832452261],[75.8981334749,10.9833743726],[75.8985205307,10.9835143342],[75.8987349711,10.9835308771],[75.8988352427,10.983710599],[75.8996006691,10.9838278968],[75.9001826106,10.9840150539],[75.9002435144,10.9841896121],[75.9008445444,10.984614799],[75.9012267311,10.984702699],[75.9018435529,10.9847024952],[75.901959576,10.9842312584],[75.9023738174,10.9835595399],[75.9026482826,10.9834814272],[75.9029971468,10.9835320168],[75.9035258161,10.9835476024],[75.9035735166,10.9832349231],[75.9040398494,10.9832565191],[75.9045586228,10.9833419659],[75.9048730211,10.9834425463],[75.9048311064,10.9828599123],[75.9048421201,10.9824020877]]]},"properties":{"id":"ozhur-w1","ward_no":1,"ward_name":"Eranellur","ward_label":"Ward 1 – Eranellur","local_body":"Ozhur","local_body_id":"ozhur","lsgd_type":"Grama Panchayat","source":"Delimitation Commission, Kerala — 2024 ward delimitation (wardmap.ksmart.live)","source_date":"2024-10-19","delimitation":"2024","acquired":"2026-09-30"}},{"type":"Feature","geometry":{"type":"Polygon","coordinates":[[[75.9041304247,10.9773564695],[75.9041934562,10.9778823308],[75.9042293746,10.9787566973],[75.9041936395,10.9791463986],[75.9044428923,10.9800455811],[75.9046078492,10.9808721852],[75.9048421201,10.9824020877],[75.9052154625,10.982477428],[75.9055981611,10.9826625754],[75.9060190173,10.9827794511],[75.9066913162,10.9828350534],[75.9081043277,10.9827480861],[75.9085604956,10.9827528482],[75.909181572,10.9829612218],[75.9093732294,10.9832173862],[75.9098674312,10.9835633168],[75.910275695,10.9840066135],[75.9105691116,10.9847609065],[75.9106642802,10.9848651288],[75.9107438694,10.9853669726],[75.9109976841,10.9858908358],[75.911254279,10.9862808099],[75.9112597184,10.9866955673],[75.9113722033,10.9869570688],[75.9118134562,10.9876559842],[75.9122575606,10.9883022959],[75.9124549352,10.988730991],[75.9127773683,10.9889113161],[75.9143801821,10.9894267518],[75.9144894206,10.9890923293],[75.9144237811,10.9887786728],[75.9143261504,10.9887601521],[75.9136108189,10.9884108413],[75.9136182938,10.9880081026],[75.913480142,10.9875673934],[75.9129658248,10.9868231777],[75.9124386662,10.9857803109],[75.911951203,10.9848821443],[75.9117797324,10.9842653296],[75.9112773098,10.9829450273],[75.9109497362,10.9824515486],[75.9108294232,10.9821916795],[75.9110951693,10.9820659598],[75.9116895945,10.9817015393],[75.9117325482,10.9814877218],[75.9121817835,10.9812418042],[75.9126669035,10.981046101],[75.9135373084,10.9809700961],[75.9137191121,10.9812175456],[75.9139053325,10.9809532658],[75.9142208657,10.9807844083],[75.9144020033,10.9805772956],[75.914903108,10.9801565303],[75.9150953316,10.9799386821],[75.9152823502,10.9799088473],[75.915296783,10.9791383419],[75.915183307,10.9788885219],[75.9152182721,10.9783976305],[75.9151709679,10.9778655095],[75.9151204628,10.976533558],[75.9144262803,10.9763437144],[75.9138201124,10.9760379505],[75.9135243754,10.9757162985],[75.9127956803,10.9751401201],[75.9121723107,10.9747190471],[75.9114635915,10.9744733262],[75.9110281026,10.9743998323],[75.910644128,10.9741673429],[75.9104217006,10.973822275],[75.9099122413,10.9733599965],[75.9094807089,10.9731284165],[75.9087453757,10.9728388568],[75.9082552715,10.9727210168],[75.9077551128,10.9726566369],[75.9076515534,10.9733025165],[75.9075797864,10.9733607018],[75.9070640418,10.9733587014],[75.9069726372,10.9739964999],[75.9067365465,10.9739895791],[75.9056512936,10.9737155671],[75.9054684524,10.9738915],[75.9052432182,10.9749374863],[75.9052428724,10.9758230583],[75.9054806439,10.9763558044],[75.9054501096,10.9766536241],[75.9051238654,10.9768395253],[75.9043440753,10.9771687256],[75.9041304247,10.9773564695]]]},"properties":{"id":"ozhur-w2","ward_no":2,"ward_name":"Mudangal","ward_label":"Ward 2 – Mudangal","local_body":"Ozhur","local_body_id":"ozhur","lsgd_type":"Grama Panchayat","source":"Delimitation Commission, Kerala — 2024 ward delimitation (wardmap.ksmart.live)","source_date":"2024-10-19","delimitation":"2024","acquired":"2026-09-30"}},{"type":"Feature","geometry":{"type":"Polygon","coordinates":[[[75.9152823502,10.9799088473],[75.9150953316,10.9799386821],[75.914903108,10.9801565303],[75.9144020033,10.9805772956],[75.9142208657,10.9807844083],[75.9139053325,10.9809532658],[75.9137191121,10.9812175456],[75.9135373084,10.9809700961],[75.9126669035,10.981046101],[75.9121817835,10.9812418042],[75.9117325482,10.9814877218],[75.9116895945,10.9817015393],[75.9110951693,10.9820659598],[75.9108294232,10.9821916795],[75.9109497362,10.9824515486],[75.9112773098,10.9829450273],[75.9117797324,10.9842653296],[75.911951203,10.9848821443],[75.9124386662,10.9857803109],[75.9129658248,10.9868231777],[75.913480142,10.9875673934],[75.9136182938,10.9880081026],[75.9136108189,10.9884108413],[75.9143261504,10.9887601521],[75.9144237811,10.9887786728],[75.9144894206,10.9890923293],[75.9143801821,10.9894267518],[75.9146901656,10.9894996243],[75.9151901659,10.9897025283],[75.9161070672,10.9900006354],[75.9163652793,10.9900163243],[75.9173326742,10.9901559117],[75.9172822495,10.9908101377],[75.9175443037,10.9908482623],[75.91760865,10.99047051],[75.91768074,10.98965059],[75.91790703,10.98878916],[75.91794463,10.98839335],[75.91803167,10.98835604],[75.91866391,10.98851327],[75.918958,10.98827612],[75.91959354,10.98706034],[75.92018203,10.98613549],[75.9204916515,10.9857304832],[75.92069001,10.98585021],[75.92088758,10.98578109],[75.92180346,10.98534517],[75.9222688337,10.9850975664],[75.9207906965,10.9834163196],[75.9205284838,10.9830764377],[75.91993068,10.98258763],[75.91953713,10.98298354],[75.91929601,10.98312043],[75.9191376775,10.983296651],[75.91873752,10.98248725],[75.91884465,10.98214707],[75.91860851,10.98213924],[75.91873319,10.98182822],[75.91879394,10.98116835],[75.91868672,10.98103828],[75.91870521,10.98056741],[75.9185867478,10.9803381813],[75.9167728381,10.9799337785],[75.9158820025,10.9799841945],[75.9152823502,10.9799088473]]]},"properties":{"id":"ozhur-w3","ward_no":3,"ward_name":"Korad","ward_label":"Ward 3 – Korad","local_body":"Ozhur","local_body_id":"ozhur","lsgd_type":"Grama Panchayat","source":"Delimitation Commission, Kerala — 2024 ward delimitation (wardmap.ksmart.live)","source_date":"2024-10-20","delimitation":"2024","acquired":"2026-09-30"}},{"type":"Feature","geometry":{"type":"Polygon","coordinates":[[[75.9185867478,10.9803381813],[75.91870521,10.98056741],[75.91868672,10.98103828],[75.91879394,10.98116835],[75.91873319,10.98182822],[75.91860851,10.98213924],[75.91884465,10.98214707],[75.91873752,10.98248725],[75.9191376775,10.983296651],[75.91929601,10.98312043],[75.91953713,10.98298354],[75.91993068,10.98258763],[75.9205284838,10.9830764377],[75.9207906965,10.9834163196],[75.9222688337,10.9850975664],[75.9229411823,10.9847466172],[75.92363676,10.98425752],[75.92483135,10.98357585],[75.92528042,10.98333892],[75.92661528,10.98245729],[75.92716793,10.98202372],[75.92748399,10.9818298],[75.92775333,10.98152026],[75.92867528,10.98036311],[75.92889846,10.97986609],[75.92934795,10.97872796],[75.9294613,10.97824653],[75.92955607,10.97742807],[75.92958565,10.97683259],[75.9296995059,10.9763873693],[75.9294823,10.97626023],[75.9294616,10.97604481],[75.92933691,10.97577909],[75.9291486,10.97567757],[75.92786739,10.97550411],[75.92667523,10.97508022],[75.92636238,10.97488651],[75.9260623,10.9748776],[75.92579024,10.97478867],[75.92556225,10.97451329],[75.92509119,10.97428983],[75.92470282,10.97432886],[75.9244592,10.97425906],[75.92439686,10.97411076],[75.92379925,10.97401336],[75.9234919,10.97383599],[75.9231448558,10.9739015593],[75.9228370293,10.9741395752],[75.9224152,10.97454885],[75.92145868,10.97531175],[75.92127554,10.97553178],[75.92093174,10.97569421],[75.92056206,10.97648322],[75.92052212,10.97674322],[75.92054811,10.97710363],[75.92049696,10.97733776],[75.92023033,10.97784112],[75.91998583,10.97802464],[75.9198232,10.97838483],[75.91957072,10.97869586],[75.91951354,10.97905291],[75.91935417,10.97957619],[75.9188413,10.97998502],[75.9185867478,10.9803381813]]]},"properties":{"id":"ozhur-w4","ward_no":4,"ward_name":"Omachappuzha","ward_label":"Ward 4 – Omachappuzha","local_body":"Ozhur","local_body_id":"ozhur","lsgd_type":"Grama Panchayat","source":"Delimitation Commission, Kerala — 2024 ward delimitation (wardmap.ksmart.live)","source_date":"2024-10-20","delimitation":"2024","acquired":"2026-09-30"}},{"type":"Feature","geometry":{"type":"Polygon","coordinates":[[[75.9296995059,10.9763873693],[75.92958565,10.97683259],[75.92955607,10.97742807],[75.9294613,10.97824653],[75.92934795,10.97872796],[75.92889846,10.97986609],[75.92867528,10.98036311],[75.92775333,10.98152026],[75.92748399,10.9818298],[75.92716793,10.98202372],[75.92661528,10.98245729],[75.92528042,10.98333892],[75.92483135,10.98357585],[75.92363676,10.98425752],[75.9229411823,10.9847466172],[75.92334111,10.98564448],[75.9234799,10.98588987],[75.92313864,10.98603401],[75.92331847,10.98647454],[75.92356642,10.98660844],[75.92422056,10.98656509],[75.9246174,10.98646221],[75.92481103,10.9862805],[75.92502658,10.98624961],[75.92546412,10.98578247],[75.92578574,10.98567288],[75.92609753,10.98605198],[75.92609626,10.98634634],[75.92662552,10.98704769],[75.92693413,10.98753705],[75.92718497,10.98784643],[75.92734498,10.98791245],[75.92764165,10.98783392],[75.92807847,10.98760522],[75.92852857,10.98801204],[75.9285186496,10.9883976331],[75.92914886,10.98806423],[75.92948994,10.98780212],[75.92974041,10.98747179],[75.9302307388,10.9862803054],[75.93034703,10.98599772],[75.93054367,10.98589287],[75.9306648,10.98595613],[75.93117051,10.98573724],[75.9314235777,10.9846387877],[75.93156254,10.98471425],[75.9318211,10.98467783],[75.93190942,10.98428062],[75.9328089805,10.9814392634],[75.93395596,10.98113397],[75.93400811,10.98070191],[75.93441606,10.98048807],[75.93447486,10.98037438],[75.93403063,10.97926338],[75.9338616015,10.9789568306],[75.93367055,10.97822972],[75.93325425,10.97773266],[75.9331419,10.97752652],[75.93316457,10.97704169],[75.93326889,10.97659128],[75.93316892,10.97596783],[75.93321159,10.97576854],[75.93343221,10.97544966],[75.93374594,10.97488448],[75.93383768,10.97479838],[75.93442692,10.97463705],[75.93499013,10.97416204],[75.9349004068,10.9733348989],[75.9347701212,10.9729146034],[75.93442617,10.9729861],[75.93408716,10.9728984],[75.93367944,10.97294972],[75.93353931,10.97332531],[75.93323572,10.97335976],[75.9321723,10.97359822],[75.93144175,10.9734944],[75.93081502,10.97331211],[75.93045654,10.97329764],[75.93033255,10.97346262],[75.93022847,10.97381561],[75.93014614,10.97456442],[75.93007753,10.97478332],[75.92997988,10.97574512],[75.9300065,10.97627592],[75.9296995059,10.9763873693]]]},"properties":{"id":"ozhur-w5","ward_no":5,"ward_name":"Varikkottuthara","ward_label":"Ward 5 – Varikkottuthara","local_body":"Ozhur","local_body_id":"ozhur","lsgd_type":"Grama Panchayat","source":"Delimitation Commission, Kerala — 2024 ward delimitation (wardmap.ksmart.live)","source_date":"2024-10-20","delimitation":"2024","acquired":"2026-09-30"}},{"type":"Feature","geometry":{"type":"Polygon","coordinates":[[[75.9222688337,10.9850975664],[75.92180346,10.98534517],[75.92088758,10.98578109],[75.92069001,10.98585021],[75.9204916515,10.9857304832],[75.92018203,10.98613549],[75.91959354,10.98706034],[75.918958,10.98827612],[75.91866391,10.98851327],[75.91803167,10.98835604],[75.91794463,10.98839335],[75.91790703,10.98878916],[75.91768074,10.98965059],[75.91760865,10.99047051],[75.9175443037,10.9908482623],[75.9172822495,10.9908101377],[75.9173018988,10.991720538],[75.9174720285,10.9917292667],[75.9174858745,10.9922842509],[75.9178321895,10.9922554627],[75.917852158,10.992472369],[75.9182853288,10.9923622074],[75.9190827626,10.9920915369],[75.9191070354,10.9923065589],[75.9190212163,10.9928240305],[75.9190350391,10.9932380157],[75.9195984123,10.9932759455],[75.9203251751,10.993261919],[75.9208654493,10.9933679559],[75.9210486507,10.9932486319],[75.9212975225,10.9933217173],[75.9215321531,10.9932893211],[75.9217127448,10.9933811609],[75.9220893426,10.9934085353],[75.9222483008,10.9932742858],[75.92247337,10.99275479],[75.92227475,10.99257193],[75.92237206,10.99237614],[75.92254055,10.99225626],[75.92295429,10.99172401],[75.92306963,10.99138372],[75.92354993,10.9915532],[75.92409235,10.99122438],[75.92436351,10.99084647],[75.9245451,10.99095883],[75.92493943,10.99098182],[75.92513926,10.99106937],[75.92517798,10.99132646],[75.9256226781,10.9910838387],[75.9259614603,10.9907824973],[75.9261888359,10.9905181099],[75.9263112997,10.9901579869],[75.92630796,10.98963791],[75.9269743,10.98967183],[75.92728225,10.98980747],[75.92752228,10.98964996],[75.92767712,10.98945524],[75.92813577,10.98916569],[75.9285094,10.98911829],[75.92871758,10.98893784],[75.9285186496,10.9883976331],[75.92852857,10.98801204],[75.92807847,10.98760522],[75.92764165,10.98783392],[75.92734498,10.98791245],[75.92718497,10.98784643],[75.92693413,10.98753705],[75.92662552,10.98704769],[75.92609626,10.98634634],[75.92609753,10.98605198],[75.92578574,10.98567288],[75.92546412,10.98578247],[75.92502658,10.98624961],[75.92481103,10.9862805],[75.9246174,10.98646221],[75.92422056,10.98656509],[75.92356642,10.98660844],[75.92331847,10.98647454],[75.92313864,10.98603401],[75.9234799,10.98588987],[75.92334111,10.98564448],[75.9229411823,10.9847466172],[75.9222688337,10.9850975664]]]},"properties":{"id":"ozhur-w6","ward_no":6,"ward_name":"Manalippuzha","ward_label":"Ward 6 – Manalippuzha","local_body":"Ozhur","local_body_id":"ozhur","lsgd_type":"Grama Panchayat","source":"Delimitation Commission, Kerala — 2024 ward delimitation (wardmap.ksmart.live)","source_date":"2024-10-20","delimitation":"2024","acquired":"2026-09-30"}},{"type":"Feature","geometry":{"type":"Polygon","coordinates":[[[75.9302307388,10.9862803054],[75.92974041,10.98747179],[75.92948994,10.98780212],[75.92914886,10.98806423],[75.9285186496,10.9883976331],[75.92871758,10.98893784],[75.9285094,10.98911829],[75.92813577,10.98916569],[75.92767712,10.98945524],[75.92752228,10.98964996],[75.92728225,10.98980747],[75.9269743,10.98967183],[75.92630796,10.98963791],[75.9263112997,10.9901579869],[75.9261888359,10.9905181099],[75.9259614603,10.9907824973],[75.9256226781,10.9910838387],[75.92517798,10.99132646],[75.92513926,10.99106937],[75.92493943,10.99098182],[75.9245451,10.99095883],[75.92436351,10.99084647],[75.92409235,10.99122438],[75.92354993,10.9915532],[75.92306963,10.99138372],[75.92295429,10.99172401],[75.92254055,10.99225626],[75.92237206,10.99237614],[75.92227475,10.99257193],[75.92247337,10.99275479],[75.9222483008,10.9932742858],[75.9220893426,10.9934085353],[75.9217127448,10.9933811609],[75.9215321531,10.9932893211],[75.9212975225,10.9933217173],[75.9210486507,10.9932486319],[75.9208654493,10.9933679559],[75.9203251751,10.993261919],[75.9195984123,10.9932759455],[75.9190350391,10.9932380157],[75.9191422772,10.9941334925],[75.9193375992,10.9944480072],[75.9196625291,10.9952115842],[75.9197574043,10.995820681],[75.9196434766,10.9962573589],[75.9202527002,10.9962931703],[75.9208299677,10.996286517],[75.9211000497,10.9963324716],[75.9218534755,10.9963108297],[75.9227740545,10.9963974158],[75.9232909472,10.9965879406],[75.9235593197,10.9967952639],[75.9239319306,10.9968607706],[75.9250184156,10.9969683637],[75.9252245441,10.9969090995],[75.9264033817,10.9966723634],[75.9273853132,10.9963173618],[75.9279633145,10.995994227],[75.9284158775,10.9958319081],[75.9286417516,10.9958348496],[75.928773172,10.9955554507],[75.9287352351,10.9952461373],[75.9292454562,10.9947926557],[75.9295094467,10.9944734144],[75.9297738541,10.9938498013],[75.9300809815,10.993380771],[75.9301747347,10.9929917741],[75.9313910496,10.9917871832],[75.9320130267,10.9913849196],[75.9322769374,10.9910885259],[75.9331952194,10.9898967103],[75.9336106155,10.9895513885],[75.9339901603,10.9890768445],[75.9343884373,10.9887941039],[75.9347817713,10.9884548667],[75.935029292,10.9882673128],[75.93448229,10.98761395],[75.9349076434,10.9871743788],[75.93481323,10.98701451],[75.93444954,10.98670857],[75.93433058,10.98667706],[75.93408001,10.98638813],[75.93375244,10.98611062],[75.93308345,10.98590501],[75.9324766707,10.9858375113],[75.93228247,10.98594178],[75.93235979,10.98631383],[75.9322055133,10.9868962765],[75.9317786213,10.986701717],[75.9311545449,10.9865294292],[75.9306069767,10.9863232117],[75.9302307388,10.9862803054]]]},"properties":{"id":"ozhur-w7","ward_no":7,"ward_name":"Kakkidippara","ward_label":"Ward 7 – Kakkidippara","local_body":"Ozhur","local_body_id":"ozhur","lsgd_type":"Grama Panchayat","source":"Delimitation Commission, Kerala — 2024 ward delimitation (wardmap.ksmart.live)","source_date":"2024-10-20","delimitation":"2024","acquired":"2026-09-30"}},{"type":"Feature","geometry":{"type":"Polygon","coordinates":[[[75.9459348946,10.9853753953],[75.9455837512,10.9853411887],[75.9451015387,10.9850389406],[75.9447399893,10.9850035427],[75.9441896681,10.9853363694],[75.9438117792,10.9853697388],[75.9434299911,10.9852625211],[75.9431614093,10.9850627566],[75.9426244045,10.9849182126],[75.9425552854,10.9849781249],[75.9422627579,10.9855814044],[75.9421316096,10.9856696086],[75.9418070732,10.9856998846],[75.9413419711,10.9859429323],[75.9407998355,10.9860392968],[75.940125408,10.9865276069],[75.9393304998,10.9866869241],[75.9390363451,10.9868389831],[75.9384149771,10.9869446887],[75.9379219639,10.9869675884],[75.93791162,10.98713635],[75.9380254272,10.9875361413],[75.9379875582,10.9878771954],[75.93837363,10.98788145],[75.93883205,10.98780561],[75.93925966,10.98784715],[75.93930696,10.98797939],[75.9389894846,10.9887162708],[75.9390304845,10.9892558349],[75.9400250265,10.9890210418],[75.9406494997,10.9893364051],[75.9407520627,10.9895038533],[75.9407630299,10.9897546779],[75.9412247621,10.9902051811],[75.941551844,10.9907417309],[75.9416713166,10.9913450659],[75.9418828741,10.9915727409],[75.9422909451,10.9918747175],[75.942617129,10.9920194075],[75.9428578611,10.9922523773],[75.9434503095,10.9922912169],[75.9435012271,10.9922015135],[75.9440599858,10.9921071562],[75.9445373533,10.9921376914],[75.9457347361,10.9921365099],[75.9472929879,10.9919655451],[75.9475068497,10.9917249754],[75.9472674348,10.9914780803],[75.9472795288,10.9909961618],[75.9472093277,10.9908762295],[75.947287161,10.9899391887],[75.94695048,10.9891451308],[75.946814613,10.9887245438],[75.9466190536,10.9885181187],[75.9462203761,10.9884064701],[75.9459388144,10.988413519],[75.9459514486,10.9874274207],[75.945911032,10.9872337859],[75.9460009112,10.9867260203],[75.9459960319,10.9859684804],[75.9459242876,10.985674392],[75.9459348946,10.9853753953]]]},"properties":{"id":"ozhur-w8","ward_no":8,"ward_name":"Nalkavala","ward_label":"Ward 8 – Nalkavala","local_body":"Ozhur","local_body_id":"ozhur","lsgd_type":"Grama Panchayat","source":"Delimitation Commission, Kerala — 2024 ward delimitation (wardmap.ksmart.live)","source_date":"2024-10-20","delimitation":"2024","acquired":"2026-09-30"}},{"type":"Feature","geometry":{"type":"Polygon","coordinates":[[[75.9349076434,10.9871743788],[75.93448229,10.98761395],[75.935029292,10.9882673128],[75.9347817713,10.9884548667],[75.9356926327,10.9890212089],[75.935884996,10.9889326981],[75.9360415506,10.9890026992],[75.9365246329,10.9889402103],[75.9377899391,10.9891293535],[75.9380659484,10.9891400732],[75.9386296349,10.9892856031],[75.9390304845,10.9892558349],[75.9389894846,10.9887162708],[75.93930696,10.98797939],[75.93925966,10.98784715],[75.93883205,10.98780561],[75.93837363,10.98788145],[75.9379875582,10.9878771954],[75.9380254272,10.9875361413],[75.93791162,10.98713635],[75.9379219639,10.9869675884],[75.9384149771,10.9869446887],[75.9390363451,10.9868389831],[75.9393304998,10.9866869241],[75.940125408,10.9865276069],[75.9407998355,10.9860392968],[75.9413419711,10.9859429323],[75.9418070732,10.9856998846],[75.9421316096,10.9856696086],[75.9422627579,10.9855814044],[75.9425552854,10.9849781249],[75.9426244045,10.9849182126],[75.9431614093,10.9850627566],[75.9434299911,10.9852625211],[75.9438117792,10.9853697388],[75.9441896681,10.9853363694],[75.9447399893,10.9850035427],[75.9451015387,10.9850389406],[75.9455837512,10.9853411887],[75.9459348946,10.9853753953],[75.9460280651,10.9848806711],[75.9459090819,10.9844919502],[75.9461188589,10.9841491745],[75.9461612014,10.9838447936],[75.946163268,10.9831856419],[75.9464493582,10.9822360197],[75.9464037649,10.981821799],[75.9465089281,10.9816330129],[75.9465191899,10.9813793204],[75.9464206829,10.9795558596],[75.94652249540056,10.979152705828112],[75.94640013636368,10.9790912823391],[75.94659942391364,10.978530040367819],[75.94683130345415,10.978042339486233],[75.9471933663,10.978165296],[75.9475031655,10.9771668856],[75.9480077118,10.9759851398],[75.9475089468,10.9757441685],[75.94654169476573,10.975552136520038],[75.9463277175,10.9759060382],[75.9461537501,10.9765438058],[75.9458164095,10.9770403237],[75.945554373,10.9773434544],[75.944965179,10.9778578836],[75.9446662536,10.9783958947],[75.944415,10.97832],[75.9440083333,10.9783383333],[75.9438543528,10.9781472709],[75.9433037237,10.9777220501],[75.9427526982,10.9773734059],[75.9426148308,10.9776353077],[75.9422819706,10.9775949613],[75.9419121773,10.9776677414],[75.9419169016,10.9782592178],[75.9418558396,10.9784004743],[75.9423409762,10.9786015784],[75.9421212427,10.979295822],[75.9419462322,10.9801122824],[75.941972018,10.9804187893],[75.9419422138,10.9809609327],[75.9419522568,10.9815084943],[75.94220682,10.98294308],[75.94217302,10.98312979],[75.94134135,10.98318313],[75.94112363,10.98300618],[75.94081572,10.98298112],[75.94049219,10.98302575],[75.94003493,10.98282928],[75.93951621,10.98274863],[75.93897887,10.98273492],[75.937905,10.98292329],[75.93764627,10.9830135],[75.93739728,10.983011],[75.93699936,10.98320338],[75.93696097,10.98372727],[75.93706159,10.98420522],[75.93706912,10.98489609],[75.93699424,10.98517065],[75.93710026,10.98548614],[75.93708041,10.98600166],[75.93663341,10.98598705],[75.936173807,10.986090901],[75.9357924294,10.9864274886],[75.9356707842,10.9866165085],[75.9349818236,10.9871602265],[75.9349076434,10.9871743788]]]},"properties":{"id":"ozhur-w9","ward_no":9,"ward_name":"Karingappara","ward_label":"Ward 9 – Karingappara","local_body":"Ozhur","local_body_id":"ozhur","lsgd_type":"Grama Panchayat","source":"Delimitation Commission, Kerala — 2024 ward delimitation (wardmap.ksmart.live)","source_date":"2024-10-20","delimitation":"2024","acquired":"2026-09-30"}},{"type":"Feature","geometry":{"type":"Polygon","coordinates":[[[75.9338616015,10.9789568306],[75.93403063,10.97926338],[75.93447486,10.98037438],[75.93441606,10.98048807],[75.93400811,10.98070191],[75.93395596,10.98113397],[75.9328089805,10.9814392634],[75.93190942,10.98428062],[75.9318211,10.98467783],[75.93156254,10.98471425],[75.9314235777,10.9846387877],[75.93117051,10.98573724],[75.9306648,10.98595613],[75.93054367,10.98589287],[75.93034703,10.98599772],[75.9302307388,10.9862803054],[75.9306069767,10.9863232117],[75.9311545449,10.9865294292],[75.9317786213,10.986701717],[75.9322055133,10.9868962765],[75.93235979,10.98631383],[75.93228247,10.98594178],[75.9324766707,10.9858375113],[75.93308345,10.98590501],[75.93375244,10.98611062],[75.93408001,10.98638813],[75.93433058,10.98667706],[75.93444954,10.98670857],[75.93481323,10.98701451],[75.9349076434,10.9871743788],[75.9349818236,10.9871602265],[75.9356707842,10.9866165085],[75.9357924294,10.9864274886],[75.936173807,10.986090901],[75.93663341,10.98598705],[75.93708041,10.98600166],[75.93710026,10.98548614],[75.93699424,10.98517065],[75.93706912,10.98489609],[75.93706159,10.98420522],[75.93696097,10.98372727],[75.93699936,10.98320338],[75.93739728,10.983011],[75.93764627,10.9830135],[75.937905,10.98292329],[75.93897887,10.98273492],[75.93951621,10.98274863],[75.94003493,10.98282928],[75.94049219,10.98302575],[75.94081572,10.98298112],[75.94112363,10.98300618],[75.94134135,10.98318313],[75.94217302,10.98312979],[75.94220682,10.98294308],[75.9419522568,10.9815084943],[75.9419422138,10.9809609327],[75.941972018,10.9804187893],[75.9419462322,10.9801122824],[75.9421212427,10.979295822],[75.9423409762,10.9786015784],[75.9418558396,10.9784004743],[75.9419169016,10.9782592178],[75.9419121773,10.9776677414],[75.9418993921,10.9775249766],[75.9412227167,10.9776370629],[75.9406690047,10.977876262],[75.94045683,10.97803016],[75.9403067807,10.978508098],[75.9398194537,10.978401879],[75.9396197397,10.97853134],[75.9390896027,10.9785116927],[75.938834554,10.9791570497],[75.9380728926,10.9791076644],[75.937913984,10.979772984],[75.9374240666,10.9795114061],[75.9371223678,10.9794312643],[75.9366954011,10.9792352322],[75.9363508356,10.9791325511],[75.9360887924,10.9791769477],[75.9359255162,10.9790461325],[75.935590144,10.9789707978],[75.9348651258,10.9789337777],[75.9338616015,10.9789568306]]]},"properties":{"id":"ozhur-w10","ward_no":10,"ward_name":"Estatepadi","ward_label":"Ward 10 – Estatepadi","local_body":"Ozhur","local_body_id":"ozhur","lsgd_type":"Grama Panchayat","source":"Delimitation Commission, Kerala — 2024 ward delimitation (wardmap.ksmart.live)","source_date":"2024-10-20","delimitation":"2024","acquired":"2026-09-30"}},{"type":"Feature","geometry":{"type":"Polygon","coordinates":[[[75.9347701212,10.9729146034],[75.9349004068,10.9733348989],[75.93499013,10.97416204],[75.93442692,10.97463705],[75.93383768,10.97479838],[75.93374594,10.97488448],[75.93343221,10.97544966],[75.93321159,10.97576854],[75.93316892,10.97596783],[75.93326889,10.97659128],[75.93316457,10.97704169],[75.9331419,10.97752652],[75.93325425,10.97773266],[75.93367055,10.97822972],[75.9338616015,10.9789568306],[75.9348651258,10.9789337777],[75.935590144,10.9789707978],[75.9359255162,10.9790461325],[75.9360887924,10.9791769477],[75.9363508356,10.9791325511],[75.9366954011,10.9792352322],[75.9371223678,10.9794312643],[75.9374240666,10.9795114061],[75.937913984,10.979772984],[75.9380728926,10.9791076644],[75.938834554,10.9791570497],[75.9390896027,10.9785116927],[75.9396197397,10.97853134],[75.9398194537,10.978401879],[75.9403067807,10.978508098],[75.94045683,10.97803016],[75.9406690047,10.977876262],[75.9412227167,10.9776370629],[75.9418993921,10.9775249766],[75.9419121773,10.9776677414],[75.9422819706,10.9775949613],[75.9426148308,10.9776353077],[75.9427526982,10.9773734059],[75.9423445162,10.9768752759],[75.942039473,10.9764092731],[75.9417916364,10.9763211368],[75.9414982959,10.975547824],[75.9411855643,10.9748301976],[75.94098252832364,10.97455146224198],[75.9409179515,10.9743336544],[75.9406622985,10.97394155],[75.9406334828,10.9737713724],[75.9403323957371,10.972894167759645],[75.9402915623,10.9726890651],[75.9401749075,10.9723536768],[75.9398896052,10.9718657429],[75.9397050207,10.9713499282],[75.93952127,10.97065379],[75.93931223276861,10.970199066060106],[75.93925306,10.96994716],[75.93888985,10.96927955],[75.93881732,10.9688171],[75.9386064924,10.9685476554],[75.9383128019,10.968540915],[75.93803361513078,10.968447421052],[75.9373584751,10.967945341],[75.9366090144,10.9683416961],[75.9362868892,10.968546241],[75.9354303738,10.9688715736],[75.9348992682773,10.96899830089812],[75.93475236,10.96964235],[75.9347798931,10.9702179506],[75.9347038982,10.9706680154],[75.9344741886,10.9714398349],[75.9345315461,10.9720865228],[75.9347701212,10.9729146034]]]},"properties":{"id":"ozhur-w11","ward_no":11,"ward_name":"Perinchery","ward_label":"Ward 11 – Perinchery","local_body":"Ozhur","local_body_id":"ozhur","lsgd_type":"Grama Panchayat","source":"Delimitation Commission, Kerala — 2024 ward delimitation (wardmap.ksmart.live)","source_date":"2024-10-20","delimitation":"2024","acquired":"2026-09-30"}},{"type":"Feature","geometry":{"type":"Polygon","coordinates":[[[75.9231448558,10.9739015593],[75.9234919,10.97383599],[75.92379925,10.97401336],[75.92439686,10.97411076],[75.9244592,10.97425906],[75.92470282,10.97432886],[75.92509119,10.97428983],[75.92556225,10.97451329],[75.92579024,10.97478867],[75.9260623,10.9748776],[75.92636238,10.97488651],[75.92667523,10.97508022],[75.92786739,10.97550411],[75.9291486,10.97567757],[75.92933691,10.97577909],[75.9294616,10.97604481],[75.9294823,10.97626023],[75.9296995059,10.9763873693],[75.9300065,10.97627592],[75.92997988,10.97574512],[75.93007753,10.97478332],[75.93014614,10.97456442],[75.93022847,10.97381561],[75.93033255,10.97346262],[75.93045654,10.97329764],[75.93081502,10.97331211],[75.93144175,10.9734944],[75.9321723,10.97359822],[75.93323572,10.97335976],[75.93353931,10.97332531],[75.93367944,10.97294972],[75.93408716,10.9728984],[75.93442617,10.9729861],[75.9347701212,10.9729146034],[75.9345315461,10.9720865228],[75.9344741886,10.9714398349],[75.9347038982,10.9706680154],[75.9347798931,10.9702179506],[75.93475236,10.96964235],[75.9348992682773,10.96899830089812],[75.9341279192,10.9688794146],[75.9338058579,10.9687767908],[75.9334465795,10.9684591848],[75.933257171,10.9682327302],[75.93281791406793,10.968126034414627],[75.9325637332,10.9678996899],[75.9320816202,10.9679496215],[75.9320217182,10.9677394739],[75.9320374874,10.9670289924],[75.9318359881,10.9664409833],[75.9314212964,10.96586312],[75.9307909223,10.9658195651],[75.9305181765,10.9658447336],[75.9298634035,10.9657200773],[75.92970695995963,10.965651151446968],[75.92962720183,10.965147660460316],[75.9293083804,10.9651406523],[75.9290329197,10.9652102216],[75.9286774934,10.9653918127],[75.9284076909,10.9654493595],[75.9279394329,10.965433906],[75.92750297,10.96573126],[75.92745121,10.96600305],[75.92775389,10.96630533],[75.92754206,10.96756727],[75.92734654,10.96803553],[75.9269212,10.96804023],[75.92672023,10.96818658],[75.92666817,10.96878607],[75.92669628,10.96912551],[75.926598499,10.9692382335],[75.92609015,10.97005092],[75.92600361,10.97038026],[75.92606019,10.97066651],[75.92582726,10.97153678],[75.9256459,10.97178616],[75.92516851,10.9718087],[75.92491414,10.97198158],[75.92467966,10.97239179],[75.92402299,10.97312164],[75.92358256,10.97348381],[75.9231448558,10.9739015593]]]},"properties":{"id":"ozhur-w12","ward_no":12,"ward_name":"Melmuri","ward_label":"Ward 12 – Melmuri","local_body":"Ozhur","local_body_id":"ozhur","lsgd_type":"Grama Panchayat","source":"Delimitation Commission, Kerala — 2024 ward delimitation (wardmap.ksmart.live)","source_date":"2024-10-20","delimitation":"2024","acquired":"2026-09-30"}},{"type":"Feature","geometry":{"type":"Polygon","coordinates":[[[75.926598499,10.9692382335],[75.92669628,10.96912551],[75.92666817,10.96878607],[75.92672023,10.96818658],[75.9269212,10.96804023],[75.92734654,10.96803553],[75.92754206,10.96756727],[75.92775389,10.96630533],[75.92745121,10.96600305],[75.92750297,10.96573126],[75.9279394329,10.965433906],[75.9284076909,10.9654493595],[75.9286774934,10.9653918127],[75.9290329197,10.9652102216],[75.9293083804,10.9651406523],[75.92962720183,10.965147660460316],[75.9295913935,10.9648778879],[75.9296300377,10.9645906065],[75.9295604459,10.9644587382],[75.92957624236385,10.963914126355974],[75.9294353919,10.9638125414],[75.9290285543,10.9636689021],[75.9288919961,10.9633665799],[75.9288318531,10.9626420798],[75.9288941708,10.9620961163],[75.9289789554,10.9618106259],[75.92839999246604,10.961648870037374],[75.9280374683,10.961867709],[75.9270669324,10.9616155015],[75.9266677219,10.9613232114],[75.9267349813,10.9609831396],[75.9257728241,10.9607464134],[75.925242339,10.9605673582],[75.9248466524,10.9606627214],[75.9234319152,10.9607447086],[75.92308281783043,10.960598455186716],[75.92282042373176,10.960645994923004],[75.9227243766,10.9612138686],[75.9225309466,10.9616069398],[75.9224459285,10.9620258878],[75.9226060301,10.9620782548],[75.9228471264,10.9623511534],[75.92353738,10.96297109],[75.92393826,10.9631286],[75.92424849,10.96316043],[75.92426519,10.9632624],[75.92390572,10.96379115],[75.92348763,10.96406264],[75.92282382,10.96394715],[75.9223223,10.96405336],[75.92225488,10.96448705],[75.9223154,10.96500376],[75.92275412,10.96514094],[75.92278481,10.96523151],[75.92260236,10.9656574],[75.92266052,10.96595698],[75.92252359,10.9662126],[75.92232214,10.96704961],[75.92228801,10.96744701],[75.92220183,10.96754301],[75.921850228,10.9675667688],[75.92149711,10.9674921],[75.92137842,10.96764426],[75.92133162,10.96801489],[75.9214192,10.96808577],[75.92197918,10.968032],[75.92205465,10.96851359],[75.92196498,10.96913088],[75.92201084,10.96964033],[75.92238525,10.96977021],[75.9224461,10.97024071],[75.9229854133,10.9701503637],[75.9230852402,10.9704493177],[75.9232036871,10.970541863],[75.9238153108,10.9707300864],[75.9241006625,10.9706823794],[75.9241480339,10.9704867202],[75.924024323,10.9701858805],[75.923999295,10.9698766725],[75.9240584499,10.9696664774],[75.92403876,10.96911599],[75.92392818,10.96870203],[75.92411814,10.96863868],[75.92438026,10.9687583],[75.92453098,10.96874291],[75.92528312,10.96895032],[75.92546954,10.9693117],[75.92595871,10.96945411],[75.92610417,10.96954751],[75.926598499,10.9692382335]]]},"properties":{"id":"ozhur-w13","ward_no":13,"ward_name":"Vellachal","ward_label":"Ward 13 – Vellachal","local_body":"Ozhur","local_body_id":"ozhur","lsgd_type":"Grama Panchayat","source":"Delimitation Commission, Kerala — 2024 ward delimitation (wardmap.ksmart.live)","source_date":"2024-10-20","delimitation":"2024","acquired":"2026-09-30"}},{"type":"Feature","geometry":{"type":"Polygon","coordinates":[[[75.921850228,10.9675667688],[75.92220183,10.96754301],[75.92228801,10.96744701],[75.92232214,10.96704961],[75.92252359,10.9662126],[75.92266052,10.96595698],[75.92260236,10.9656574],[75.92278481,10.96523151],[75.92275412,10.96514094],[75.9223154,10.96500376],[75.92225488,10.96448705],[75.9223223,10.96405336],[75.92282382,10.96394715],[75.92348763,10.96406264],[75.92390572,10.96379115],[75.92426519,10.9632624],[75.92424849,10.96316043],[75.92393826,10.9631286],[75.92353738,10.96297109],[75.9228471264,10.9623511534],[75.9226060301,10.9620782548],[75.9224459285,10.9620258878],[75.9225309466,10.9616069398],[75.9227243766,10.9612138686],[75.92282042373176,10.960645994923004],[75.92159569790986,10.960830340429847],[75.9213573605,10.9611817624],[75.9209991792,10.9611463528],[75.9209414711,10.9612864995],[75.9204378743029,10.961176022031475],[75.92026663535553,10.961170673229896],[75.9196445007,10.96102719],[75.9189818487,10.9611443477],[75.9184449688,10.961184597],[75.91850138307478,10.96205431199002],[75.9180084239,10.9622662003],[75.91714747708109,10.962530354691506],[75.916863932,10.9620236921],[75.9167002532,10.9620724059],[75.9164209746,10.9617105888],[75.91630240534089,10.961798420809917],[75.91615041852552,10.961475878324093],[75.9161400432,10.9613153604],[75.91568820860103,10.960946744952086],[75.9154372332533,10.960953420128572],[75.9151990552,10.9611724678],[75.91450552069675,10.96142040085444],[75.91402764452187,10.961700721941638],[75.91415534,10.96226136],[75.91426342,10.96252925],[75.91462506,10.96247456],[75.91527389,10.96245245],[75.9155289,10.96286213],[75.91555001,10.96337511],[75.91535432,10.96427332],[75.91542518,10.96507464],[75.91531382,10.9650616],[75.91504577,10.96560602],[75.91474311,10.96585508],[75.91441275,10.96604498],[75.91400777,10.96606448],[75.9134478646,10.9664038459],[75.91331838,10.96643952],[75.91293732,10.96711713],[75.91274503,10.96755146],[75.91258248,10.96807643],[75.9126123,10.96876945],[75.9126051672,10.9695400814],[75.91335129,10.96929869],[75.91462855,10.96928507],[75.91505728,10.96926382],[75.91549101,10.96914007],[75.91571531,10.96917725],[75.916148,10.96897401],[75.91713952,10.96893352],[75.9171799745,10.9689651163],[75.91744285,10.96893637],[75.91802748,10.96902771],[75.9181431,10.96892609],[75.91843123,10.96847989],[75.91877624,10.96829127],[75.91923793,10.96817594],[75.91927614,10.96748814],[75.91934971,10.96700287],[75.91951681,10.96632176],[75.91964511,10.96624888],[75.92016021,10.96628848],[75.92051249,10.96636679],[75.92117798,10.9666219],[75.92136291,10.96709824],[75.92184548,10.96723554],[75.921850228,10.9675667688]]]},"properties":{"id":"ozhur-w14","ward_no":14,"ward_name":"Illathepadi","ward_label":"Ward 14 – Illathepadi","local_body":"Ozhur","local_body_id":"ozhur","lsgd_type":"Grama Panchayat","source":"Delimitation Commission, Kerala — 2024 ward delimitation (wardmap.ksmart.live)","source_date":"2024-10-20","delimitation":"2024","acquired":"2026-09-30"}},{"type":"Feature","geometry":{"type":"Polygon","coordinates":[[[75.9228370293,10.9741395752],[75.9231448558,10.9739015593],[75.92358256,10.97348381],[75.92402299,10.97312164],[75.92467966,10.97239179],[75.92491414,10.97198158],[75.92516851,10.9718087],[75.9256459,10.97178616],[75.92582726,10.97153678],[75.92606019,10.97066651],[75.92600361,10.97038026],[75.92609015,10.97005092],[75.926598499,10.9692382335],[75.92610417,10.96954751],[75.92595871,10.96945411],[75.92546954,10.9693117],[75.92528312,10.96895032],[75.92453098,10.96874291],[75.92438026,10.9687583],[75.92411814,10.96863868],[75.92392818,10.96870203],[75.92403876,10.96911599],[75.9240584499,10.9696664774],[75.923999295,10.9698766725],[75.924024323,10.9701858805],[75.9241480339,10.9704867202],[75.9241006625,10.9706823794],[75.9238153108,10.9707300864],[75.9232036871,10.970541863],[75.9230852402,10.9704493177],[75.9229854133,10.9701503637],[75.9224461,10.97024071],[75.92238525,10.96977021],[75.92201084,10.96964033],[75.92196498,10.96913088],[75.92205465,10.96851359],[75.92197918,10.968032],[75.9214192,10.96808577],[75.92133162,10.96801489],[75.92137842,10.96764426],[75.92149711,10.9674921],[75.921850228,10.9675667688],[75.92184548,10.96723554],[75.92136291,10.96709824],[75.92117798,10.9666219],[75.92051249,10.96636679],[75.92016021,10.96628848],[75.91964511,10.96624888],[75.91951681,10.96632176],[75.91934971,10.96700287],[75.91927614,10.96748814],[75.91923793,10.96817594],[75.91877624,10.96829127],[75.91843123,10.96847989],[75.9181431,10.96892609],[75.91802748,10.96902771],[75.91744285,10.96893637],[75.9171799745,10.9689651163],[75.91721402,10.96930587],[75.91732502,10.96976062],[75.91739841,10.97074282],[75.91733868,10.97094944],[75.9173231116,10.9715743034],[75.9177206796,10.971748034],[75.9182869841,10.9718056972],[75.9188821648,10.9717344744],[75.9190827342,10.971784292],[75.9191046949,10.972303383],[75.9194947403,10.9724420517],[75.9199234494,10.9724735681],[75.91994439,10.97272458],[75.92010727,10.97289056],[75.92050685,10.97347136],[75.92067643,10.97412516],[75.9214484,10.97411452],[75.92165161,10.97400362],[75.92214745,10.97404391],[75.92241047,10.97414425],[75.9228370293,10.9741395752]]]},"properties":{"id":"ozhur-w15","ward_no":15,"ward_name":"Ayyaya","ward_label":"Ward 15 – Ayyaya","local_body":"Ozhur","local_body_id":"ozhur","lsgd_type":"Grama Panchayat","source":"Delimitation Commission, Kerala — 2024 ward delimitation (wardmap.ksmart.live)","source_date":"2024-10-20","delimitation":"2024","acquired":"2026-09-30"}},{"type":"Feature","geometry":{"type":"Polygon","coordinates":[[[75.9094807089,10.9731284165],[75.9099122413,10.9733599965],[75.9104217006,10.973822275],[75.910644128,10.9741673429],[75.9110281026,10.9743998323],[75.9114635915,10.9744733262],[75.9121723107,10.9747190471],[75.9127956803,10.9751401201],[75.9135243754,10.9757162985],[75.9138201124,10.9760379505],[75.9144262803,10.9763437144],[75.9151204628,10.976533558],[75.9151709679,10.9778655095],[75.9152182721,10.9783976305],[75.915183307,10.9788885219],[75.915296783,10.9791383419],[75.9152823502,10.9799088473],[75.9158820025,10.9799841945],[75.9167728381,10.9799337785],[75.9185867478,10.9803381813],[75.9188413,10.97998502],[75.91935417,10.97957619],[75.91951354,10.97905291],[75.91957072,10.97869586],[75.9198232,10.97838483],[75.91998583,10.97802464],[75.92023033,10.97784112],[75.92049696,10.97733776],[75.92054811,10.97710363],[75.92052212,10.97674322],[75.92056206,10.97648322],[75.92093174,10.97569421],[75.92127554,10.97553178],[75.92145868,10.97531175],[75.9224152,10.97454885],[75.9228370293,10.9741395752],[75.92241047,10.97414425],[75.92214745,10.97404391],[75.92165161,10.97400362],[75.9214484,10.97411452],[75.92067643,10.97412516],[75.92050685,10.97347136],[75.92010727,10.97289056],[75.91994439,10.97272458],[75.9199234494,10.9724735681],[75.9194947403,10.9724420517],[75.9191046949,10.972303383],[75.9190827342,10.971784292],[75.9188821648,10.9717344744],[75.9182869841,10.9718056972],[75.9177206796,10.971748034],[75.9173231116,10.9715743034],[75.91733868,10.97094944],[75.91739841,10.97074282],[75.91732502,10.96976062],[75.91721402,10.96930587],[75.9171799745,10.9689651163],[75.91713952,10.96893352],[75.916148,10.96897401],[75.91571531,10.96917725],[75.91549101,10.96914007],[75.91505728,10.96926382],[75.91462855,10.96928507],[75.91335129,10.96929869],[75.9126051672,10.9695400814],[75.9125579446,10.9695913089],[75.90799966,10.97018375],[75.90741269,10.9707072],[75.90758348,10.97091585],[75.90817675,10.97070443],[75.90914497,10.97049388],[75.9094798536,10.9705529038],[75.9093939848,10.9710309218],[75.9093058307,10.9712349956],[75.9094114193,10.9719361572],[75.9093248113,10.9726373304],[75.9094807089,10.9731284165]]]},"properties":{"id":"ozhur-w16","ward_no":16,"ward_name":"Thalakkattur","ward_label":"Ward 16 – Thalakkattur","local_body":"Ozhur","local_body_id":"ozhur","lsgd_type":"Grama Panchayat","source":"Delimitation Commission, Kerala — 2024 ward delimitation (wardmap.ksmart.live)","source_date":"2024-10-21","delimitation":"2024","acquired":"2026-09-30"}},{"type":"Feature","geometry":{"type":"Polygon","coordinates":[[[75.9134478646,10.9664038459],[75.91400777,10.96606448],[75.91441275,10.96604498],[75.91474311,10.96585508],[75.91504577,10.96560602],[75.91531382,10.9650616],[75.91542518,10.96507464],[75.91535432,10.96427332],[75.91555001,10.96337511],[75.9155289,10.96286213],[75.91527389,10.96245245],[75.91462506,10.96247456],[75.91426342,10.96252925],[75.91415534,10.96226136],[75.91402764452187,10.961700721941638],[75.9138971233,10.9617967762],[75.9132026608,10.9619218729],[75.9131733502,10.961698807],[75.913045469,10.9615742439],[75.912880199,10.9609226594],[75.9122751884,10.9609701656],[75.9122117701,10.9612930381],[75.9122280704,10.9616615424],[75.9116946043,10.9617039316],[75.9111635412,10.9616100591],[75.9103443301,10.9616371789],[75.9093932915,10.9614691719],[75.9092022029,10.9613962447],[75.9093557656,10.9611286552],[75.9094212601,10.9607669096],[75.9093998886188,10.960515547390742],[75.9091121017,10.9604564941],[75.9090524372147,10.960358190628863],[75.9089375159,10.9604028658],[75.9084963347,10.9603600232],[75.9083473769,10.9605840244],[75.9074462923,10.9605406555],[75.9072349512,10.9610655884],[75.9069931632,10.9611113808],[75.9067142058,10.9610785612],[75.90649477127477,10.961210770931116],[75.9064257401,10.9615105391],[75.90614572921514,10.961496470719732],[75.9061478538,10.9618088951],[75.9059478742,10.9618247449],[75.905785563,10.9622527062],[75.9058016614,10.9626049605],[75.9062937535,10.9626338985],[75.9069089293,10.9625989501],[75.90671575,10.96418537],[75.9068182884,10.964256688],[75.90783732,10.96445726],[75.90899247,10.96457542],[75.9113069,10.96510197],[75.91230486,10.96593689],[75.91254648,10.96607278],[75.9134478646,10.9664038459]]]},"properties":{"id":"ozhur-w17","ward_no":17,"ward_name":"Ozhur","ward_label":"Ward 17 – Ozhur","local_body":"Ozhur","local_body_id":"ozhur","lsgd_type":"Grama Panchayat","source":"Delimitation Commission, Kerala — 2024 ward delimitation (wardmap.ksmart.live)","source_date":"2024-10-21","delimitation":"2024","acquired":"2026-09-30"}},{"type":"Feature","geometry":{"type":"Polygon","coordinates":[[[75.9056512936,10.9737155671],[75.9067365465,10.9739895791],[75.9069726372,10.9739964999],[75.9070640418,10.9733587014],[75.9075797864,10.9733607018],[75.9076515534,10.9733025165],[75.9077551128,10.9726566369],[75.9082552715,10.9727210168],[75.9087453757,10.9728388568],[75.9094807089,10.9731284165],[75.9093248113,10.9726373304],[75.9094114193,10.9719361572],[75.9093058307,10.9712349956],[75.9093939848,10.9710309218],[75.9094798536,10.9705529038],[75.90914497,10.97049388],[75.90817675,10.97070443],[75.90758348,10.97091585],[75.90741269,10.9707072],[75.90799966,10.97018375],[75.9125579446,10.9695913089],[75.9126051672,10.9695400814],[75.9126123,10.96876945],[75.91258248,10.96807643],[75.91274503,10.96755146],[75.91293732,10.96711713],[75.91331838,10.96643952],[75.9134478646,10.9664038459],[75.91254648,10.96607278],[75.91230486,10.96593689],[75.9113069,10.96510197],[75.90899247,10.96457542],[75.90783732,10.96445726],[75.9068182884,10.964256688],[75.9067716087,10.9642849786],[75.90667362,10.96507511],[75.90665214,10.9655173],[75.90656195,10.96640223],[75.90643799,10.96647718],[75.9057377,10.96638017],[75.9052018,10.96637826],[75.90476234,10.96627407],[75.90456446,10.96630409],[75.90440388,10.96646663],[75.90377301,10.96649452],[75.90328295,10.96654947],[75.90327389,10.96680289],[75.90291424,10.96680921],[75.90281669,10.96732965],[75.90162209,10.96731927],[75.90084027,10.9673572],[75.90067183,10.96752881],[75.9004997234,10.9675519229],[75.90039896,10.96817251],[75.90040298,10.9687612],[75.90025733,10.96957851],[75.90014775,10.97047029],[75.90003863,10.97108184],[75.89987005,10.9715183],[75.89979153,10.97229284],[75.899826249,10.9723850367],[75.9001746,10.97243039],[75.90062492,10.97259801],[75.9016217,10.9727191],[75.90296283,10.9727174],[75.90333704,10.97265829],[75.90410783,10.97272442],[75.90494446,10.9727051],[75.90582062,10.97280301],[75.9056512936,10.9737155671]]]},"properties":{"id":"ozhur-w18","ward_no":18,"ward_name":"Kathirkulangara","ward_label":"Ward 18 – Kathirkulangara","local_body":"Ozhur","local_body_id":"ozhur","lsgd_type":"Grama Panchayat","source":"Delimitation Commission, Kerala — 2024 ward delimitation (wardmap.ksmart.live)","source_date":"2024-10-21","delimitation":"2024","acquired":"2026-09-30"}},{"type":"Feature","geometry":{"type":"Polygon","coordinates":[[[75.9068182884,10.964256688],[75.90671575,10.96418537],[75.9069089293,10.9625989501],[75.9062937535,10.9626338985],[75.9058016614,10.9626049605],[75.9056103544,10.9627019988],[75.9049210583,10.962574096],[75.9041837182,10.9623071594],[75.9039664558,10.9622683404],[75.9039659383,10.9619897803],[75.9037328283,10.9618148099],[75.9035562355,10.9618123874],[75.9028317713,10.9621188471],[75.9024705989,10.9621319147],[75.9024384237,10.9622455604],[75.902118767,10.962293965],[75.9017057122,10.9622421448],[75.90162520113172,10.96172833533471],[75.9010245439,10.9616367452],[75.9009642782,10.961550092],[75.900637468,10.9614736728],[75.90070037052591,10.96076228616486],[75.9000202828,10.9607594625],[75.8995313803,10.9606728364],[75.8992335383,10.9607924931],[75.8987215133,10.9608494464],[75.8986942137,10.9606123292],[75.8980362037,10.9606240495],[75.8972728774,10.9604834939],[75.89686165957616,10.960502266264225],[75.8964679088,10.9611623536],[75.896379553,10.9617313421],[75.8962297795,10.9621444188],[75.896187353,10.9630975897],[75.8960160289,10.9638410775],[75.8959969761,10.9639364941],[75.896112227,10.9646284111],[75.8960135169,10.964825742],[75.8958324334,10.9649634576],[75.8954304398,10.9651142699],[75.8953151006,10.9652103054],[75.8954551555,10.965314714],[75.89586492,10.96538868],[75.89594387,10.96492961],[75.89609939,10.964857],[75.89656927,10.96492985],[75.89666019,10.96486483],[75.89666448,10.96377805],[75.89675953,10.96303088],[75.897364,10.9632684],[75.89758986,10.96327925],[75.89847622,10.96311801],[75.89997827,10.963145],[75.90012849,10.96319583],[75.90019955,10.96394252],[75.90018958,10.96425249],[75.90025057,10.9653949],[75.90040762,10.96631229],[75.90040822,10.96749336],[75.9004997234,10.9675519229],[75.90067183,10.96752881],[75.90084027,10.9673572],[75.90162209,10.96731927],[75.90281669,10.96732965],[75.90291424,10.96680921],[75.90327389,10.96680289],[75.90328295,10.96654947],[75.90377301,10.96649452],[75.90440388,10.96646663],[75.90456446,10.96630409],[75.90476234,10.96627407],[75.9052018,10.96637826],[75.9057377,10.96638017],[75.90643799,10.96647718],[75.90656195,10.96640223],[75.90665214,10.9655173],[75.90667362,10.96507511],[75.9067716087,10.9642849786],[75.9068182884,10.964256688]]]},"properties":{"id":"ozhur-w19","ward_no":19,"ward_name":"Vettukulam","ward_label":"Ward 19 – Vettukulam","local_body":"Ozhur","local_body_id":"ozhur","lsgd_type":"Grama Panchayat","source":"Delimitation Commission, Kerala — 2024 ward delimitation (wardmap.ksmart.live)","source_date":"2024-10-21","delimitation":"2024","acquired":"2026-09-30"}},{"type":"Feature","geometry":{"type":"Polygon","coordinates":[[[75.899826249,10.9723850367],[75.89979153,10.97229284],[75.89987005,10.9715183],[75.90003863,10.97108184],[75.90014775,10.97047029],[75.90025733,10.96957851],[75.90040298,10.9687612],[75.90039896,10.96817251],[75.9004997234,10.9675519229],[75.90040822,10.96749336],[75.90040762,10.96631229],[75.90025057,10.9653949],[75.90018958,10.96425249],[75.90019955,10.96394252],[75.90012849,10.96319583],[75.89997827,10.963145],[75.89847622,10.96311801],[75.89758986,10.96327925],[75.897364,10.9632684],[75.89675953,10.96303088],[75.89666448,10.96377805],[75.89666019,10.96486483],[75.89656927,10.96492985],[75.89609939,10.964857],[75.89594387,10.96492961],[75.89586492,10.96538868],[75.8954551555,10.965314714],[75.8953151006,10.9652103054],[75.8952148535,10.9654702602],[75.895016404,10.9657228548],[75.89505612334217,10.966323226216064],[75.8947845335,10.9670237113],[75.8946050525,10.9674004607],[75.8944720928,10.9681523411],[75.89437362684615,10.968383917717041],[75.894021523,10.9687126763],[75.89400565713109,10.96909896502294],[75.89377771786461,10.9695280856039],[75.89350002378191,10.969684341900297],[75.8930438753,10.9695848246],[75.8927658721,10.9701150431],[75.89304403286665,10.970298368521798],[75.8932754448,10.9705104523],[75.8934572631,10.9711088729],[75.8934441425,10.9716740991],[75.893949251,10.9718442997],[75.89427397,10.9720360518],[75.8947857024,10.9722222615],[75.8953227539,10.9723159678],[75.8960356343,10.9723406151],[75.8966933459,10.9723096541],[75.8973852233,10.972326322],[75.8985385926,10.9722301871],[75.8990829091,10.9722701214],[75.899826249,10.9723850367]]]},"properties":{"id":"ozhur-w20","ward_no":20,"ward_name":"Onakkad","ward_label":"Ward 20 – Onakkad","local_body":"Ozhur","local_body_id":"ozhur","lsgd_type":"Grama Panchayat","source":"Delimitation Commission, Kerala — 2024 ward delimitation (wardmap.ksmart.live)","source_date":"2024-10-21","delimitation":"2024","acquired":"2026-09-30"}},{"type":"Feature","geometry":{"type":"Polygon","coordinates":[[[75.891336337,10.9776205932],[75.89305,10.9782483333],[75.8939933333,10.9783916667],[75.8940416667,10.978645],[75.894725,10.97882],[75.8968283333,10.9787466667],[75.8970283333,10.97855],[75.89711,10.977925],[75.897905,10.9779866667],[75.8979783333,10.977825],[75.8981,10.97712],[75.8981483333,10.97701],[75.89864,10.9770133333],[75.8990716667,10.977155],[75.899135,10.97693],[75.8990248138,10.9766437413],[75.90017,10.9760783333],[75.90096,10.976275],[75.9010583333,10.976495],[75.9012683333,10.976555],[75.90135,10.9769533333],[75.90152,10.97712],[75.9016133333,10.9773883333],[75.9015383333,10.9778816667],[75.901655,10.9779716667],[75.9020916667,10.9780466667],[75.9030466667,10.9781183333],[75.9032916667,10.978055],[75.9035966667,10.978085],[75.9036783333,10.977925],[75.9036516667,10.97764],[75.9037816667,10.977455],[75.9041304247,10.9773564695],[75.9043440753,10.9771687256],[75.9051238654,10.9768395253],[75.9054501096,10.9766536241],[75.9054806439,10.9763558044],[75.9052428724,10.9758230583],[75.9052432182,10.9749374863],[75.9054684524,10.9738915],[75.9056512936,10.9737155671],[75.90582062,10.97280301],[75.90494446,10.9727051],[75.90410783,10.97272442],[75.90333704,10.97265829],[75.90296283,10.9727174],[75.9016217,10.9727191],[75.90062492,10.97259801],[75.9001746,10.97243039],[75.899826249,10.9723850367],[75.8990829091,10.9722701214],[75.8985385926,10.9722301871],[75.8973852233,10.972326322],[75.8966933459,10.9723096541],[75.8960356343,10.9723406151],[75.8953227539,10.9723159678],[75.8947857024,10.9722222615],[75.89427397,10.9720360518],[75.893949251,10.9718442997],[75.8934441425,10.9716740991],[75.8932246996,10.9721071341],[75.8932014897,10.9724349985],[75.8932918776,10.9726116553],[75.8932479873,10.9728956816],[75.8929486335,10.9736509671],[75.8929141199,10.9738347899],[75.8926889555,10.974335725],[75.8927307278,10.974728322],[75.89263767198871,10.97494583171517],[75.8921098335,10.9755159573],[75.8920159199,10.9756625176],[75.8917316674,10.9763394234],[75.8915533042,10.9770781898],[75.891336337,10.9776205932]]]},"properties":{"id":"ozhur-w21","ward_no":21,"ward_name":"Kuruvattissery","ward_label":"Ward 21 – Kuruvattissery","local_body":"Ozhur","local_body_id":"ozhur","lsgd_type":"Grama Panchayat","source":"Delimitation Commission, Kerala — 2024 ward delimitation (wardmap.ksmart.live)","source_date":"2024-10-21","delimitation":"2024","acquired":"2026-09-30"}},{"type":"Feature","geometry":{"type":"Polygon","coordinates":[[[75.9427526982,10.9773734059],[75.9433037237,10.9777220501],[75.9438543528,10.9781472709],[75.9440083333,10.9783383333],[75.944415,10.97832],[75.9446662536,10.9783958947],[75.944965179,10.9778578836],[75.945554373,10.9773434544],[75.9458164095,10.9770403237],[75.9461537501,10.9765438058],[75.9463277175,10.9759060382],[75.94654169476573,10.975552136520038],[75.9466233333,10.9753033333],[75.9466383333,10.9750016667],[75.9465533333,10.9741533333],[75.9465866667,10.9737066667],[75.946775,10.9728033333],[75.9468316667,10.9718633333],[75.946825,10.9714866667],[75.9467416667,10.9709216667],[75.9466793827,10.9696717279],[75.9466905956,10.9689027371],[75.9462558081,10.9686429325],[75.946071184,10.9681594497],[75.9455815389,10.9683161461],[75.945295,10.9689633333],[75.9451633333,10.9695333333],[75.944795,10.9695483333],[75.9443883333,10.96939],[75.9441804737,10.9698162893],[75.9441283333,10.9700566667],[75.9439283333,10.9701433333],[75.9434683333,10.970135],[75.9433354258,10.970076953],[75.9429583333,10.9701866667],[75.9426566667,10.970335],[75.9429183333,10.9710416667],[75.942735,10.971485],[75.9426190536,10.9718893537],[75.942725,10.9721233333],[75.9427213141,10.9723337284],[75.9419927814,10.972410484],[75.9409711241,10.9725978194],[75.9402915623,10.9726890651],[75.9403323957371,10.972894167759645],[75.9406334828,10.9737713724],[75.9406622985,10.97394155],[75.9409179515,10.9743336544],[75.94098252832364,10.97455146224198],[75.9411855643,10.9748301976],[75.9414982959,10.975547824],[75.9417916364,10.9763211368],[75.942039473,10.9764092731],[75.9423445162,10.9768752759],[75.9427526982,10.9773734059]]]},"properties":{"id":"ponmundam-w1","ward_no":1,"ward_name":"Kavappura","ward_label":"Ward 1 – Kavappura","local_body":"Ponmundam","local_body_id":"ponmundam","lsgd_type":"Grama Panchayat","source":"Delimitation Commission, Kerala — 2024 ward delimitation (wardmap.ksmart.live)","source_date":"2024-10-17","delimitation":"2024","acquired":"2026-09-30"}},{"type":"Feature","geometry":{"type":"Polygon","coordinates":[[[75.94654169476573,10.975552136520038],[75.9475089468,10.9757441685],[75.9480077118,10.9759851398],[75.9475031655,10.9771668856],[75.9471933663,10.978165296],[75.94683130345415,10.978042339486233],[75.94659942391364,10.978530040367819],[75.94640013636368,10.9790912823391],[75.94652249540056,10.979152705828112],[75.9469139817,10.9793097767],[75.9474898346,10.9797208987],[75.9482610995,10.979639442],[75.9482828976,10.9793173469],[75.9484411704,10.9792806126],[75.9483669562,10.9787395514],[75.9487824704,10.9777741139],[75.9489802859,10.9775971789],[75.9492010338,10.9771184931],[75.9499294561,10.9767228315],[75.9501911154,10.9765234636],[75.9504251008,10.9760387912],[75.9508147979,10.9757901827],[75.9509543683,10.9755814937],[75.9511304652,10.9756322097],[75.9518197761,10.9755796215],[75.9518993383,10.9751282621],[75.9521745742,10.9745472819],[75.9523368149,10.974337122],[75.9524619268,10.9740193903],[75.9525074225,10.973631344],[75.9527844235,10.9726280406],[75.9529154572,10.9724480697],[75.9529568475,10.9720524556],[75.9527866538,10.9710880581],[75.9527963897,10.9707024579],[75.9523866667,10.970765],[75.9520383333,10.970765],[75.9519416667,10.9709766667],[75.9517633333,10.9710166667],[75.9510483333,10.9709483333],[75.9509716667,10.9707566667],[75.9506183333,10.9706094291],[75.9505966667,10.9702883333],[75.9505,10.970225],[75.949905,10.97014],[75.94966,10.97041],[75.9491533333,10.9703],[75.94816,10.9701366667],[75.948035,10.97015],[75.9474183333,10.9698183333],[75.9468816667,10.96967],[75.9466793827,10.9696717279],[75.9467416667,10.9709216667],[75.946825,10.9714866667],[75.9468316667,10.9718633333],[75.946775,10.9728033333],[75.9465866667,10.9737066667],[75.9465533333,10.9741533333],[75.9466383333,10.9750016667],[75.9466233333,10.9753033333],[75.94654169476573,10.975552136520038]]]},"properties":{"id":"ponmundam-w2","ward_no":2,"ward_name":"Karyathara","ward_label":"Ward 2 – Karyathara","local_body":"Ponmundam","local_body_id":"ponmundam","lsgd_type":"Grama Panchayat","source":"Delimitation Commission, Kerala — 2024 ward delimitation (wardmap.ksmart.live)","source_date":"2024-10-17","delimitation":"2024","acquired":"2026-09-30"}},{"type":"Feature","geometry":{"type":"Polygon","coordinates":[[[75.9527963897,10.9707024579],[75.9527866538,10.9710880581],[75.9529568475,10.9720524556],[75.9529154572,10.9724480697],[75.9527844235,10.9726280406],[75.9525074225,10.973631344],[75.9524619268,10.9740193903],[75.9523368149,10.974337122],[75.9521745742,10.9745472819],[75.9518993383,10.9751282621],[75.9518197761,10.9755796215],[75.9511304652,10.9756322097],[75.9512728156,10.9762066423],[75.951163616,10.9765499596],[75.9510050211,10.9767967075],[75.9511284052,10.9770307643],[75.9514558275,10.977471255],[75.9522737893,10.9773744552],[75.9521866992,10.9779191245],[75.9526199783,10.9780295489],[75.9527786707,10.9782367958],[75.9535061709,10.9784412611],[75.9536036393,10.9794653909],[75.9542768328,10.979660625],[75.9554505282,10.9793338018],[75.9570051921,10.979010086],[75.957149179,10.9786574353],[75.9576193541,10.9781457624],[75.9580083203,10.9783548507],[75.9583532038,10.9784398898],[75.9583917376,10.9774554497],[75.9585651094,10.9770259428],[75.9585784964,10.9764174594],[75.9584137124,10.9758005908],[75.9583836737,10.9755329197],[75.9584511862,10.9748805979],[75.9584580759,10.9742226132],[75.958680382,10.9732186231],[75.9585233333,10.9724283333],[75.9585683989,10.9721387703],[75.9573683333,10.9719466667],[75.9562516451,10.9719442583],[75.9561758413,10.9720246178],[75.9557283333,10.9719183333],[75.9549866667,10.9718466667],[75.9550716667,10.9714366667],[75.95497,10.9713216667],[75.95443,10.9711333333],[75.9543783333,10.9709983333],[75.9544683333,10.9705383333],[75.9544116667,10.9703],[75.95417,10.9699333333],[75.95394,10.9697033333],[75.953465,10.9698066667],[75.9530866667,10.9698083333],[75.9528676694,10.9699049533],[75.9528558645,10.9704704027],[75.9527963897,10.9707024579]]]},"properties":{"id":"ponmundam-w3","ward_no":3,"ward_name":"Athrisseri","ward_label":"Ward 3 – Athrisseri","local_body":"Ponmundam","local_body_id":"ponmundam","lsgd_type":"Grama Panchayat","source":"Delimitation Commission, Kerala — 2024 ward delimitation (wardmap.ksmart.live)","source_date":"2024-10-17","delimitation":"2024","acquired":"2026-09-30"}},{"type":"Feature","geometry":{"type":"Polygon","coordinates":[[[75.9528676694,10.9699049533],[75.9530866667,10.9698083333],[75.953465,10.9698066667],[75.95394,10.9697033333],[75.95417,10.9699333333],[75.9544116667,10.9703],[75.9544683333,10.9705383333],[75.9543783333,10.9709983333],[75.95443,10.9711333333],[75.95497,10.9713216667],[75.9550716667,10.9714366667],[75.9549866667,10.9718466667],[75.9557283333,10.9719183333],[75.9561758413,10.9720246178],[75.9562516451,10.9719442583],[75.9573683333,10.9719466667],[75.9585683989,10.9721387703],[75.958832162,10.9716116424],[75.9590586682,10.9712545162],[75.9590114407,10.9704266377],[75.9590735839,10.9697008141],[75.9593780993,10.969529056],[75.9595345884,10.9689116148],[75.9597607116,10.9684228016],[75.9600078646,10.9679888993],[75.9602021184,10.9675104576],[75.9602047784,10.9673586727],[75.9599714232,10.9668806267],[75.9601131021,10.9667147109],[75.9597616667,10.9661383333],[75.9589916667,10.9653133333],[75.9583266667,10.96434],[75.9577716667,10.96321],[75.9575285904,10.9624484991],[75.9572947423,10.9623918189],[75.9568966667,10.9622016667],[75.95649,10.9621016667],[75.9561733333,10.9618583333],[75.9556308886,10.9615491208],[75.9554147449,10.9620021741],[75.9552591334,10.9621912835],[75.9551918458,10.9624456888],[75.9552504446,10.962733336],[75.9551960314,10.9629305797],[75.9552798591,10.9632307275],[75.9551507337,10.9635910176],[75.9552590319,10.9637396892],[75.9552602009,10.9639532862],[75.9549949764,10.9644499643],[75.9549622414,10.9650448085],[75.9554501269,10.965226828],[75.9553947421,10.9653397529],[75.9552432697,10.9662105549],[75.9552088182,10.9669733602],[75.9551001601,10.9673118015],[75.9547581676,10.9677944819],[75.9545831516,10.9678846711],[75.9543543542,10.968171936],[75.9540552459,10.9682724399],[75.9537341149,10.9686505874],[75.9535048338,10.9690462157],[75.9531332635,10.9692415342],[75.9531526908,10.9695629272],[75.9528786865,10.9696376473],[75.9528676694,10.9699049533]]]},"properties":{"id":"ponmundam-w4","ward_no":4,"ward_name":"Kuttippala","ward_label":"Ward 4 – Kuttippala","local_body":"Ponmundam","local_body_id":"ponmundam","lsgd_type":"Grama Panchayat","source":"Delimitation Commission, Kerala — 2024 ward delimitation (wardmap.ksmart.live)","source_date":"2024-10-19","delimitation":"2024","acquired":"2026-09-30"}},{"type":"Feature","geometry":{"type":"Polygon","coordinates":[[[75.9575285904,10.9624484991],[75.9577716667,10.96321],[75.9583266667,10.96434],[75.9589916667,10.9653133333],[75.9597616667,10.9661383333],[75.9601131021,10.9667147109],[75.9604445634,10.9667866866],[75.9604703417,10.9662919915],[75.9602694068,10.9662413918],[75.9602568114,10.9660788389],[75.9603530063,10.9656269234],[75.9603099643,10.9653910535],[75.9602900951,10.9645259287],[75.9606533333,10.96456],[75.96066,10.9644033333],[75.9611639004,10.9642510797],[75.9614017446,10.9640689376],[75.9620007854,10.9639272647],[75.9625883976,10.9638638609],[75.9626923276,10.9638022434],[75.9629554736,10.9632919124],[75.9630407969,10.9628341713],[75.9633054571,10.9624129919],[75.9633800254,10.9619946318],[75.9634836274,10.9618539116],[75.9634409196,10.9612660018],[75.9635149267,10.9605785378],[75.9635020605,10.9601386801],[75.9635448748,10.9596468648],[75.9633133333,10.95889],[75.96316,10.9586166667],[75.9628683333,10.958235],[75.9627715372,10.9579691626],[75.9627066667,10.9577366667],[75.961335,10.9576166667],[75.96089,10.957525],[75.9606233333,10.9575166667],[75.9603476761,10.9574044821],[75.9600586265,10.9574568795],[75.9599033333,10.9580916667],[75.9599283333,10.9585933333],[75.95983,10.9593133333],[75.9596085146,10.9593560568],[75.959155,10.959315],[75.95871,10.9590166667],[75.9581213032,10.9589924927],[75.957945,10.9596016667],[75.95769,10.9601966667],[75.9575333333,10.9607233333],[75.9574516667,10.9614183333],[75.957485,10.9622116667],[75.9575285904,10.9624484991]]]},"properties":{"id":"ponmundam-w5","ward_no":5,"ward_name":"Mannaramkunnu","ward_label":"Ward 5 – Mannaramkunnu","local_body":"Ponmundam","local_body_id":"ponmundam","lsgd_type":"Grama Panchayat","source":"Delimitation Commission, Kerala — 2024 ward delimitation (wardmap.ksmart.live)","source_date":"2024-10-15","delimitation":"2024","acquired":"2026-09-30"}},{"type":"Feature","geometry":{"type":"Polygon","coordinates":[[[75.9552591334,10.9621912835],[75.9554147449,10.9620021741],[75.9556308886,10.9615491208],[75.9561733333,10.9618583333],[75.95649,10.9621016667],[75.9568966667,10.9622016667],[75.9572947423,10.9623918189],[75.9575285904,10.9624484991],[75.957485,10.9622116667],[75.9574516667,10.9614183333],[75.9575333333,10.9607233333],[75.95769,10.9601966667],[75.957945,10.9596016667],[75.9581213032,10.9589924927],[75.95871,10.9590166667],[75.959155,10.959315],[75.9596085146,10.9593560568],[75.95983,10.9593133333],[75.9599283333,10.9585933333],[75.9599033333,10.9580916667],[75.9600586265,10.9574568795],[75.9603476761,10.9574044821],[75.9606233333,10.9575166667],[75.96089,10.957525],[75.961335,10.9576166667],[75.9627066667,10.9577366667],[75.9627715372,10.9579691626],[75.9629031805,10.9575126225],[75.9629369787,10.9571759422],[75.9630965139,10.9564258908],[75.9631536417,10.9559003341],[75.9630909156,10.9557156632],[75.9627783333,10.95562],[75.962615,10.9554816667],[75.962305,10.9554283333],[75.9613266667,10.9555716667],[75.961125,10.9556766667],[75.9605066667,10.9557533333],[75.9601816667,10.955915],[75.9600783333,10.9557316667],[75.9601233333,10.95496],[75.959945,10.95434],[75.9593883333,10.9543533333],[75.9588383333,10.9544416667],[75.958485,10.954435],[75.9578466667,10.9542066667],[75.9571466667,10.95417],[75.95687,10.95428],[75.9563616667,10.954645],[75.9564733333,10.9548983333],[75.9569533333,10.9553583333],[75.9570866667,10.955635],[75.9571533459,10.9559948217],[75.9568216667,10.9563133333],[75.9568016667,10.9566733333],[75.9566468219,10.9571021639],[75.9564994204,10.9571331715],[75.9560457105,10.9569705514],[75.9557566667,10.9568033333],[75.954988101,10.9561270035],[75.9548266489,10.9559466667],[75.9546833333,10.956075],[75.9546066667,10.95636],[75.9545166667,10.9569816667],[75.9545366667,10.9578733333],[75.954625,10.95846],[75.9543183333,10.9586116667],[75.9541366667,10.95861],[75.9535733333,10.958735],[75.95351,10.9588366667],[75.9535383333,10.959675],[75.9534533333,10.960445],[75.953355,10.960695],[75.95306,10.960755],[75.953015,10.9608783333],[75.9530803661,10.9617621792],[75.9536152513,10.9618435952],[75.954385,10.96189],[75.955025,10.9621516667],[75.9552591334,10.9621912835]]]},"properties":{"id":"ponmundam-w6","ward_no":6,"ward_name":"Ponmundam","ward_label":"Ward 6 – Ponmundam","local_body":"Ponmundam","local_body_id":"ponmundam","lsgd_type":"Grama Panchayat","source":"Delimitation Commission, Kerala — 2024 ward delimitation (wardmap.ksmart.live)","source_date":"2024-10-15","delimitation":"2024","acquired":"2026-09-30"}},{"type":"Feature","geometry":{"type":"Polygon","coordinates":[[[75.9558170264,10.9478480235],[75.95535977587623,10.947986104540218],[75.9547970665,10.9480000158],[75.95440976920653,10.948069241999193],[75.9543751007,10.9480922411],[75.9545904536,10.9483260863],[75.9545866667,10.9488283333],[75.9544164083,10.9496255476],[75.9545831104,10.9502811823],[75.9546423932,10.9509687882],[75.9547916131,10.9511532671],[75.9550299734,10.9518249278],[75.955715,10.9529266667],[75.955775,10.9531916667],[75.9561033214,10.9541116326],[75.9563616667,10.954645],[75.95687,10.95428],[75.9571466667,10.95417],[75.9578466667,10.9542066667],[75.958485,10.954435],[75.9588383333,10.9544416667],[75.9593883333,10.9543533333],[75.959945,10.95434],[75.9601233333,10.95496],[75.9600783333,10.9557316667],[75.9601816667,10.955915],[75.9605066667,10.9557533333],[75.961125,10.9556766667],[75.9613266667,10.9555716667],[75.962305,10.9554283333],[75.962615,10.9554816667],[75.9627783333,10.95562],[75.9630909156,10.9557156632],[75.9630308785,10.955312464],[75.963045,10.95461],[75.9629666667,10.9541033333],[75.9625667158,10.9529489539],[75.962429077,10.9523077803],[75.9622174716,10.952289064],[75.9621221538,10.9518922777],[75.9619779969,10.9510438032],[75.961904461,10.9503436618],[75.9621834476,10.9503069491],[75.962045,10.9496566667],[75.9619966667,10.9489616667],[75.9622133333,10.9484683333],[75.9621216667,10.9481616667],[75.9616583333,10.948065],[75.961463114,10.9482004918],[75.96138343380039,10.947956939486604],[75.96120693216533,10.947816210955386],[75.9607246061,10.9477105266],[75.9606261476,10.9476423779],[75.96038436963327,10.947833261245151],[75.9602025966,10.9478513769],[75.9600174672,10.9476689624],[75.9596716179,10.9476095684],[75.9596185322,10.9478024206],[75.9591884586,10.9477572127],[75.95899008,10.9476544192],[75.9587308223479,10.947640132001817],[75.9583173208,10.9473581182],[75.9578903621,10.9472334659],[75.9575421777,10.9474020891],[75.95758751274187,10.947717406455096],[75.9567045416,10.9480099333],[75.95655395475033,10.948263685876407],[75.9561796084,10.9483371299],[75.9559940182,10.9482681093],[75.9558170264,10.9478480235]]]},"properties":{"id":"ponmundam-w7","ward_no":7,"ward_name":"Parammal","ward_label":"Ward 7 – Parammal","local_body":"Ponmundam","local_body_id":"ponmundam","lsgd_type":"Grama Panchayat","source":"Delimitation Commission, Kerala — 2024 ward delimitation (wardmap.ksmart.live)","source_date":"2024-10-15","delimitation":"2024","acquired":"2026-09-30"}},{"type":"Feature","geometry":{"type":"Polygon","coordinates":[[[75.9543751007,10.9480922411],[75.9540659856,10.9482923244],[75.95340560352629,10.948630276722447],[75.953305,10.948975],[75.9529657849,10.9489632623],[75.95274654628027,10.948890922563741],[75.9519651394,10.9489116132],[75.9516143643,10.9489905079],[75.9504063277,10.9493305814],[75.94922012,10.949458322],[75.94876061111948,10.949596007680144],[75.9483683333,10.9497466667],[75.9480373925,10.9499781961],[75.9477220389,10.950517855],[75.9475255494,10.950723803],[75.9470766667,10.9517183333],[75.94697,10.95186],[75.9468992514,10.9522234293],[75.9469196155,10.9526282337],[75.9467522919,10.9530175966],[75.9465197083,10.9533288652],[75.9465579026,10.953474259],[75.947725874,10.9532977665],[75.9484925943,10.9532430578],[75.9493231727,10.953238483],[75.9511871138,10.9533415584],[75.9515257455,10.9533878398],[75.9521423281,10.9535774201],[75.952836544,10.9541590499],[75.953306323,10.954675],[75.9538116994,10.9551339456],[75.9548266489,10.9559466667],[75.954988101,10.9561270035],[75.9557566667,10.9568033333],[75.9560457105,10.9569705514],[75.9564994204,10.9571331715],[75.9566468219,10.9571021639],[75.9568016667,10.9566733333],[75.9568216667,10.9563133333],[75.9571533459,10.9559948217],[75.9570866667,10.955635],[75.9569533333,10.9553583333],[75.9564733333,10.9548983333],[75.9563616667,10.954645],[75.9561033214,10.9541116326],[75.955775,10.9531916667],[75.955715,10.9529266667],[75.9550299734,10.9518249278],[75.9547916131,10.9511532671],[75.9546423932,10.9509687882],[75.9545831104,10.9502811823],[75.9544164083,10.9496255476],[75.9545866667,10.9488283333],[75.9545904536,10.9483260863],[75.9543751007,10.9480922411]]]},"properties":{"id":"ponmundam-w8","ward_no":8,"ward_name":"Kanhikulangara","ward_label":"Ward 8 – Kanhikulangara","local_body":"Ponmundam","local_body_id":"ponmundam","lsgd_type":"Grama Panchayat","source":"Delimitation Commission, Kerala — 2024 ward delimitation (wardmap.ksmart.live)","source_date":"2024-10-15","delimitation":"2024","acquired":"2026-09-30"}},{"type":"Feature","geometry":{"type":"Polygon","coordinates":[[[75.9545831516,10.9678846711],[75.9547581676,10.9677944819],[75.9551001601,10.9673118015],[75.9552088182,10.9669733602],[75.9552432697,10.9662105549],[75.9553947421,10.9653397529],[75.9554501269,10.965226828],[75.9549622414,10.9650448085],[75.9549949764,10.9644499643],[75.9552602009,10.9639532862],[75.9552590319,10.9637396892],[75.9551507337,10.9635910176],[75.9552798591,10.9632307275],[75.9551960314,10.9629305797],[75.9552504446,10.962733336],[75.9551918458,10.9624456888],[75.9552591334,10.9621912835],[75.955025,10.9621516667],[75.954385,10.96189],[75.9536152513,10.9618435952],[75.9530803661,10.9617621792],[75.953015,10.9608783333],[75.95306,10.960755],[75.953355,10.960695],[75.9534533333,10.960445],[75.9535383333,10.959675],[75.95351,10.9588366667],[75.9535733333,10.958735],[75.9541366667,10.95861],[75.9543183333,10.9586116667],[75.954625,10.95846],[75.9545366667,10.9578733333],[75.9545166667,10.9569816667],[75.9546066667,10.95636],[75.9546833333,10.956075],[75.9548266489,10.9559466667],[75.9538116994,10.9551339456],[75.953306323,10.954675],[75.9525966667,10.95472],[75.9523916667,10.9548116667],[75.95228,10.95508],[75.9519416667,10.955175],[75.951895,10.9556233333],[75.9520566667,10.9561983333],[75.9516483333,10.9559533333],[75.9514016667,10.9559383333],[75.9510633333,10.9560633333],[75.9508533333,10.9560033333],[75.9504066667,10.9562316667],[75.9500116667,10.9561183333],[75.9497583333,10.95598],[75.9496866667,10.9558433333],[75.9493516667,10.9558166667],[75.949315,10.9559933333],[75.9489066667,10.9561366667],[75.9483229898,10.9560732753],[75.9483333333,10.9565016667],[75.9484383333,10.9567366667],[75.948445,10.9572416667],[75.948785,10.9579833333],[75.9488033333,10.95824],[75.9489883333,10.9585983333],[75.94904,10.9589783333],[75.94902,10.959255],[75.94905,10.9603516667],[75.9491133333,10.96091],[75.9492516667,10.96138],[75.9493681882,10.9616233658],[75.9496679177,10.9617056749],[75.9500866667,10.961625],[75.95048,10.961415],[75.9506566667,10.9614916667],[75.9508933333,10.962085],[75.9509316667,10.9624166667],[75.95167,10.9630533333],[75.952155,10.963275],[75.9525233333,10.963275],[75.9532665858,10.9634961965],[75.9535054354,10.9636874081],[75.9536907582,10.9641531965],[75.9535477732,10.9644345795],[75.9529616667,10.9649683333],[75.952845,10.96514],[75.9528733333,10.96589],[75.9527516667,10.966395],[75.9528883333,10.9668566667],[75.95316,10.9669466667],[75.9536766667,10.9674],[75.9543424277,10.9675893334],[75.9545831516,10.9678846711]]]},"properties":{"id":"ponmundam-w9","ward_no":9,"ward_name":"Cholappuram","ward_label":"Ward 9 – Cholappuram","local_body":"Ponmundam","local_body_id":"ponmundam","lsgd_type":"Grama Panchayat","source":"Delimitation Commission, Kerala — 2024 ward delimitation (wardmap.ksmart.live)","source_date":"2024-10-17","delimitation":"2024","acquired":"2026-09-30"}},{"type":"Feature","geometry":{"type":"Polygon","coordinates":[[[75.9466905956,10.9689027371],[75.9466793827,10.9696717279],[75.9468816667,10.96967],[75.9474183333,10.9698183333],[75.948035,10.97015],[75.94816,10.9701366667],[75.9491533333,10.9703],[75.94966,10.97041],[75.949905,10.97014],[75.9505,10.970225],[75.9505966667,10.9702883333],[75.9506183333,10.9706094291],[75.9509716667,10.9707566667],[75.9510483333,10.9709483333],[75.9517633333,10.9710166667],[75.9519416667,10.9709766667],[75.9520383333,10.970765],[75.9523866667,10.970765],[75.9527963897,10.9707024579],[75.9528558645,10.9704704027],[75.9528676694,10.9699049533],[75.9528786865,10.9696376473],[75.9531526908,10.9695629272],[75.9531332635,10.9692415342],[75.9535048338,10.9690462157],[75.9537341149,10.9686505874],[75.9540552459,10.9682724399],[75.9543543542,10.968171936],[75.9545831516,10.9678846711],[75.9543424277,10.9675893334],[75.9536766667,10.9674],[75.95316,10.9669466667],[75.9528883333,10.9668566667],[75.9527516667,10.966395],[75.9528733333,10.96589],[75.952845,10.96514],[75.9529616667,10.9649683333],[75.9535477732,10.9644345795],[75.9536907582,10.9641531965],[75.9535054354,10.9636874081],[75.9532665858,10.9634961965],[75.9525233333,10.963275],[75.952155,10.963275],[75.95167,10.9630533333],[75.9509316667,10.9624166667],[75.9508933333,10.962085],[75.9506566667,10.9614916667],[75.95048,10.961415],[75.9500866667,10.961625],[75.9496679177,10.9617056749],[75.9493681882,10.9616233658],[75.949055,10.9617233333],[75.948965,10.9619],[75.94864,10.9619833333],[75.9486166667,10.9622116667],[75.9487683333,10.9628516667],[75.9487933333,10.9631583333],[75.9488883333,10.9634216667],[75.9491,10.9634566667],[75.9490830061,10.964142408],[75.9491425853,10.9644501627],[75.9487166667,10.96448],[75.9482938596,10.9644109661],[75.948481664,10.9653235964],[75.9484374197,10.9660798332],[75.947322897,10.9660208458],[75.9472813818,10.9661741352],[75.9472372618,10.9670203711],[75.9471580988,10.9674250672],[75.9478977486,10.9678155709],[75.9479682844,10.9681937149],[75.9484021346,10.9682985151],[75.9488222398,10.9686517412],[75.9488215103,10.9687748509],[75.9483478834,10.968783109],[75.9474134678,10.9688793624],[75.9466905956,10.9689027371]]]},"properties":{"id":"ponmundam-w10","ward_no":10,"ward_name":"Kulangara","ward_label":"Ward 10 – Kulangara","local_body":"Ponmundam","local_body_id":"ponmundam","lsgd_type":"Grama Panchayat","source":"Delimitation Commission, Kerala — 2024 ward delimitation (wardmap.ksmart.live)","source_date":"2024-10-17","delimitation":"2024","acquired":"2026-09-30"}},{"type":"Feature","geometry":{"type":"Polygon","coordinates":[[[75.953306323,10.954675],[75.952836544,10.9541590499],[75.9521423281,10.9535774201],[75.9515257455,10.9533878398],[75.9511871138,10.9533415584],[75.9493231727,10.953238483],[75.9484925943,10.9532430578],[75.947725874,10.9532977665],[75.9465579026,10.953474259],[75.9467305822,10.9542313167],[75.9470056881,10.954192942],[75.9469877681,10.9545960339],[75.9470447668,10.9549187733],[75.9470598689,10.9554808274],[75.9472410578,10.9561396489],[75.9472437513,10.956442447],[75.9470916322,10.9570229618],[75.9467451344,10.9577097113],[75.9464379227,10.9582397616],[75.9460483728,10.9589150006],[75.9458343616,10.9594514638],[75.9458609783,10.9598311438],[75.9458029448,10.9606066796],[75.9459221696,10.9622247887],[75.9461020552,10.9634055236],[75.9461240995,10.9636843488],[75.9464149889,10.9637383027],[75.9467505009,10.9636469254],[75.9468946252,10.963671935],[75.9469141748,10.9639736344],[75.947167344,10.9641168492],[75.9479166,10.9643652189],[75.9482938596,10.9644109661],[75.9487166667,10.96448],[75.9491425853,10.9644501627],[75.9490830061,10.964142408],[75.9491,10.9634566667],[75.9488883333,10.9634216667],[75.9487933333,10.9631583333],[75.9487683333,10.9628516667],[75.9486166667,10.9622116667],[75.94864,10.9619833333],[75.948965,10.9619],[75.949055,10.9617233333],[75.9493681882,10.9616233658],[75.9492516667,10.96138],[75.9491133333,10.96091],[75.94905,10.9603516667],[75.94902,10.959255],[75.94904,10.9589783333],[75.9489883333,10.9585983333],[75.9488033333,10.95824],[75.948785,10.9579833333],[75.948445,10.9572416667],[75.9484383333,10.9567366667],[75.9483333333,10.9565016667],[75.9483229898,10.9560732753],[75.9489066667,10.9561366667],[75.949315,10.9559933333],[75.9493516667,10.9558166667],[75.9496866667,10.9558433333],[75.9497583333,10.95598],[75.9500116667,10.9561183333],[75.9504066667,10.9562316667],[75.9508533333,10.9560033333],[75.9510633333,10.9560633333],[75.9514016667,10.9559383333],[75.9516483333,10.9559533333],[75.9520566667,10.9561983333],[75.951895,10.9556233333],[75.9519416667,10.955175],[75.95228,10.95508],[75.9523916667,10.9548116667],[75.9525966667,10.95472],[75.953306323,10.954675]]]},"properties":{"id":"ponmundam-w11","ward_no":11,"ward_name":"Nottappuram","ward_label":"Ward 11 – Nottappuram","local_body":"Ponmundam","local_body_id":"ponmundam","lsgd_type":"Grama Panchayat","source":"Delimitation Commission, Kerala — 2024 ward delimitation (wardmap.ksmart.live)","source_date":"2024-10-18","delimitation":"2024","acquired":"2026-09-30"}},{"type":"Feature","geometry":{"type":"Polygon","coordinates":[[[75.9486117141,10.9495815329],[75.94802186159744,10.9494863146604],[75.94757,10.9495283333],[75.9467083333,10.9494266667],[75.9462716667,10.9493166667],[75.9457483333,10.9492866667],[75.9449316667,10.9491216667],[75.9444833333,10.9490883333],[75.9443816667,10.949165],[75.9436583333,10.94921],[75.9428581326511,10.949174985297375],[75.94218055063203,10.949174300001143],[75.9418739854,10.9492511181],[75.9417590537,10.949203291],[75.9418694488,10.9494662276],[75.9421655926,10.9499425891],[75.9424087323,10.9502060899],[75.9429446807,10.9509499963],[75.9431713637,10.951411338],[75.9437595838,10.952782656],[75.9440233456,10.9532031513],[75.944547111,10.9536181011],[75.9439655128,10.9536537092],[75.94394,10.9538416667],[75.9441983333,10.95456],[75.9438983333,10.9546216667],[75.94342,10.9545483333],[75.943065,10.9543283333],[75.943032866,10.9541834558],[75.9426916667,10.9542366667],[75.942725,10.95467],[75.942585,10.9550666667],[75.9422864124,10.9555136723],[75.9423013486,10.9557598648],[75.9429633333,10.9560683333],[75.9428933333,10.9563166667],[75.94313,10.9564416667],[75.943265,10.956605],[75.9444133333,10.9572066667],[75.9448083333,10.9573833333],[75.9450933333,10.9575833333],[75.945925,10.958035],[75.9464379227,10.9582397616],[75.9467451344,10.9577097113],[75.9470916322,10.9570229618],[75.9472437513,10.956442447],[75.9472410578,10.9561396489],[75.9470598689,10.9554808274],[75.9470447668,10.9549187733],[75.9469877681,10.9545960339],[75.9470056881,10.954192942],[75.9467305822,10.9542313167],[75.9465579026,10.953474259],[75.9465197083,10.9533288652],[75.9467522919,10.9530175966],[75.9469196155,10.9526282337],[75.9468992514,10.9522234293],[75.94697,10.95186],[75.9470766667,10.9517183333],[75.9475255494,10.950723803],[75.9477220389,10.950517855],[75.9480373925,10.9499781961],[75.9483683333,10.9497466667],[75.94876061111948,10.949596007680144],[75.9486117141,10.9495815329]]]},"properties":{"id":"ponmundam-w12","ward_no":12,"ward_name":"Vailathoor","ward_label":"Ward 12 – Vailathoor","local_body":"Ponmundam","local_body_id":"ponmundam","lsgd_type":"Grama Panchayat","source":"Delimitation Commission, Kerala — 2024 ward delimitation (wardmap.ksmart.live)","source_date":"2024-10-19","delimitation":"2024","acquired":"2026-09-30"}},{"type":"Feature","geometry":{"type":"Polygon","coordinates":[[[75.9416864123,10.9491661044],[75.94119785055416,10.94922985386757],[75.9406016667,10.949235],[75.9404207467,10.9493091475],[75.9405166667,10.9499116667],[75.9407566667,10.95036],[75.9410016667,10.9509616667],[75.940905,10.9511633333],[75.9406616667,10.9512383333],[75.9405466667,10.9514516667],[75.9405683333,10.9518516667],[75.940395,10.9519633333],[75.9403666667,10.9522333333],[75.940485,10.9528133333],[75.9406066667,10.9530066667],[75.9406166667,10.9532566667],[75.9405366667,10.9534866667],[75.940565,10.9538466667],[75.9405183333,10.9540933333],[75.9403133333,10.954395],[75.940075,10.9549],[75.9396383333,10.9553783333],[75.9386633333,10.956345],[75.9381978198,10.956780684],[75.9380057377,10.9571320413],[75.9378741571,10.9575337566],[75.9376490575,10.9578510651],[75.9368164761,10.9587235412],[75.9366626158,10.9589540159],[75.9364484546,10.9595970187],[75.9364040564,10.9601691132],[75.9363483805,10.960505135],[75.9363616881,10.9610027992],[75.9364340949,10.961289116],[75.9367884932,10.9613793329],[75.9368474284,10.9615221318],[75.937295,10.96148],[75.9374766667,10.9614016667],[75.9384516667,10.961275],[75.9385933333,10.961355],[75.938855,10.9616816667],[75.9397277663,10.9617215402],[75.9395360795,10.9613597506],[75.93968,10.961145],[75.9400383333,10.961195],[75.9402401575,10.9606714333],[75.9404830052,10.9605036019],[75.9406903521,10.9598408824],[75.9408027367,10.9593124161],[75.9409187424,10.9589653963],[75.9408748453,10.9586608815],[75.9409808251,10.9581998229],[75.941242249,10.9577688053],[75.9414301038,10.9573139584],[75.941522433,10.9568058135],[75.9416052203,10.9566790674],[75.9419243504,10.9559195085],[75.9420166667,10.955625],[75.9422864124,10.9555136723],[75.942585,10.9550666667],[75.942725,10.95467],[75.9426916667,10.9542366667],[75.943032866,10.9541834558],[75.943065,10.9543283333],[75.94342,10.9545483333],[75.9438983333,10.9546216667],[75.9441983333,10.95456],[75.94394,10.9538416667],[75.9439655128,10.9536537092],[75.944547111,10.9536181011],[75.9440233456,10.9532031513],[75.9437595838,10.952782656],[75.9431713637,10.951411338],[75.9429446807,10.9509499963],[75.9424087323,10.9502060899],[75.9421655926,10.9499425891],[75.9418694488,10.9494662276],[75.9417590537,10.949203291],[75.9416864123,10.9491661044]]]},"properties":{"id":"ponmundam-w13","ward_no":13,"ward_name":"Athanikkal","ward_label":"Ward 13 – Athanikkal","local_body":"Ponmundam","local_body_id":"ponmundam","lsgd_type":"Grama Panchayat","source":"Delimitation Commission, Kerala — 2024 ward delimitation (wardmap.ksmart.live)","source_date":"2024-10-18","delimitation":"2024","acquired":"2026-09-30"}},{"type":"Feature","geometry":{"type":"Polygon","coordinates":[[[75.9404207467,10.9493091475],[75.9400450152137,10.9493354078326],[75.9393708895,10.9492886838],[75.9386720444834,10.94929615755421],[75.9385602585,10.9491254653],[75.9373434110096,10.949271246533103],[75.9373435036529,10.949272681169653],[75.93734599359847,10.949278485750018],[75.9375157856,10.9498401056],[75.9373741757,10.9501538014],[75.9375247394,10.9505800144],[75.9375297953,10.9507522922],[75.9371801495,10.9511114015],[75.9369211036,10.9516444386],[75.9368342611,10.9519952392],[75.9367403635,10.9527961161],[75.9368968595,10.9533434768],[75.93692939056646,10.95373848331601],[75.9362916345,10.9537391418],[75.9360559254,10.9539148455],[75.935654347,10.9540562654],[75.9355487025,10.9542421037],[75.9348346311,10.9544051278],[75.9346599277,10.9545013706],[75.9339515427,10.9550100847],[75.93344254668939,10.955235167060968],[75.9335383333,10.9555533333],[75.9337416667,10.9559816667],[75.933785,10.95621],[75.9339816667,10.9567333333],[75.933945,10.9569],[75.9347216667,10.9570366667],[75.934925,10.957315],[75.9348233333,10.957715],[75.933785,10.9593233333],[75.9336716667,10.9599333333],[75.933645,10.960305],[75.933981688,10.9604870354],[75.9345333333,10.9604466667],[75.9352133333,10.9602933333],[75.935445,10.9602983333],[75.9357566667,10.960195],[75.9364040564,10.9601691132],[75.9364484546,10.9595970187],[75.9366626158,10.9589540159],[75.9368164761,10.9587235412],[75.9376490575,10.9578510651],[75.9378741571,10.9575337566],[75.9380057377,10.9571320413],[75.9381978198,10.956780684],[75.9386633333,10.956345],[75.9396383333,10.9553783333],[75.940075,10.9549],[75.9403133333,10.954395],[75.9405183333,10.9540933333],[75.940565,10.9538466667],[75.9405366667,10.9534866667],[75.9406166667,10.9532566667],[75.9406066667,10.9530066667],[75.940485,10.9528133333],[75.9403666667,10.9522333333],[75.940395,10.9519633333],[75.9405683333,10.9518516667],[75.9405466667,10.9514516667],[75.9406616667,10.9512383333],[75.940905,10.9511633333],[75.9410016667,10.9509616667],[75.9407566667,10.95036],[75.9405166667,10.9499116667],[75.9404207467,10.9493091475]]]},"properties":{"id":"ponmundam-w14","ward_no":14,"ward_name":"Aripeediyengal","ward_label":"Ward 14 – Aripeediyengal","local_body":"Ponmundam","local_body_id":"ponmundam","lsgd_type":"Grama Panchayat","source":"Delimitation Commission, Kerala — 2024 ward delimitation (wardmap.ksmart.live)","source_date":"2024-10-19","delimitation":"2024","acquired":"2026-09-30"}},{"type":"Feature","geometry":{"type":"Polygon","coordinates":[[[75.92839999246604,10.961648870037374],[75.9289789554,10.9618106259],[75.9288941708,10.9620961163],[75.9288318531,10.9626420798],[75.9288919961,10.9633665799],[75.9290285543,10.9636689021],[75.9294353919,10.9638125414],[75.92957624236385,10.963914126355974],[75.9301116667,10.9636616667],[75.9304683333,10.9636283333],[75.9308133333,10.9636833333],[75.9309383333,10.9635633333],[75.9315583333,10.9633966667],[75.93192,10.9634333333],[75.9321066667,10.9629033333],[75.93247,10.9629533333],[75.9327383333,10.9630483333],[75.93327,10.963],[75.93334,10.9627833333],[75.9334083333,10.9621783333],[75.9337683333,10.9620433333],[75.9338366667,10.9618066667],[75.9338833333,10.9608466667],[75.933981688,10.9604870354],[75.933645,10.960305],[75.9336716667,10.9599333333],[75.933785,10.9593233333],[75.9348233333,10.957715],[75.934925,10.957315],[75.9347216667,10.9570366667],[75.933945,10.9569],[75.9339816667,10.9567333333],[75.933785,10.95621],[75.9337416667,10.9559816667],[75.9335383333,10.9555533333],[75.93344254668939,10.955235167060968],[75.9325667771,10.9552662925],[75.9325350448,10.9549437369],[75.9322569717,10.9551331505],[75.93136196814423,10.955493308639134],[75.93099599536087,10.955692374430713],[75.9308366094,10.955917632],[75.93039041976351,10.956351649391161],[75.9304263352,10.9572726662],[75.93051203442886,10.957557275481195],[75.9307933048,10.9581964942],[75.9307621882,10.9588883413],[75.9306379082,10.9593533065],[75.9302215265,10.96050609],[75.92997071260592,10.960589667193274],[75.9291227718,10.9613170262],[75.92839999246604,10.961648870037374]]]},"properties":{"id":"ponmundam-w15","ward_no":15,"ward_name":"Ittilakkal","ward_label":"Ward 15 – Ittilakkal","local_body":"Ponmundam","local_body_id":"ponmundam","lsgd_type":"Grama Panchayat","source":"Delimitation Commission, Kerala — 2024 ward delimitation (wardmap.ksmart.live)","source_date":"2024-10-19","delimitation":"2024","acquired":"2026-09-30"}},{"type":"Feature","geometry":{"type":"Polygon","coordinates":[[[75.9348992682773,10.96899830089812],[75.9354303738,10.9688715736],[75.9362868892,10.968546241],[75.9366090144,10.9683416961],[75.9373584751,10.967945341],[75.936943411,10.9674316575],[75.9366467874,10.9669751915],[75.9364351886,10.9665617984],[75.9365678916,10.9663592591],[75.9370952758,10.9660664845],[75.9372443134,10.965896109],[75.9376956477,10.9659092232],[75.9377923206,10.966000016],[75.9384233333,10.9659533333],[75.938695,10.966015],[75.9390383333,10.9659883333],[75.9391683333,10.96576],[75.939460659,10.9656548508],[75.9398708934,10.9655966979],[75.9410526805,10.9655704508],[75.9412075402,10.9650197721],[75.941345,10.9648333333],[75.94136,10.9646116667],[75.9415933333,10.964105],[75.9417566667,10.96363],[75.94195,10.96329],[75.9418733333,10.96317],[75.9414516667,10.96301],[75.941325,10.9628066667],[75.941173416,10.9616266667],[75.94057,10.9616666667],[75.9401,10.9617766667],[75.9397277663,10.9617215402],[75.938855,10.9616816667],[75.9385933333,10.961355],[75.9384516667,10.961275],[75.9374766667,10.9614016667],[75.937295,10.96148],[75.9368474284,10.9615221318],[75.9367884932,10.9613793329],[75.9364340949,10.961289116],[75.9363616881,10.9610027992],[75.9363483805,10.960505135],[75.9364040564,10.9601691132],[75.9357566667,10.960195],[75.935445,10.9602983333],[75.9352133333,10.9602933333],[75.9345333333,10.9604466667],[75.933981688,10.9604870354],[75.9338833333,10.9608466667],[75.9338366667,10.9618066667],[75.9337683333,10.9620433333],[75.9334083333,10.9621783333],[75.93334,10.9627833333],[75.93327,10.963],[75.9327383333,10.9630483333],[75.93247,10.9629533333],[75.9321066667,10.9629033333],[75.93192,10.9634333333],[75.9315583333,10.9633966667],[75.9309383333,10.9635633333],[75.9308133333,10.9636833333],[75.9304683333,10.9636283333],[75.9301116667,10.9636616667],[75.92957624236385,10.963914126355974],[75.9295604459,10.9644587382],[75.9296300377,10.9645906065],[75.9295913935,10.9648778879],[75.92962720183,10.965147660460316],[75.92970695995963,10.965651151446968],[75.9298634035,10.9657200773],[75.9305181765,10.9658447336],[75.9307909223,10.9658195651],[75.9314212964,10.96586312],[75.9318359881,10.9664409833],[75.9320374874,10.9670289924],[75.9320217182,10.9677394739],[75.9320816202,10.9679496215],[75.9325637332,10.9678996899],[75.93281791406793,10.968126034414627],[75.933257171,10.9682327302],[75.9334465795,10.9684591848],[75.9338058579,10.9687767908],[75.9341279192,10.9688794146],[75.9348992682773,10.96899830089812]]]},"properties":{"id":"ponmundam-w16","ward_no":16,"ward_name":"Chilavil","ward_label":"Ward 16 – Chilavil","local_body":"Ponmundam","local_body_id":"ponmundam","lsgd_type":"Grama Panchayat","source":"Delimitation Commission, Kerala — 2024 ward delimitation (wardmap.ksmart.live)","source_date":"2024-10-19","delimitation":"2024","acquired":"2026-09-30"}},{"type":"Feature","geometry":{"type":"Polygon","coordinates":[[[75.9461240995,10.9636843488],[75.9461020552,10.9634055236],[75.9459221696,10.9622247887],[75.9458029448,10.9606066796],[75.9458609783,10.9598311438],[75.9458343616,10.9594514638],[75.9460483728,10.9589150006],[75.9464379227,10.9582397616],[75.945925,10.958035],[75.9450933333,10.9575833333],[75.9448083333,10.9573833333],[75.9444133333,10.9572066667],[75.943265,10.956605],[75.94313,10.9564416667],[75.9428933333,10.9563166667],[75.9429633333,10.9560683333],[75.9423013486,10.9557598648],[75.9422864124,10.9555136723],[75.9420166667,10.955625],[75.9419243504,10.9559195085],[75.9416052203,10.9566790674],[75.941522433,10.9568058135],[75.9414301038,10.9573139584],[75.941242249,10.9577688053],[75.9409808251,10.9581998229],[75.9408748453,10.9586608815],[75.9409187424,10.9589653963],[75.9408027367,10.9593124161],[75.9406903521,10.9598408824],[75.9404830052,10.9605036019],[75.9402401575,10.9606714333],[75.9400383333,10.961195],[75.93968,10.961145],[75.9395360795,10.9613597506],[75.9397277663,10.9617215402],[75.9401,10.9617766667],[75.94057,10.9616666667],[75.941173416,10.9616266667],[75.941325,10.9628066667],[75.9414516667,10.96301],[75.9418733333,10.96317],[75.94195,10.96329],[75.9417566667,10.96363],[75.9415933333,10.964105],[75.94136,10.9646116667],[75.941345,10.9648333333],[75.9412075402,10.9650197721],[75.9410526805,10.9655704508],[75.9419643728,10.9657556885],[75.9421425964,10.9655176371],[75.9429431826,10.9655176609],[75.9430347522,10.9653549816],[75.9436240327,10.9655633035],[75.9441682881,10.9656183936],[75.9449172168,10.9656231598],[75.9453498759,10.9656971411],[75.9456069806,10.9649283377],[75.9458319316,10.9644315557],[75.9459786625,10.9642521138],[75.9461240995,10.9636843488]]]},"properties":{"id":"ponmundam-w17","ward_no":17,"ward_name":"Mannadikkavu","ward_label":"Ward 17 – Mannadikkavu","local_body":"Ponmundam","local_body_id":"ponmundam","lsgd_type":"Grama Panchayat","source":"Delimitation Commission, Kerala — 2024 ward delimitation (wardmap.ksmart.live)","source_date":"2024-10-19","delimitation":"2024","acquired":"2026-09-30"}},{"type":"Feature","geometry":{"type":"Polygon","coordinates":[[[75.9373584751,10.967945341],[75.93803361513078,10.968447421052],[75.9383128019,10.968540915],[75.9386064924,10.9685476554],[75.93881732,10.9688171],[75.93888985,10.96927955],[75.93925306,10.96994716],[75.93931223276861,10.970199066060106],[75.93952127,10.97065379],[75.9397050207,10.9713499282],[75.9398896052,10.9718657429],[75.9401749075,10.9723536768],[75.9402915623,10.9726890651],[75.9409711241,10.9725978194],[75.9419927814,10.972410484],[75.9427213141,10.9723337284],[75.942725,10.9721233333],[75.9426190536,10.9718893537],[75.942735,10.971485],[75.9429183333,10.9710416667],[75.9426566667,10.970335],[75.9429583333,10.9701866667],[75.9433354258,10.970076953],[75.9434683333,10.970135],[75.9439283333,10.9701433333],[75.9441283333,10.9700566667],[75.9441804737,10.9698162893],[75.9443883333,10.96939],[75.944795,10.9695483333],[75.9451633333,10.9695333333],[75.945295,10.9689633333],[75.9455815389,10.9683161461],[75.946071184,10.9681594497],[75.9462558081,10.9686429325],[75.9466905956,10.9689027371],[75.9474134678,10.9688793624],[75.9483478834,10.968783109],[75.9488215103,10.9687748509],[75.9488222398,10.9686517412],[75.9484021346,10.9682985151],[75.9479682844,10.9681937149],[75.9478977486,10.9678155709],[75.9471580988,10.9674250672],[75.9472372618,10.9670203711],[75.9472813818,10.9661741352],[75.947322897,10.9660208458],[75.9484374197,10.9660798332],[75.948481664,10.9653235964],[75.9482938596,10.9644109661],[75.9479166,10.9643652189],[75.947167344,10.9641168492],[75.9469141748,10.9639736344],[75.9468946252,10.963671935],[75.9467505009,10.9636469254],[75.9464149889,10.9637383027],[75.9461240995,10.9636843488],[75.9459786625,10.9642521138],[75.9458319316,10.9644315557],[75.9456069806,10.9649283377],[75.9453498759,10.9656971411],[75.9449172168,10.9656231598],[75.9441682881,10.9656183936],[75.9436240327,10.9655633035],[75.9430347522,10.9653549816],[75.9429431826,10.9655176609],[75.9421425964,10.9655176371],[75.9419643728,10.9657556885],[75.9410526805,10.9655704508],[75.9398708934,10.9655966979],[75.939460659,10.9656548508],[75.9391683333,10.96576],[75.9390383333,10.9659883333],[75.938695,10.966015],[75.9384233333,10.9659533333],[75.9377923206,10.966000016],[75.9376956477,10.9659092232],[75.9372443134,10.965896109],[75.9370952758,10.9660664845],[75.9365678916,10.9663592591],[75.9364351886,10.9665617984],[75.9366467874,10.9669751915],[75.936943411,10.9674316575],[75.9373584751,10.967945341]]]},"properties":{"id":"ponmundam-w18","ward_no":18,"ward_name":"Parambin Mukal","ward_label":"Ward 18 – Parambin Mukal","local_body":"Ponmundam","local_body_id":"ponmundam","lsgd_type":"Grama Panchayat","source":"Delimitation Commission, Kerala — 2024 ward delimitation (wardmap.ksmart.live)","source_date":"2024-10-14","delimitation":"2024","acquired":"2026-09-30"}},{"type":"Feature","geometry":{"type":"Polygon","coordinates":[[[75.8892741998,10.9667693854],[75.8890236036,10.9667368191],[75.8885246283,10.9667627894],[75.8876456428,10.9665866031],[75.8872761769,10.966537316],[75.8862710654,10.966170643],[75.886330576,10.9657270294],[75.8862709813,10.9656216793],[75.8858284428,10.9657472154],[75.8852881417,10.9658315309],[75.8852634911,10.9655744145],[75.8854062692,10.9650132905],[75.8839303495,10.9648268353],[75.8837925693,10.9647556255],[75.8840096265,10.9637995361],[75.8836885841,10.9635176559],[75.8827527101,10.9632556586],[75.8827223646,10.9631402654],[75.8828017218,10.9623929484],[75.8826169471,10.9622420828],[75.8807131104,10.9620682922],[75.880467134,10.962250952],[75.8796673445,10.9622457719],[75.8793290814,10.9620749519],[75.8787074761,10.9618492296],[75.8777595195,10.9615727777],[75.8773867406,10.9614087137],[75.877317422,10.9613110977],[75.8768950069,10.9611966291],[75.8765536965,10.961047929],[75.87617335726884,10.961957699847535],[75.8757066092,10.9630741605],[75.8761706081,10.9633481222],[75.8764571526,10.9634780879],[75.8778987691,10.9639115472],[75.87838631881796,10.963986866514471],[75.8784271636,10.9642787579],[75.8780714821,10.9654877889],[75.8782459689,10.9665067459],[75.8784603636,10.9670693838],[75.878438304,10.9676116232],[75.8786100419,10.9680895791],[75.8789724531,10.9684200665],[75.8793486276,10.9685522221],[75.8797377608,10.9686058165],[75.8801131781,10.9685766091],[75.8806572031,10.9690052442],[75.8808251498,10.9692887184],[75.8813130569,10.9698741365],[75.8815624055,10.9701298852],[75.8820093256,10.9703351279],[75.8824514912,10.9700977032],[75.8828008144,10.9697587557],[75.8832342516,10.9692099099],[75.8834049475,10.9688964178],[75.8833915069,10.9685298681],[75.8834894803,10.9683246328],[75.8837808256,10.9681700042],[75.8840217851,10.9678508766],[75.88452348589276,10.96802923839665],[75.8846864389,10.9681722908],[75.8852319545,10.9685035639],[75.8853042968,10.9685970323],[75.8850799218,10.9690903806],[75.8852437812,10.9692749788],[75.8858415292,10.9695740506],[75.88609699898886,10.969579833439788],[75.8867393553,10.9695804405],[75.8872737549,10.9698203697],[75.8892741998,10.9667693854]]]},"properties":{"id":"tanalur-w1","ward_no":1,"ward_name":"Moolakkal","ward_label":"Ward 1 – Moolakkal","local_body":"Thanaloor","local_body_id":"tanalur","lsgd_type":"Grama Panchayat","source":"Delimitation Commission, Kerala — 2024 ward delimitation (wardmap.ksmart.live)","source_date":"2024-10-14","delimitation":"2024","acquired":"2026-09-30"}},{"type":"Feature","geometry":{"type":"Polygon","coordinates":[[[75.8953151006,10.9652103054],[75.8954304398,10.9651142699],[75.8958324334,10.9649634576],[75.8960135169,10.964825742],[75.896112227,10.9646284111],[75.8959969761,10.9639364941],[75.8960160289,10.9638410775],[75.895428885,10.9637766082],[75.895143177,10.9638550555],[75.8951606575,10.9634222585],[75.8952395447,10.9628739519],[75.8942973366,10.9627244831],[75.8940470319,10.9626607276],[75.892847146,10.9625156513],[75.8916476298,10.9636872596],[75.8911661498,10.9639597392],[75.8908724653,10.964332371],[75.8892741998,10.9667693854],[75.8872737549,10.9698203697],[75.8867393553,10.9695804405],[75.88609699898886,10.969579833439788],[75.8870524953,10.969793966],[75.8871641193,10.9698668847],[75.8874002987,10.9698793047],[75.8876837357,10.969772965],[75.8880919156,10.9697525266],[75.8886219675,10.9698386454],[75.8888483832,10.9694793733],[75.8890175601,10.9690746114],[75.8892566075,10.9687253507],[75.8899691259,10.9688616895],[75.8906018652,10.969178031],[75.8910949044,10.969545227],[75.891906309,10.969813034],[75.89304403286665,10.970298368521798],[75.8927658721,10.9701150431],[75.8930438753,10.9695848246],[75.89350002378191,10.969684341900297],[75.89377771786461,10.9695280856039],[75.89400565713109,10.96909896502294],[75.894021523,10.9687126763],[75.89437362684615,10.968383917717041],[75.8944720928,10.9681523411],[75.8946050525,10.9674004607],[75.8947845335,10.9670237113],[75.89505612334217,10.966323226216064],[75.895016404,10.9657228548],[75.8952148535,10.9654702602],[75.8953151006,10.9652103054]]]},"properties":{"id":"tanalur-w2","ward_no":2,"ward_name":"Devadar","ward_label":"Ward 2 – Devadar","local_body":"Thanaloor","local_body_id":"tanalur","lsgd_type":"Grama Panchayat","source":"Delimitation Commission, Kerala — 2024 ward delimitation (wardmap.ksmart.live)","source_date":"2024-10-15","delimitation":"2024","acquired":"2026-09-30"}},{"type":"Feature","geometry":{"type":"Polygon","coordinates":[[[75.8960160289,10.9638410775],[75.896187353,10.9630975897],[75.8962297795,10.9621444188],[75.896379553,10.9617313421],[75.8964679088,10.9611623536],[75.89686165957616,10.960502266264225],[75.8968683281,10.9604910349],[75.896101391,10.9603704639],[75.8952207053,10.9600764019],[75.8960330615,10.9580122921],[75.895260173,10.9578282688],[75.8946433884,10.9586531058],[75.8944256978,10.9586264631],[75.8937005187,10.9583982764],[75.8928970235,10.9580316573],[75.8925008707,10.9578083933],[75.89180509,10.9576143326],[75.8915153858,10.9578144504],[75.8914735872,10.9580395508],[75.8911399101,10.9579976049],[75.8911394998,10.9578079905],[75.8913391229,10.9573679289],[75.891212578,10.9571240446],[75.8906892156,10.9569177068],[75.8901440124,10.9568713863],[75.8897516228,10.9565990419],[75.8895340366,10.9572870317],[75.8895275835,10.9576356412],[75.8893575057,10.9580959065],[75.8894245722,10.9584978728],[75.8893772654,10.958989075],[75.8896847852,10.9591347616],[75.8896733667,10.9599087504],[75.889453577,10.9607096709],[75.8894520098,10.9609461873],[75.8893085016,10.961545813],[75.8888646304,10.961928112],[75.8890007552,10.9620475822],[75.8889291622,10.9626475944],[75.8886749375,10.9632797528],[75.8882862504,10.9640424844],[75.8882892305,10.9642519588],[75.8881042413,10.9645427423],[75.8874777089,10.964697939],[75.8865441525,10.9653066695],[75.8862709813,10.9656216793],[75.886330576,10.9657270294],[75.8862710654,10.966170643],[75.8872761769,10.966537316],[75.8876456428,10.9665866031],[75.8885246283,10.9667627894],[75.8890236036,10.9667368191],[75.8892741998,10.9667693854],[75.8908724653,10.964332371],[75.8911661498,10.9639597392],[75.8916476298,10.9636872596],[75.892847146,10.9625156513],[75.8940470319,10.9626607276],[75.8942973366,10.9627244831],[75.8952395447,10.9628739519],[75.8951606575,10.9634222585],[75.895143177,10.9638550555],[75.895428885,10.9637766082],[75.8960160289,10.9638410775]]]},"properties":{"id":"tanalur-w3","ward_no":3,"ward_name":"Puthantheru","ward_label":"Ward 3 – Puthantheru","local_body":"Thanaloor","local_body_id":"tanalur","lsgd_type":"Grama Panchayat","source":"Delimitation Commission, Kerala — 2024 ward delimitation (wardmap.ksmart.live)","source_date":"2024-10-15","delimitation":"2024","acquired":"2026-09-30"}},{"type":"Feature","geometry":{"type":"Polygon","coordinates":[[[75.89686165957616,10.960502266264225],[75.8972728774,10.9604834939],[75.8980362037,10.9606240495],[75.8986942137,10.9606123292],[75.8987215133,10.9608494464],[75.8992335383,10.9607924931],[75.8995313803,10.9606728364],[75.9000202828,10.9607594625],[75.90070037052591,10.96076228616486],[75.900637468,10.9614736728],[75.9009642782,10.961550092],[75.9010245439,10.9616367452],[75.90162520113172,10.96172833533471],[75.9017057122,10.9622421448],[75.902118767,10.962293965],[75.9024384237,10.9622455604],[75.9024705989,10.9621319147],[75.9028317713,10.9621188471],[75.9028486715,10.9618072044],[75.9027590775,10.9615641815],[75.9028811189,10.9610001339],[75.9026967618,10.9609106222],[75.9027336858,10.9605259668],[75.902813706,10.9602453363],[75.9029977132,10.960276068],[75.9039540895,10.9601902991],[75.9040325974,10.9601597917],[75.9040456012,10.9592371797],[75.9039185614,10.959020352],[75.9039733768,10.9582104547],[75.9040444743,10.957601541],[75.9040209893,10.9572126174],[75.9044910004,10.9571403686],[75.9045695046,10.9563205166],[75.9050003087,10.9563399385],[75.9050926105,10.9554898152],[75.9051521429,10.9552112406],[75.9052229506,10.9544914298],[75.9054911298,10.9545022185],[75.9054716833,10.9541670111],[75.9056998864,10.954069929],[75.90580853,10.9534201573],[75.9057351168,10.9532850618],[75.9057988712,10.9523999231],[75.9040787029,10.9524897017],[75.9039068102,10.9525520445],[75.9022071496,10.9526607234],[75.8996150333,10.9525612327],[75.899594546,10.9528536189],[75.8997555094,10.9528561354],[75.8996572541,10.9536030582],[75.8996047447,10.9537267729],[75.8995143958,10.9545760126],[75.8989373749,10.9545693106],[75.8985574205,10.9561057181],[75.898473271,10.9565913946],[75.8984781046,10.9571010068],[75.8981846587,10.957683895],[75.8979840906,10.9581738817],[75.8979370674,10.958392897],[75.8973716614,10.9582608684],[75.8971583567,10.9588347192],[75.8971764919,10.9593636016],[75.897128875,10.9600735069],[75.8968683281,10.9604910349],[75.89686165957616,10.960502266264225]]]},"properties":{"id":"tanalur-w4","ward_no":4,"ward_name":"Pandiyatt","ward_label":"Ward 4 – Pandiyatt","local_body":"Thanaloor","local_body_id":"tanalur","lsgd_type":"Grama Panchayat","source":"Delimitation Commission, Kerala — 2024 ward delimitation (wardmap.ksmart.live)","source_date":"2024-10-15","delimitation":"2024","acquired":"2026-09-30"}},{"type":"Feature","geometry":{"type":"Polygon","coordinates":[[[75.9058016614,10.9626049605],[75.905785563,10.9622527062],[75.9059478742,10.9618247449],[75.9061478538,10.9618088951],[75.90614572921514,10.961496470719732],[75.9064257401,10.9615105391],[75.90649477127477,10.961210770931116],[75.9067142058,10.9610785612],[75.9069931632,10.9611113808],[75.9072349512,10.9610655884],[75.9074462923,10.9605406555],[75.9083473769,10.9605840244],[75.9084963347,10.9603600232],[75.9089375159,10.9604028658],[75.9090524372147,10.960358190628863],[75.9091653216,10.9602976352],[75.909633708,10.9596494814],[75.9105520693,10.9587656886],[75.9112075194,10.9580313564],[75.911759365,10.9579835304],[75.9124566507,10.9580018607],[75.9125294717,10.9579681515],[75.9124149086,10.9574912591],[75.9124327647,10.9569615593],[75.9124017938,10.9565799961],[75.9125000361,10.9559295726],[75.9123185235,10.9559543365],[75.9116945561,10.9559243569],[75.9115324004,10.9551098685],[75.9111285628,10.955138295],[75.9102596519,10.9550279851],[75.9098345013,10.9551681242],[75.9093076487,10.9551056733],[75.909244579,10.9552282454],[75.9087134187,10.9551748166],[75.9087270593,10.9550300227],[75.9091037487,10.9539027291],[75.9092330014,10.9531155207],[75.9093875596,10.9526390314],[75.9095974202,10.9521693202],[75.9097800307,10.9520637346],[75.9099054634,10.951665104],[75.9092628645,10.9516533663],[75.9088793741,10.9517753747],[75.9083617462,10.9521244602],[75.9058005602,10.9523689883],[75.9057988712,10.9523999231],[75.9057351168,10.9532850618],[75.90580853,10.9534201573],[75.9056998864,10.954069929],[75.9054716833,10.9541670111],[75.9054911298,10.9545022185],[75.9052229506,10.9544914298],[75.9051521429,10.9552112406],[75.9050926105,10.9554898152],[75.9050003087,10.9563399385],[75.9045695046,10.9563205166],[75.9044910004,10.9571403686],[75.9040209893,10.9572126174],[75.9040444743,10.957601541],[75.9039733768,10.9582104547],[75.9039185614,10.959020352],[75.9040456012,10.9592371797],[75.9040325974,10.9601597917],[75.9039540895,10.9601902991],[75.9029977132,10.960276068],[75.902813706,10.9602453363],[75.9027336858,10.9605259668],[75.9026967618,10.9609106222],[75.9028811189,10.9610001339],[75.9027590775,10.9615641815],[75.9028486715,10.9618072044],[75.9028317713,10.9621188471],[75.9035562355,10.9618123874],[75.9037328283,10.9618148099],[75.9039659383,10.9619897803],[75.9039664558,10.9622683404],[75.9041837182,10.9623071594],[75.9049210583,10.962574096],[75.9056103544,10.9627019988],[75.9058016614,10.9626049605]]]},"properties":{"id":"tanalur-w5","ward_no":5,"ward_name":"Parengath","ward_label":"Ward 5 – Parengath","local_body":"Thanaloor","local_body_id":"tanalur","lsgd_type":"Grama Panchayat","source":"Delimitation Commission, Kerala — 2024 ward delimitation (wardmap.ksmart.live)","source_date":"2024-10-16","delimitation":"2024","acquired":"2026-09-30"}},{"type":"Feature","geometry":{"type":"Polygon","coordinates":[[[75.91402764452187,10.961700721941638],[75.91450552069675,10.96142040085444],[75.9151990552,10.9611724678],[75.9154372332533,10.960953420128572],[75.91568820860103,10.960946744952086],[75.9158847442,10.9607532785],[75.9160573774,10.9603091365],[75.9165905333,10.9600930337],[75.9172338182,10.9599118579],[75.9172726848,10.9596469209],[75.91695082,10.9586549026],[75.9171849499,10.9582912081],[75.9172011505,10.9578335437],[75.9170687671,10.9566116235],[75.9176161982,10.9565344713],[75.9177013636,10.9564506026],[75.9177249767,10.9559274567],[75.917597408,10.9559200433],[75.9175980617,10.9554424626],[75.9174829356,10.9552186118],[75.9174218812,10.9538919474],[75.9174176644,10.9530703064],[75.9173524439,10.9521071091],[75.916485792,10.9521694176],[75.9158516211,10.9522563297],[75.9152271781,10.9524225607],[75.9149938596,10.9523629689],[75.9144175824,10.9520902781],[75.9113268823,10.9520908439],[75.9108582759,10.9517723],[75.9099291808,10.9516366127],[75.9099054634,10.951665104],[75.9097800307,10.9520637346],[75.9095974202,10.9521693202],[75.9093875596,10.9526390314],[75.9092330014,10.9531155207],[75.9091037487,10.9539027291],[75.9087270593,10.9550300227],[75.9087134187,10.9551748166],[75.909244579,10.9552282454],[75.9093076487,10.9551056733],[75.9098345013,10.9551681242],[75.9102596519,10.9550279851],[75.9111285628,10.955138295],[75.9115324004,10.9551098685],[75.9116945561,10.9559243569],[75.9123185235,10.9559543365],[75.9125000361,10.9559295726],[75.9124017938,10.9565799961],[75.9124327647,10.9569615593],[75.9124149086,10.9574912591],[75.9125294717,10.9579681515],[75.9124566507,10.9580018607],[75.911759365,10.9579835304],[75.9112075194,10.9580313564],[75.9105520693,10.9587656886],[75.909633708,10.9596494814],[75.9091653216,10.9602976352],[75.9090524372147,10.960358190628863],[75.9091121017,10.9604564941],[75.9093998886188,10.960515547390742],[75.9094212601,10.9607669096],[75.9093557656,10.9611286552],[75.9092022029,10.9613962447],[75.9093932915,10.9614691719],[75.9103443301,10.9616371789],[75.9111635412,10.9616100591],[75.9116946043,10.9617039316],[75.9122280704,10.9616615424],[75.9122117701,10.9612930381],[75.9122751884,10.9609701656],[75.912880199,10.9609226594],[75.913045469,10.9615742439],[75.9131733502,10.961698807],[75.9132026608,10.9619218729],[75.9138971233,10.9617967762],[75.91402764452187,10.961700721941638]]]},"properties":{"id":"tanalur-w6","ward_no":6,"ward_name":"Tharayil","ward_label":"Ward 6 – Tharayil","local_body":"Thanaloor","local_body_id":"tanalur","lsgd_type":"Grama Panchayat","source":"Delimitation Commission, Kerala — 2024 ward delimitation (wardmap.ksmart.live)","source_date":"2024-10-16","delimitation":"2024","acquired":"2026-09-30"}},{"type":"Feature","geometry":{"type":"Polygon","coordinates":[[[75.91568820860103,10.960946744952086],[75.9161400432,10.9613153604],[75.91615041852552,10.961475878324093],[75.91630240534089,10.961798420809917],[75.9164209746,10.9617105888],[75.9167002532,10.9620724059],[75.916863932,10.9620236921],[75.91714747708109,10.962530354691506],[75.9180084239,10.9622662003],[75.91850138307478,10.96205431199002],[75.9184449688,10.961184597],[75.9189818487,10.9611443477],[75.9196445007,10.96102719],[75.92026663535553,10.961170673229896],[75.9204378743029,10.961176022031475],[75.9204355766,10.9606130552],[75.9203568,10.9595019822],[75.9204219798,10.9591179142],[75.9208686459,10.9590701098],[75.9217754042,10.9588342658],[75.9218632848,10.9597841865],[75.9227790383,10.9598364671],[75.9228023487,10.9593671735],[75.9226266936,10.9586769395],[75.9223041214,10.9583746324],[75.922219257,10.9567931735],[75.9224297163,10.9562172134],[75.92237314,10.9551629007],[75.9226858493,10.9540263692],[75.9224600767,10.9535323276],[75.9220246839,10.9534476875],[75.9214330879,10.9530214451],[75.9211804124,10.9529160738],[75.9206436954,10.9525490325],[75.920147586,10.9521380609],[75.9198295655,10.9518297365],[75.9196904709,10.9517853078],[75.9192621089,10.9517462867],[75.9185662161,10.9518386818],[75.9173524439,10.9521071091],[75.9174176644,10.9530703064],[75.9174218812,10.9538919474],[75.9174829356,10.9552186118],[75.9175980617,10.9554424626],[75.917597408,10.9559200433],[75.9177249767,10.9559274567],[75.9177013636,10.9564506026],[75.9176161982,10.9565344713],[75.9170687671,10.9566116235],[75.9172011505,10.9578335437],[75.9171849499,10.9582912081],[75.91695082,10.9586549026],[75.9172726848,10.9596469209],[75.9172338182,10.9599118579],[75.9165905333,10.9600930337],[75.9160573774,10.9603091365],[75.9158847442,10.9607532785],[75.91568820860103,10.960946744952086]]]},"properties":{"id":"tanalur-w7","ward_no":7,"ward_name":"Theendappara","ward_label":"Ward 7 – Theendappara","local_body":"Thanaloor","local_body_id":"tanalur","lsgd_type":"Grama Panchayat","source":"Delimitation Commission, Kerala — 2024 ward delimitation (wardmap.ksmart.live)","source_date":"2024-10-16","delimitation":"2024","acquired":"2026-09-30"}},{"type":"Feature","geometry":{"type":"Polygon","coordinates":[[[75.92282042373176,10.960645994923004],[75.92308281783043,10.960598455186716],[75.9234319152,10.9607447086],[75.9248466524,10.9606627214],[75.925242339,10.9605673582],[75.9257728241,10.9607464134],[75.9267349813,10.9609831396],[75.9266677219,10.9613232114],[75.9270669324,10.9616155015],[75.9280374683,10.961867709],[75.92839999246604,10.961648870037374],[75.9291227718,10.9613170262],[75.92997071260592,10.960589667193274],[75.9302215265,10.96050609],[75.9306379082,10.9593533065],[75.9307621882,10.9588883413],[75.9307933048,10.9581964942],[75.93051203442886,10.957557275481195],[75.9304263352,10.9572726662],[75.93039041976351,10.956351649391161],[75.9308366094,10.955917632],[75.93099599536087,10.955692374430713],[75.9306355187,10.955488392],[75.9305161112,10.9555681589],[75.9302959659,10.9557398993],[75.9299652096,10.9558762268],[75.9295711076,10.9559498567],[75.9288139269,10.9559371881],[75.9277881618,10.9558340635],[75.9273774,10.9556947],[75.9264218625,10.9551391414],[75.9257141611,10.9548583496],[75.9253060657,10.9546268573],[75.9246367315,10.9540825257],[75.9236981588,10.9534678783],[75.9228433225,10.9530791823],[75.9228420293,10.952821521],[75.9229693494,10.9524965471],[75.9230289691,10.9520107802],[75.9229183228,10.9516349236],[75.9226915084,10.951326138],[75.922063874,10.951436402],[75.9219802741,10.9512979986],[75.9222887893,10.9505214],[75.9217466371,10.9503641782],[75.9214482867,10.9503363599],[75.9208382471,10.950134426],[75.9206962803,10.9500163605],[75.9204778088,10.9500492014],[75.9197776268,10.9505549917],[75.9193959574,10.9506631133],[75.9194109589,10.9508504436],[75.9196525122,10.9515497673],[75.9196904709,10.9517853078],[75.9198295655,10.9518297365],[75.920147586,10.9521380609],[75.9206436954,10.9525490325],[75.9211804124,10.9529160738],[75.9214330879,10.9530214451],[75.9220246839,10.9534476875],[75.9224600767,10.9535323276],[75.9226858493,10.9540263692],[75.92237314,10.9551629007],[75.9224297163,10.9562172134],[75.922219257,10.9567931735],[75.9223041214,10.9583746324],[75.9226266936,10.9586769395],[75.9228023487,10.9593671735],[75.9227790383,10.9598364671],[75.9218632848,10.9597841865],[75.9217754042,10.9588342658],[75.9208686459,10.9590701098],[75.9204219798,10.9591179142],[75.9203568,10.9595019822],[75.9204355766,10.9606130552],[75.9204378743029,10.961176022031475],[75.9209414711,10.9612864995],[75.9209991792,10.9611463528],[75.9213573605,10.9611817624],[75.92159569790986,10.960830340429847],[75.92282042373176,10.960645994923004]]]},"properties":{"id":"tanalur-w8","ward_no":8,"ward_name":"Pakara North","ward_label":"Ward 8 – Pakara North","local_body":"Thanaloor","local_body_id":"tanalur","lsgd_type":"Grama Panchayat","source":"Delimitation Commission, Kerala — 2024 ward delimitation (wardmap.ksmart.live)","source_date":"2024-10-17","delimitation":"2024","acquired":"2026-09-30"}},{"type":"Feature","geometry":{"type":"Polygon","coordinates":[[[75.9373434110096,10.949271246533103],[75.93726607037084,10.948777761812185],[75.9372731879,10.9483580988],[75.9371352156,10.9479581288],[75.9366793837,10.9476200933],[75.93633,10.9473033333],[75.9359001139049,10.947151787472636],[75.9359138111,10.9470726342],[75.9349630957,10.9464493432],[75.9346521907,10.9467283276],[75.9341001298,10.9466800301],[75.9338916954,10.94672905],[75.9337956711,10.9472524399],[75.9339923304,10.9484287118],[75.9335629639,10.9486432078],[75.9335624523,10.9488235758],[75.9333431627,10.9488972163],[75.9330116439,10.9489051383],[75.9327122197,10.9491180487],[75.9326795337,10.9494778695],[75.9318429886,10.9505531234],[75.9317624223,10.9506128767],[75.9317717934,10.950944765],[75.9312594012,10.950918673],[75.9310519079,10.9510184279],[75.9309589628,10.951360607],[75.9309714393,10.9516579432],[75.9308498167,10.9535744041],[75.9303763477,10.9536714311],[75.9301300652,10.9540936514],[75.9302982001,10.9548797843],[75.9305161112,10.9555681589],[75.9306355187,10.955488392],[75.93099599536087,10.955692374430713],[75.93136196814423,10.955493308639134],[75.9322569717,10.9551331505],[75.9325350448,10.9549437369],[75.9325667771,10.9552662925],[75.93344254668939,10.955235167060968],[75.9339515427,10.9550100847],[75.9346599277,10.9545013706],[75.9348346311,10.9544051278],[75.9355487025,10.9542421037],[75.935654347,10.9540562654],[75.9360559254,10.9539148455],[75.9362916345,10.9537391418],[75.93692939056646,10.95373848331601],[75.9368968595,10.9533434768],[75.9367403635,10.9527961161],[75.9368342611,10.9519952392],[75.9369211036,10.9516444386],[75.9371801495,10.9511114015],[75.9375297953,10.9507522922],[75.9375247394,10.9505800144],[75.9373741757,10.9501538014],[75.9375157856,10.9498401056],[75.93734599359847,10.949278485750018],[75.9373435036529,10.949272681169653],[75.9373434110096,10.949271246533103]]]},"properties":{"id":"tanalur-w9","ward_no":9,"ward_name":"Thavalam Kunnu","ward_label":"Ward 9 – Thavalam Kunnu","local_body":"Thanaloor","local_body_id":"tanalur","lsgd_type":"Grama Panchayat","source":"Delimitation Commission, Kerala — 2024 ward delimitation (wardmap.ksmart.live)","source_date":"2024-10-17","delimitation":"2024","acquired":"2026-09-30"}},{"type":"Feature","geometry":{"type":"Polygon","coordinates":[[[75.9349630957,10.9464493432],[75.9348247236,10.9462407069],[75.9341850073,10.9461623],[75.9339316511,10.9460035037],[75.9336218885,10.9456742416],[75.9337531892,10.9456302164],[75.9336632522,10.9452074467],[75.9333916667,10.945105],[75.9333176899,10.9447413024],[75.93277286176135,10.944740895351034],[75.9324330844,10.9445735859],[75.93204168683603,10.944467238216047],[75.9318916667,10.9437816667],[75.9318232410658,10.943617093018206],[75.93198818,10.9435452827],[75.9318642996,10.9432527737],[75.9312627593,10.9433249697],[75.93106901006924,10.942863104028541],[75.9309797209,10.9424583415],[75.9304237594,10.9423752975],[75.930355,10.9425583333],[75.9301833333,10.9425866667],[75.92862833962099,10.942408353733239],[75.92750387353796,10.942212707137298],[75.9274394509,10.9422014982],[75.9268056416,10.9427733056],[75.9263518901,10.9437108379],[75.9261604176,10.94440198],[75.9257425251,10.944833182],[75.9251101879,10.945412859],[75.9258435976,10.9456526163],[75.9261888324,10.9457954804],[75.9268794198,10.9459149853],[75.9267599826,10.946264368],[75.9277749256,10.9467161934],[75.9280503475,10.9468827958],[75.9284253129,10.9470250571],[75.9283154416,10.9482854361],[75.9281696596,10.9487292385],[75.9277949336,10.9489105958],[75.9277260788,10.949068655],[75.9277332492,10.9494629956],[75.9284421594,10.9494882737],[75.9285414687,10.9496310469],[75.9286607111,10.9505394291],[75.928788143,10.9505783038],[75.9295766246,10.9505003971],[75.9297542883,10.9495615983],[75.9296850446,10.9491593963],[75.9298202312,10.9483686452],[75.9296532527,10.9481741864],[75.9299383907,10.9474653293],[75.9305198401,10.9470369256],[75.9308814241,10.9471480333],[75.9313008121,10.9475417862],[75.9312190038,10.9483563259],[75.931265434,10.9486797656],[75.9309425806,10.9488816685],[75.9308960374,10.9498246524],[75.9307453436,10.9502891984],[75.9309962639,10.9507189392],[75.9310519079,10.9510184279],[75.9312594012,10.950918673],[75.9317717934,10.950944765],[75.9317624223,10.9506128767],[75.9318429886,10.9505531234],[75.9326795337,10.9494778695],[75.9327122197,10.9491180487],[75.9330116439,10.9489051383],[75.9333431627,10.9488972163],[75.9335624523,10.9488235758],[75.9335629639,10.9486432078],[75.9339923304,10.9484287118],[75.9337956711,10.9472524399],[75.9338916954,10.94672905],[75.9341001298,10.9466800301],[75.9346521907,10.9467283276],[75.9349630957,10.9464493432]]]},"properties":{"id":"tanalur-w10","ward_no":10,"ward_name":"Areekkad","ward_label":"Ward 10 – Areekkad","local_body":"Thanaloor","local_body_id":"tanalur","lsgd_type":"Grama Panchayat","source":"Delimitation Commission, Kerala — 2024 ward delimitation (wardmap.ksmart.live)","source_date":"2024-10-17","delimitation":"2024","acquired":"2026-09-30"}},{"type":"Feature","geometry":{"type":"Polygon","coordinates":[[[75.9236981588,10.9534678783],[75.9246367315,10.9540825257],[75.9253060657,10.9546268573],[75.9257141611,10.9548583496],[75.9264218625,10.9551391414],[75.9273774,10.9556947],[75.9277881618,10.9558340635],[75.9288139269,10.9559371881],[75.9295711076,10.9559498567],[75.9299652096,10.9558762268],[75.9302959659,10.9557398993],[75.9305161112,10.9555681589],[75.9302982001,10.9548797843],[75.9301300652,10.9540936514],[75.9303763477,10.9536714311],[75.9308498167,10.9535744041],[75.9309714393,10.9516579432],[75.9309589628,10.951360607],[75.9310519079,10.9510184279],[75.9309962639,10.9507189392],[75.9307453436,10.9502891984],[75.9308960374,10.9498246524],[75.9309425806,10.9488816685],[75.931265434,10.9486797656],[75.9312190038,10.9483563259],[75.9313008121,10.9475417862],[75.9308814241,10.9471480333],[75.9305198401,10.9470369256],[75.9299383907,10.9474653293],[75.9296532527,10.9481741864],[75.9298202312,10.9483686452],[75.9296850446,10.9491593963],[75.9297542883,10.9495615983],[75.9295766246,10.9505003971],[75.928788143,10.9505783038],[75.9286607111,10.9505394291],[75.9285414687,10.9496310469],[75.9284421594,10.9494882737],[75.9277332492,10.9494629956],[75.9277260788,10.949068655],[75.9277949336,10.9489105958],[75.9281696596,10.9487292385],[75.9283154416,10.9482854361],[75.9284253129,10.9470250571],[75.9280503475,10.9468827958],[75.9277749256,10.9467161934],[75.9267599826,10.946264368],[75.9268794198,10.9459149853],[75.9261888324,10.9457954804],[75.9258435976,10.9456526163],[75.9251101879,10.945412859],[75.9251013527,10.9454141203],[75.9246722952,10.9458763085],[75.9246571677,10.9464068085],[75.9245995345,10.9465362992],[75.9246327901,10.9470928333],[75.9248911665,10.9478095061],[75.9248407983,10.9483459001],[75.9257275231,10.9486903329],[75.9260695354,10.9490061321],[75.9260571455,10.9492638571],[75.9259621342,10.9494220253],[75.9262217383,10.9495645817],[75.9261916228,10.9501442651],[75.9262326197,10.9504743354],[75.9259947939,10.9510663161],[75.925815413,10.9513532174],[75.9257483542,10.9516124994],[75.9252560302,10.9526602093],[75.9251255289,10.9527682762],[75.9242718322,10.9524205052],[75.9238956575,10.9529798591],[75.9236981588,10.9534678783]]]},"properties":{"id":"tanalur-w11","ward_no":11,"ward_name":"Areekkad Nirappu","ward_label":"Ward 11 – Areekkad Nirappu","local_body":"Thanaloor","local_body_id":"tanalur","lsgd_type":"Grama Panchayat","source":"Delimitation Commission, Kerala — 2024 ward delimitation (wardmap.ksmart.live)","source_date":"2024-10-18","delimitation":"2024","acquired":"2026-09-30"}},{"type":"Feature","geometry":{"type":"Polygon","coordinates":[[[75.9099291808,10.9516366127],[75.9108582759,10.9517723],[75.9113268823,10.9520908439],[75.9144175824,10.9520902781],[75.9149938596,10.9523629689],[75.9152271781,10.9524225607],[75.9158516211,10.9522563297],[75.916485792,10.9521694176],[75.9173524439,10.9521071091],[75.9185662161,10.9518386818],[75.9192621089,10.9517462867],[75.9196904709,10.9517853078],[75.9196525122,10.9515497673],[75.9194109589,10.9508504436],[75.9193959574,10.9506631133],[75.9197776268,10.9505549917],[75.9204778088,10.9500492014],[75.9206962803,10.9500163605],[75.9208382471,10.950134426],[75.9214482867,10.9503363599],[75.9217466371,10.9503641782],[75.9222887893,10.9505214],[75.9219802741,10.9512979986],[75.922063874,10.951436402],[75.9226915084,10.951326138],[75.9229183228,10.9516349236],[75.9230289691,10.9520107802],[75.9229693494,10.9524965471],[75.9228420293,10.952821521],[75.9228433225,10.9530791823],[75.9236981588,10.9534678783],[75.9238956575,10.9529798591],[75.9242718322,10.9524205052],[75.9251255289,10.9527682762],[75.9252560302,10.9526602093],[75.9257483542,10.9516124994],[75.925815413,10.9513532174],[75.9259947939,10.9510663161],[75.9262326197,10.9504743354],[75.9261916228,10.9501442651],[75.9262217383,10.9495645817],[75.9259621342,10.9494220253],[75.9260571455,10.9492638571],[75.9260695354,10.9490061321],[75.9257275231,10.9486903329],[75.9248407983,10.9483459001],[75.9248911665,10.9478095061],[75.9246327901,10.9470928333],[75.9245995345,10.9465362992],[75.9246571677,10.9464068085],[75.9246722952,10.9458763085],[75.9237433463,10.9466306102],[75.9236491142,10.9467538618],[75.9233032302,10.9468593919],[75.9220867752,10.9470085856],[75.9211048119,10.9471585103],[75.9193941202,10.9477592178],[75.9190893429,10.9478830188],[75.9185141248,10.9485754789],[75.9182051472,10.9487620261],[75.9172994663,10.9495089236],[75.9170841057,10.9492570715],[75.9165315796,10.9497114147],[75.9164249826,10.9495692727],[75.9162479616,10.9486910541],[75.9159494681,10.9466712511],[75.9157431355,10.9459226573],[75.9154225761,10.9459882293],[75.9144104863,10.9460431072],[75.9141700639,10.9461031074],[75.9131496307,10.946265759],[75.9123675449,10.946251249],[75.9120749289,10.9462960672],[75.9118412232,10.9461855171],[75.9113829326,10.9461085795],[75.9110794223,10.9461151435],[75.9111406332,10.9465263581],[75.9111118022,10.9469230886],[75.9109065174,10.9475481109],[75.9106298627,10.948735808],[75.9104908504,10.9497034104],[75.9099291808,10.9516366127]]]},"properties":{"id":"tanalur-w12","ward_no":12,"ward_name":"Pakara South","ward_label":"Ward 12 – Pakara South","local_body":"Thanaloor","local_body_id":"tanalur","lsgd_type":"Grama Panchayat","source":"Delimitation Commission, Kerala — 2024 ward delimitation (wardmap.ksmart.live)","source_date":"2024-10-18","delimitation":"2024","acquired":"2026-09-30"}},{"type":"Feature","geometry":{"type":"Polygon","coordinates":[[[75.9246722952,10.9458763085],[75.9251013527,10.9454141203],[75.9234953182,10.9428039104],[75.9236290999,10.9427005531],[75.923418622,10.9424202103],[75.9233563992,10.9419637861],[75.9230351222,10.9411752725],[75.9215704598,10.940599653],[75.9200720998,10.9403593226],[75.9197926657,10.9404477754],[75.9196677392,10.9410824688],[75.9189238146,10.9411145645],[75.9186103032,10.9409821454],[75.9184958981,10.9408632768],[75.9175337775,10.9407921466],[75.9170038237,10.9406521594],[75.9163272272,10.9406009532],[75.9154523079,10.939881351],[75.9153605838,10.9402448843],[75.9145945132,10.940098514],[75.9145399125,10.9397372356],[75.9142143996,10.9397682533],[75.9130529697,10.9395971868],[75.9130434668,10.9392714985],[75.9116191535,10.9392970284],[75.9111988249,10.93976423],[75.9106653813,10.9410314746],[75.9105700261,10.9414648118],[75.9104484712,10.9424134018],[75.9104415913,10.9426584451],[75.91107416,10.9426358165],[75.9112935288,10.9425877835],[75.9113711945,10.9423982671],[75.9120568537,10.9425588712],[75.9124493335,10.9425985325],[75.9131720059,10.9424857375],[75.9141060371,10.9424709337],[75.914260259,10.9425089899],[75.9143350344,10.9420921621],[75.9153114279,10.9422459222],[75.9158562642,10.9422981893],[75.9157725855,10.9429669455],[75.9156255938,10.9436120443],[75.9157640692,10.9439264758],[75.9158174995,10.9442750507],[75.9158454513,10.9450654566],[75.9158296125,10.9455003913],[75.9157431355,10.9459226573],[75.9159494681,10.9466712511],[75.9162479616,10.9486910541],[75.9164249826,10.9495692727],[75.9165315796,10.9497114147],[75.9170841057,10.9492570715],[75.9172994663,10.9495089236],[75.9182051472,10.9487620261],[75.9185141248,10.9485754789],[75.9190893429,10.9478830188],[75.9193941202,10.9477592178],[75.9211048119,10.9471585103],[75.9220867752,10.9470085856],[75.9233032302,10.9468593919],[75.9236491142,10.9467538618],[75.9237433463,10.9466306102],[75.9246722952,10.9458763085]]]},"properties":{"id":"tanalur-w13","ward_no":13,"ward_name":"Meenadathur East","ward_label":"Ward 13 – Meenadathur East","local_body":"Thanaloor","local_body_id":"tanalur","lsgd_type":"Grama Panchayat","source":"Delimitation Commission, Kerala — 2024 ward delimitation (wardmap.ksmart.live)","source_date":"2024-10-19","delimitation":"2024","acquired":"2026-09-30"}},{"type":"Feature","geometry":{"type":"Polygon","coordinates":[[[75.9104415913,10.9426584451],[75.9104484712,10.9424134018],[75.9105700261,10.9414648118],[75.9106653813,10.9410314746],[75.9111988249,10.93976423],[75.9116191535,10.9392970284],[75.9130434668,10.9392714985],[75.9138295004,10.9392971508],[75.9138418237,10.9388419993],[75.9139435242,10.9380202773],[75.9134870547,10.9378090128],[75.913183781,10.937815038],[75.9133117671,10.9372585683],[75.9135365163,10.93727355],[75.9135071229,10.9367227768],[75.9128642614,10.9366535903],[75.9124841697,10.9366687829],[75.9122122015,10.936616687],[75.9121712866,10.9367928111],[75.9118515465,10.9367747297],[75.9116630539,10.9359479323],[75.9123681045,10.9358929432],[75.9126373134,10.9339174624],[75.9118883703,10.9337576717],[75.9115953579,10.9336150906],[75.9114217664,10.9331727869],[75.9112583921,10.9330857943],[75.9112665262,10.9321812784],[75.91056603,10.9318736674],[75.9101385606,10.9317542687],[75.9095875243,10.9315107791],[75.9095372791,10.9315886048],[75.9094456503,10.932022536],[75.9094600458,10.9325756818],[75.9092923921,10.9337138],[75.9093027667,10.933999903],[75.9092067212,10.9344900981],[75.9091029029,10.9347468585],[75.9094496224,10.9350356337],[75.9095128825,10.9353698209],[75.9094122846,10.9358648234],[75.9092275774,10.936275068],[75.9088193432,10.9367713758],[75.9091083151,10.9368380304],[75.9091141435,10.936969439],[75.9065511007,10.9408096323],[75.9066084068,10.9414197942],[75.9068757116,10.9414882597],[75.9070397152,10.9411164004],[75.9079382931,10.9411196162],[75.9082137573,10.9409585621],[75.9087930741,10.9409635432],[75.9088367377,10.9412316741],[75.9088064319,10.9416721002],[75.9091841413,10.9417789013],[75.90915768,10.9421646265],[75.9092055096,10.9423204337],[75.90975007,10.9424175858],[75.9103665347,10.9425935498],[75.9104415913,10.9426584451]]]},"properties":{"id":"tanalur-w14","ward_no":14,"ward_name":"Meenadathur West","ward_label":"Ward 14 – Meenadathur West","local_body":"Thanaloor","local_body_id":"tanalur","lsgd_type":"Grama Panchayat","source":"Delimitation Commission, Kerala — 2024 ward delimitation (wardmap.ksmart.live)","source_date":"2024-10-19","delimitation":"2024","acquired":"2026-09-30"}},{"type":"Feature","geometry":{"type":"Polygon","coordinates":[[[75.9042361414409,10.940878039998623],[75.9042400052,10.9412524849],[75.9040445568,10.9417892145],[75.9037056641,10.9418657619],[75.90356441,10.9421647324],[75.9034027105,10.9430752027],[75.9030755149,10.9435496655],[75.9026618697,10.9438694704],[75.9027023753,10.9443673295],[75.9026167463,10.9448892108],[75.90263395874939,10.94530323958702],[75.9024901508444,10.94561809655592],[75.9025238431,10.9457831367],[75.9015604768,10.9480713781],[75.9015691817,10.9480851487],[75.9016375399,10.9481932877],[75.9019113026,10.9481495262],[75.9047858328,10.945514002],[75.9050891464,10.9448920724],[75.9054143337,10.9444655974],[75.9055199381,10.9441871768],[75.9057276229,10.9432677963],[75.9060731769,10.9425596087],[75.906357259,10.9420775794],[75.9066084068,10.9414197942],[75.9065511007,10.9408096323],[75.9091141435,10.936969439],[75.9091083151,10.9368380304],[75.9088193432,10.9367713758],[75.9092275774,10.936275068],[75.9094122846,10.9358648234],[75.9095128825,10.9353698209],[75.9094496224,10.9350356337],[75.9091029029,10.9347468585],[75.9092067212,10.9344900981],[75.9093027667,10.933999903],[75.9092923921,10.9337138],[75.9094600458,10.9325756818],[75.9094456503,10.932022536],[75.9095372791,10.9315886048],[75.9088402504,10.9313904238],[75.9088829443,10.9308693133],[75.9085600596,10.9306559355],[75.9086402793,10.9298854343],[75.9080142041,10.9299214073],[75.9074132834,10.929922965],[75.90721792465608,10.929859683233884],[75.90717689022162,10.930236852887237],[75.9070650165,10.9307464969],[75.9069566915,10.9314819293],[75.9067868888,10.9322292747],[75.9065953301,10.9328980526],[75.9065372762,10.9333777327],[75.9064397007,10.9334727357],[75.9059060974,10.9349886231],[75.9057615097,10.9353081356],[75.90563480046166,10.935740109118468],[75.90534334902685,10.936797676920337],[75.9051731131,10.9370284571],[75.9050302083,10.9377020098],[75.9049468154,10.9383121346],[75.9046957465,10.9388003317],[75.9046417788,10.93942487],[75.904329919,10.9401687882],[75.9042418523,10.9402746559],[75.9042361414409,10.940878039998623]]]},"properties":{"id":"tanalur-w15","ward_no":15,"ward_name":"Moochikkal","ward_label":"Ward 15 – Moochikkal","local_body":"Thanaloor","local_body_id":"tanalur","lsgd_type":"Grama Panchayat","source":"Delimitation Commission, Kerala — 2024 ward delimitation (wardmap.ksmart.live)","source_date":"2024-10-19","delimitation":"2024","acquired":"2026-09-30"}},{"type":"Feature","geometry":{"type":"Polygon","coordinates":[[[75.9110794223,10.9461151435],[75.9113829326,10.9461085795],[75.9118412232,10.9461855171],[75.9120749289,10.9462960672],[75.9123675449,10.946251249],[75.9131496307,10.946265759],[75.9141700639,10.9461031074],[75.9144104863,10.9460431072],[75.9154225761,10.9459882293],[75.9157431355,10.9459226573],[75.9158296125,10.9455003913],[75.9158454513,10.9450654566],[75.9158174995,10.9442750507],[75.9157640692,10.9439264758],[75.9156255938,10.9436120443],[75.9157725855,10.9429669455],[75.9158562642,10.9422981893],[75.9153114279,10.9422459222],[75.9143350344,10.9420921621],[75.914260259,10.9425089899],[75.9141060371,10.9424709337],[75.9131720059,10.9424857375],[75.9124493335,10.9425985325],[75.9120568537,10.9425588712],[75.9113711945,10.9423982671],[75.9112935288,10.9425877835],[75.91107416,10.9426358165],[75.9104415913,10.9426584451],[75.9103665347,10.9425935498],[75.90975007,10.9424175858],[75.9092055096,10.9423204337],[75.90915768,10.9421646265],[75.9091841413,10.9417789013],[75.9088064319,10.9416721002],[75.9088367377,10.9412316741],[75.9087930741,10.9409635432],[75.9082137573,10.9409585621],[75.9079382931,10.9411196162],[75.9070397152,10.9411164004],[75.9068757116,10.9414882597],[75.9066084068,10.9414197942],[75.906357259,10.9420775794],[75.9060731769,10.9425596087],[75.9057276229,10.9432677963],[75.9055199381,10.9441871768],[75.9054143337,10.9444655974],[75.9050891464,10.9448920724],[75.9047858328,10.945514002],[75.9019113026,10.9481495262],[75.903215853,10.9478816357],[75.9032073483,10.9481650743],[75.9035731721,10.9482789756],[75.9036083846,10.9486319633],[75.9037142509,10.9487305608],[75.903581025,10.9494045832],[75.9035016587,10.9496152723],[75.9035087793,10.9499914271],[75.9039068716,10.9500948322],[75.904474457,10.9503262241],[75.9044930609,10.9506459856],[75.9048006758,10.950690965],[75.905226416,10.9508387196],[75.9061489393,10.9508883766],[75.9066674198,10.9508454233],[75.9067888237,10.950879908],[75.9068509265,10.9505657841],[75.90685185,10.9501046796],[75.9066833826,10.9499507472],[75.9066435704,10.9493784164],[75.9067145287,10.9488996159],[75.9062340798,10.9487905643],[75.9061811616,10.948476016],[75.9067068294,10.948420563],[75.9068238231,10.9478087485],[75.9074632422,10.9478806374],[75.9075025435,10.9475402656],[75.9073404327,10.9474731153],[75.9073558348,10.9470076029],[75.9108200865,10.9462809646],[75.9110794223,10.9461151435]]]},"properties":{"id":"tanalur-w16","ward_no":16,"ward_name":"Valiyapadam","ward_label":"Ward 16 – Valiyapadam","local_body":"Thanaloor","local_body_id":"tanalur","lsgd_type":"Grama Panchayat","source":"Delimitation Commission, Kerala — 2024 ward delimitation (wardmap.ksmart.live)","source_date":"2024-10-19","delimitation":"2024","acquired":"2026-09-30"}},{"type":"Feature","geometry":{"type":"Polygon","coordinates":[[[75.8996150333,10.9525612327],[75.9022071496,10.9526607234],[75.9039068102,10.9525520445],[75.9040787029,10.9524897017],[75.9057988712,10.9523999231],[75.9058005602,10.9523689883],[75.9083617462,10.9521244602],[75.9088793741,10.9517753747],[75.9092628645,10.9516533663],[75.9099054634,10.951665104],[75.9099291808,10.9516366127],[75.9104908504,10.9497034104],[75.9106298627,10.948735808],[75.9109065174,10.9475481109],[75.9111118022,10.9469230886],[75.9111406332,10.9465263581],[75.9110794223,10.9461151435],[75.9108200865,10.9462809646],[75.9073558348,10.9470076029],[75.9073404327,10.9474731153],[75.9075025435,10.9475402656],[75.9074632422,10.9478806374],[75.9068238231,10.9478087485],[75.9067068294,10.948420563],[75.9061811616,10.948476016],[75.9062340798,10.9487905643],[75.9067145287,10.9488996159],[75.9066435704,10.9493784164],[75.9066833826,10.9499507472],[75.90685185,10.9501046796],[75.9068509265,10.9505657841],[75.9067888237,10.950879908],[75.9066674198,10.9508454233],[75.9061489393,10.9508883766],[75.905226416,10.9508387196],[75.9048006758,10.950690965],[75.9044930609,10.9506459856],[75.904474457,10.9503262241],[75.9039068716,10.9500948322],[75.9035087793,10.9499914271],[75.9035016587,10.9496152723],[75.903581025,10.9494045832],[75.9037142509,10.9487305608],[75.9036083846,10.9486319633],[75.9035731721,10.9482789756],[75.9032073483,10.9481650743],[75.903215853,10.9478816357],[75.9019113026,10.9481495262],[75.9016375399,10.9481932877],[75.9015691817,10.9480851487],[75.9016281522,10.9482013409],[75.9013220718,10.9488096863],[75.900757426,10.9496975211],[75.8994432369,10.951695729],[75.8989922633,10.9523505026],[75.8989462694,10.952472227],[75.8996150333,10.9525612327]]]},"properties":{"id":"tanalur-w17","ward_no":17,"ward_name":"Tanalur","ward_label":"Ward 17 – Tanalur","local_body":"Thanaloor","local_body_id":"tanalur","lsgd_type":"Grama Panchayat","source":"Delimitation Commission, Kerala — 2024 ward delimitation (wardmap.ksmart.live)","source_date":"2024-10-19","delimitation":"2024","acquired":"2026-09-30"}},{"type":"Feature","geometry":{"type":"Polygon","coordinates":[[[75.9024901508444,10.94561809655592],[75.90238127630296,10.945653673500233],[75.9021051648,10.9455118644],[75.9015451266,10.9453091264],[75.9009900304,10.9452068591],[75.9007019077,10.945222232],[75.9000528675,10.945117025],[75.899855882,10.9450088853],[75.8991454202,10.9448621125],[75.8984825232,10.9448951572],[75.89778099846696,10.94485462654161],[75.8977612269,10.944719519],[75.89754845836255,10.944663658771795],[75.8975636051,10.9444820535],[75.8963591392754,10.944221142353944],[75.896074698,10.9441362599],[75.896012628,10.9439647253],[75.89478810992723,10.943590078902293],[75.8943734275,10.9434209172],[75.894143075,10.9438337547],[75.893854381,10.9444527827],[75.893942526,10.9447120261],[75.8939724378,10.9450383866],[75.8938442562,10.9456238322],[75.8938221278,10.9468245741],[75.8939148949,10.9470060804],[75.8937212892,10.9473341473],[75.8930250766,10.9473811742],[75.8915393011,10.9472858451],[75.8915182312,10.9478431255],[75.891623402,10.9479247081],[75.8916568316,10.9484389033],[75.8917533343,10.9489949603],[75.8921312552,10.9490126604],[75.8922737008,10.9498501423],[75.8922571914,10.9502231543],[75.8921781711,10.9503744448],[75.892321657,10.9505780617],[75.8924649825,10.9505913663],[75.893060581,10.9508597579],[75.8929463399,10.9515721287],[75.8930382748,10.9524343204],[75.8936601118,10.9524969865],[75.8941748806,10.9524864892],[75.8942753256,10.9523132654],[75.8944293319,10.9523308151],[75.8948477077,10.9517237293],[75.8952404157,10.9517243056],[75.8955573,10.951817],[75.8956793123,10.9516616029],[75.8957324758,10.9512925517],[75.8958921399,10.9512703688],[75.8965926725,10.951450971],[75.8977486691,10.9518220199],[75.8977571259,10.9519571136],[75.8979760066,10.9520961132],[75.8988113075,10.9523283256],[75.8989922633,10.9523505026],[75.8994432369,10.951695729],[75.900757426,10.9496975211],[75.9013220718,10.9488096863],[75.9016281522,10.9482013409],[75.9015691817,10.9480851487],[75.9015604768,10.9480713781],[75.9025238431,10.9457831367],[75.9024901508444,10.94561809655592]]]},"properties":{"id":"tanalur-w18","ward_no":18,"ward_name":"Vattathani","ward_label":"Ward 18 – Vattathani","local_body":"Thanaloor","local_body_id":"tanalur","lsgd_type":"Grama Panchayat","source":"Delimitation Commission, Kerala — 2024 ward delimitation (wardmap.ksmart.live)","source_date":"2024-10-20","delimitation":"2024","acquired":"2026-09-30"}},{"type":"Feature","geometry":{"type":"Polygon","coordinates":[[[75.8897516228,10.9565990419],[75.8901440124,10.9568713863],[75.8906892156,10.9569177068],[75.891212578,10.9571240446],[75.8913391229,10.9573679289],[75.8911394998,10.9578079905],[75.8911399101,10.9579976049],[75.8914735872,10.9580395508],[75.8915153858,10.9578144504],[75.89180509,10.9576143326],[75.8925008707,10.9578083933],[75.8928970235,10.9580316573],[75.8937005187,10.9583982764],[75.8944256978,10.9586264631],[75.8946433884,10.9586531058],[75.895260173,10.9578282688],[75.8960330615,10.9580122921],[75.8952207053,10.9600764019],[75.896101391,10.9603704639],[75.8968683281,10.9604910349],[75.897128875,10.9600735069],[75.8971764919,10.9593636016],[75.8971583567,10.9588347192],[75.8973716614,10.9582608684],[75.8979370674,10.958392897],[75.8979840906,10.9581738817],[75.8981846587,10.957683895],[75.8984781046,10.9571010068],[75.898473271,10.9565913946],[75.8985574205,10.9561057181],[75.8989373749,10.9545693106],[75.8995143958,10.9545760126],[75.8996047447,10.9537267729],[75.8996572541,10.9536030582],[75.8997555094,10.9528561354],[75.899594546,10.9528536189],[75.8996150333,10.9525612327],[75.8989462694,10.952472227],[75.8989922633,10.9523505026],[75.8988113075,10.9523283256],[75.8979760066,10.9520961132],[75.8977571259,10.9519571136],[75.8977486691,10.9518220199],[75.8965926725,10.951450971],[75.8958921399,10.9512703688],[75.8957324758,10.9512925517],[75.8956793123,10.9516616029],[75.8955573,10.951817],[75.8952404157,10.9517243056],[75.8948477077,10.9517237293],[75.8944293319,10.9523308151],[75.8942753256,10.9523132654],[75.8941748806,10.9524864892],[75.8936601118,10.9524969865],[75.893479934,10.9525926067],[75.8927440134,10.9525597106],[75.8921115786,10.952596919],[75.892083078,10.9522639293],[75.8919401191,10.9518992996],[75.8911477957,10.9518813764],[75.8910253164,10.9519943953],[75.8907656471,10.9519423029],[75.8906761158,10.9521260726],[75.890620191,10.9531655649],[75.8906784514,10.9533881236],[75.8905459979,10.9541310364],[75.8902839434,10.9547805303],[75.8902375177,10.9549798296],[75.8896859868,10.9564011407],[75.8897516228,10.9565990419]]]},"properties":{"id":"tanalur-w19","ward_no":19,"ward_name":"Kampanipadi","ward_label":"Ward 19 – Kampanipadi","local_body":"Thanaloor","local_body_id":"tanalur","lsgd_type":"Grama Panchayat","source":"Delimitation Commission, Kerala — 2024 ward delimitation (wardmap.ksmart.live)","source_date":"2024-10-20","delimitation":"2024","acquired":"2026-09-30"}},{"type":"Feature","geometry":{"type":"Polygon","coordinates":[[[75.8936601118,10.9524969865],[75.8930382748,10.9524343204],[75.8929463399,10.9515721287],[75.893060581,10.9508597579],[75.8924649825,10.9505913663],[75.892321657,10.9505780617],[75.8921781711,10.9503744448],[75.8922571914,10.9502231543],[75.8922737008,10.9498501423],[75.8921312552,10.9490126604],[75.8917533343,10.9489949603],[75.8916568316,10.9484389033],[75.891623402,10.9479247081],[75.8915182312,10.9478431255],[75.8915393011,10.9472858451],[75.8904789434,10.947049082],[75.8896950309,10.9469507296],[75.8891542046,10.9469996252],[75.8885886334,10.9469518516],[75.8881485468,10.9467602481],[75.8880120522,10.9467748677],[75.8878941913,10.9477014496],[75.8879336694,10.9477946462],[75.8877473419,10.9485101128],[75.8875295745,10.9485244297],[75.8873442775,10.9489807956],[75.8871317862,10.9505146618],[75.8873246075,10.9506774065],[75.8872017807,10.951339833],[75.8869086172,10.9513080788],[75.8867329541,10.952220334],[75.8866800963,10.9530423713],[75.8865445053,10.9534388086],[75.8853707093,10.9533506686],[75.8849320698,10.9533812307],[75.8845886963,10.9532821256],[75.8844162814,10.9541814906],[75.8841510736,10.9552281047],[75.8841610562,10.9553704789],[75.8855512368,10.9553320406],[75.8858756276,10.9555875136],[75.8863871269,10.9557191699],[75.8872018031,10.9559703015],[75.8879082402,10.9560199216],[75.8880844809,10.9558901444],[75.8891137373,10.956140967],[75.8892753557,10.9563104086],[75.8896859868,10.9564011407],[75.8902375177,10.9549798296],[75.8902839434,10.9547805303],[75.8905459979,10.9541310364],[75.8906784514,10.9533881236],[75.890620191,10.9531655649],[75.8906761158,10.9521260726],[75.8907656471,10.9519423029],[75.8910253164,10.9519943953],[75.8911477957,10.9518813764],[75.8919401191,10.9518992996],[75.892083078,10.9522639293],[75.8921115786,10.952596919],[75.8927440134,10.9525597106],[75.893479934,10.9525926067],[75.8936601118,10.9524969865]]]},"properties":{"id":"tanalur-w20","ward_no":20,"ward_name":"Puthukulangara","ward_label":"Ward 20 – Puthukulangara","local_body":"Thanaloor","local_body_id":"tanalur","lsgd_type":"Grama Panchayat","source":"Delimitation Commission, Kerala — 2024 ward delimitation (wardmap.ksmart.live)","source_date":"2024-10-20","delimitation":"2024","acquired":"2026-09-30"}},{"type":"Feature","geometry":{"type":"Polygon","coordinates":[[[75.8821190017,10.941915287],[75.88153609318205,10.941890637026379],[75.88067065710722,10.944064007328818],[75.8806445025,10.9441905679],[75.8812174081,10.9444401914],[75.8822328388,10.9448265269],[75.8827532865,10.9449988395],[75.8835071931,10.9450801216],[75.8836003561,10.9456193915],[75.8866719072,10.94599351],[75.8866345225,10.9465188451],[75.8879408182,10.9466964189],[75.8880120522,10.9467748677],[75.8881485468,10.9467602481],[75.8885886334,10.9469518516],[75.8891542046,10.9469996252],[75.8896950309,10.9469507296],[75.8904789434,10.947049082],[75.8915393011,10.9472858451],[75.8930250766,10.9473811742],[75.8937212892,10.9473341473],[75.8939148949,10.9470060804],[75.8938221278,10.9468245741],[75.8938442562,10.9456238322],[75.8939724378,10.9450383866],[75.893942526,10.9447120261],[75.893854381,10.9444527827],[75.894143075,10.9438337547],[75.8943734275,10.9434209172],[75.89478810992723,10.943590078902293],[75.894381748,10.9433748625],[75.8938805799,10.9426102279],[75.8933382053,10.9424594127],[75.8927172626,10.9426017194],[75.8922600953,10.9426269859],[75.8915770293,10.9427421213],[75.8904833794,10.9428799969],[75.8896572194,10.9429340977],[75.8894437426,10.9429085246],[75.8885180836,10.9425584],[75.88849389022442,10.942513310045522],[75.8876494289,10.942144837],[75.887358122,10.9421187868],[75.8867307764,10.9422528658],[75.8836759987,10.9420981991],[75.8821190017,10.941915287]]]},"properties":{"id":"tanalur-w21","ward_no":21,"ward_name":"Pattaruparambu","ward_label":"Ward 21 – Pattaruparambu","local_body":"Thanaloor","local_body_id":"tanalur","lsgd_type":"Grama Panchayat","source":"Delimitation Commission, Kerala — 2024 ward delimitation (wardmap.ksmart.live)","source_date":"2024-10-20","delimitation":"2024","acquired":"2026-09-30"}},{"type":"Feature","geometry":{"type":"Polygon","coordinates":[[[75.8845886963,10.9532821256],[75.8849320698,10.9533812307],[75.8853707093,10.9533506686],[75.8865445053,10.9534388086],[75.8866800963,10.9530423713],[75.8867329541,10.952220334],[75.8869086172,10.9513080788],[75.8872017807,10.951339833],[75.8873246075,10.9506774065],[75.8871317862,10.9505146618],[75.8873442775,10.9489807956],[75.8875295745,10.9485244297],[75.8877473419,10.9485101128],[75.8879336694,10.9477946462],[75.8878941913,10.9477014496],[75.8880120522,10.9467748677],[75.8879408182,10.9466964189],[75.8866345225,10.9465188451],[75.8866719072,10.94599351],[75.8836003561,10.9456193915],[75.8835071931,10.9450801216],[75.8827532865,10.9449988395],[75.8822328388,10.9448265269],[75.8812174081,10.9444401914],[75.8806445025,10.9441905679],[75.8800611518,10.945656368],[75.87978222957656,10.947222850914528],[75.8796482566,10.9479230176],[75.8793998485,10.947916158],[75.8793895284,10.9481255075],[75.8794860514,10.9490741416],[75.8791434188,10.9499298126],[75.8788518052,10.9500798201],[75.87889583961777,10.95070536971161],[75.8785186379,10.9517911552],[75.8786285296,10.9528047435],[75.8786279425,10.9535437909],[75.87885202862883,10.953525805412777],[75.8788559379152,10.953525276986305],[75.8788602151,10.9535254686],[75.8798041921,10.953594213],[75.8807573551,10.9536216327],[75.8807656345,10.9539561312],[75.8809119032,10.9540310101],[75.8817552851,10.9541068465],[75.8817650767,10.9532096514],[75.8819497853,10.9531337739],[75.8820916309,10.9524688551],[75.8822280962,10.9519958001],[75.8822731433,10.951664787],[75.8834309404,10.9519528227],[75.8835341763,10.952173106],[75.8843426842,10.9522543378],[75.884828323,10.9523318983],[75.884828783,10.9526063317],[75.8845886963,10.9532821256]]]},"properties":{"id":"tanalur-w22","ward_no":22,"ward_name":"Thadipadi","ward_label":"Ward 22 – Thadipadi","local_body":"Thanaloor","local_body_id":"tanalur","lsgd_type":"Grama Panchayat","source":"Delimitation Commission, Kerala — 2024 ward delimitation (wardmap.ksmart.live)","source_date":"2024-10-21","delimitation":"2024","acquired":"2026-09-30"}},{"type":"Feature","geometry":{"type":"Polygon","coordinates":[[[75.8765536965,10.961047929],[75.8768950069,10.9611966291],[75.877317422,10.9613110977],[75.8773867406,10.9614087137],[75.8777595195,10.9615727777],[75.8787074761,10.9618492296],[75.8793290814,10.9620749519],[75.8796673445,10.9622457719],[75.880467134,10.962250952],[75.8807131104,10.9620682922],[75.8826169471,10.9622420828],[75.8827432766,10.9622325032],[75.8827568196,10.9619155935],[75.8829589523,10.9612665207],[75.8832474703,10.9597105776],[75.8833429598,10.9593121304],[75.8834028304,10.9585983706],[75.8835134448,10.95797589],[75.883530278,10.9575360751],[75.883693142,10.9570184733],[75.8841610562,10.9553704789],[75.8841510736,10.9552281047],[75.8844162814,10.9541814906],[75.8845886963,10.9532821256],[75.884828783,10.9526063317],[75.884828323,10.9523318983],[75.8843426842,10.9522543378],[75.8835341763,10.952173106],[75.8834309404,10.9519528227],[75.8822731433,10.951664787],[75.8822280962,10.9519958001],[75.8820916309,10.9524688551],[75.8819497853,10.9531337739],[75.8817650767,10.9532096514],[75.8817552851,10.9541068465],[75.8809119032,10.9540310101],[75.8807656345,10.9539561312],[75.8807573551,10.9536216327],[75.8798041921,10.953594213],[75.8788602151,10.9535254686],[75.8788559379152,10.953525276986305],[75.87885202862883,10.953525805412777],[75.87867666146593,10.954240866144506],[75.87788034520528,10.956791271971017],[75.8773956379,10.9571104899],[75.8767573812,10.9592654863],[75.8763583801,10.9609838117],[75.8765536965,10.961047929]]]},"properties":{"id":"tanalur-w23","ward_no":23,"ward_name":"Kundungal","ward_label":"Ward 23 – Kundungal","local_body":"Thanaloor","local_body_id":"tanalur","lsgd_type":"Grama Panchayat","source":"Delimitation Commission, Kerala — 2024 ward delimitation (wardmap.ksmart.live)","source_date":"2024-10-21","delimitation":"2024","acquired":"2026-09-30"}},{"type":"Feature","geometry":{"type":"Polygon","coordinates":[[[75.8826169471,10.9622420828],[75.8828017218,10.9623929484],[75.8827223646,10.9631402654],[75.8827527101,10.9632556586],[75.8836885841,10.9635176559],[75.8840096265,10.9637995361],[75.8837925693,10.9647556255],[75.8839303495,10.9648268353],[75.8854062692,10.9650132905],[75.8852634911,10.9655744145],[75.8852881417,10.9658315309],[75.8858284428,10.9657472154],[75.8862709813,10.9656216793],[75.8865441525,10.9653066695],[75.8874777089,10.964697939],[75.8881042413,10.9645427423],[75.8882892305,10.9642519588],[75.8882862504,10.9640424844],[75.8886749375,10.9632797528],[75.8889291622,10.9626475944],[75.8890007552,10.9620475822],[75.8888646304,10.961928112],[75.8893085016,10.961545813],[75.8894520098,10.9609461873],[75.889453577,10.9607096709],[75.8896733667,10.9599087504],[75.8896847852,10.9591347616],[75.8893772654,10.958989075],[75.8894245722,10.9584978728],[75.8893575057,10.9580959065],[75.8895275835,10.9576356412],[75.8895340366,10.9572870317],[75.8897516228,10.9565990419],[75.8896859868,10.9564011407],[75.8892753557,10.9563104086],[75.8891137373,10.956140967],[75.8880844809,10.9558901444],[75.8879082402,10.9560199216],[75.8872018031,10.9559703015],[75.8863871269,10.9557191699],[75.8858756276,10.9555875136],[75.8855512368,10.9553320406],[75.8841610562,10.9553704789],[75.883693142,10.9570184733],[75.883530278,10.9575360751],[75.8835134448,10.95797589],[75.8834028304,10.9585983706],[75.8833429598,10.9593121304],[75.8832474703,10.9597105776],[75.8829589523,10.9612665207],[75.8827568196,10.9619155935],[75.8827432766,10.9622325032],[75.8826169471,10.9622420828]]]},"properties":{"id":"tanalur-w24","ward_no":24,"ward_name":"Keraladeeswarapuram","ward_label":"Ward 24 – Keraladeeswarapuram","local_body":"Thanaloor","local_body_id":"tanalur","lsgd_type":"Grama Panchayat","source":"Delimitation Commission, Kerala — 2024 ward delimitation (wardmap.ksmart.live)","source_date":"2024-10-21","delimitation":"2024","acquired":"2026-09-30"}},{"type":"Feature","geometry":{"type":"Polygon","coordinates":[[[75.8611218411,11.0032540375],[75.8606901354,11.0047830869],[75.8602863128,11.006087194],[75.8599878275,11.0069523936],[75.8587860586,11.0118390428],[75.8582428177,11.0140764846],[75.8576382046,11.0166595022],[75.8570089364,11.0189276304],[75.8568034861,11.0195195431],[75.8598547885,11.0192779021],[75.86005292,11.0192547065],[75.8606799416,11.0183258407],[75.8609790625,11.0174557815],[75.8614220161,11.0157388218],[75.8616846961,11.0143204978],[75.8626671805,11.0125566904],[75.8629677418,11.0109989841],[75.8629406956,11.0096945788],[75.8626002663,11.0086114008],[75.862660524,11.0072025948],[75.863797741,11.0061470962],[75.8622700501,11.0056939428],[75.8622277009,11.0055801662],[75.8619377595,11.0054962014],[75.862450744,11.0036399218],[75.8611218411,11.0032540375]]]},"properties":{"id":"tanur-w1","ward_no":1,"ward_name":"Ottumpuram","ward_label":"Ward 1 – Ottumpuram","local_body":"Tanur","local_body_id":"tanur","lsgd_type":"Municipality","source":"Delimitation Commission, Kerala — 2024 ward delimitation (wardmap.ksmart.live)","source_date":"2024-10-17","delimitation":"2024","acquired":"2026-09-30"}},{"type":"Feature","geometry":{"type":"Polygon","coordinates":[[[75.863797741,11.0061470962],[75.862660524,11.0072025948],[75.8626002663,11.0086114008],[75.8629406956,11.0096945788],[75.8629677418,11.0109989841],[75.8626671805,11.0125566904],[75.8616846961,11.0143204978],[75.8614220161,11.0157388218],[75.8609790625,11.0174557815],[75.8606799416,11.0183258407],[75.86005292,11.0192547065],[75.8604346209,11.0199418926],[75.8612195145,11.0209415491],[75.8615004444,11.02115415],[75.8625704365,11.0214236408],[75.8629861044,11.0213805665],[75.8633386425,11.0214368771],[75.8635027729,11.0213054265],[75.8636141559,11.0208873821],[75.8639043354,11.018799146],[75.8642371503,11.0174394849],[75.8662062123,11.0177187865],[75.8682565181,11.0178133664],[75.8701963639,11.0178030928],[75.8704090209,11.0168679578],[75.8708447568,11.015208249],[75.8713917077,11.0134384629],[75.871778663,11.012235311],[75.871912899,11.0117485722],[75.8718788264,11.0115318064],[75.871122558,11.0113435446],[75.8709241313,11.0112550547],[75.8704427462,11.0111636838],[75.8697491794,11.0109892354],[75.869636431,11.0108661656],[75.8697812038,11.0106043773],[75.8692904124,11.0104026967],[75.8688638336,11.0102722965],[75.8694050177,11.0090771081],[75.8695648652,11.0085039479],[75.8696851212,11.007886666],[75.8697622394,11.0072306055],[75.8700261132,11.006208588],[75.8701345392,11.0058653309],[75.8700069914,11.0057772233],[75.8690525922,11.005512481],[75.8676638545,11.0052057332],[75.8673054783,11.0062039497],[75.8671113432,11.0065798677],[75.8666503102,11.0065760911],[75.8663335177,11.0063170983],[75.8648242476,11.0055513768],[75.864487202,11.0055071733],[75.863797741,11.0061470962]]]},"properties":{"id":"tanur-w2","ward_no":2,"ward_name":"Pariyapuram","ward_label":"Ward 2 – Pariyapuram","local_body":"Tanur","local_body_id":"tanur","lsgd_type":"Municipality","source":"Delimitation Commission, Kerala — 2024 ward delimitation (wardmap.ksmart.live)","source_date":"2024-10-18","delimitation":"2024","acquired":"2026-09-30"}},{"type":"Feature","geometry":{"type":"Polygon","coordinates":[[[75.8718788264,11.0115318064],[75.871912899,11.0117485722],[75.871778663,11.012235311],[75.8713917077,11.0134384629],[75.8708447568,11.015208249],[75.8704090209,11.0168679578],[75.8701963639,11.0178030928],[75.8715239074,11.017974977],[75.8730308155,11.018071398],[75.8751942366,11.0181733609],[75.875300811,11.0171008468],[75.8755681806,11.0171377601],[75.8756934192,11.0162202119],[75.8757092841,11.0156250895],[75.8761328253,11.0156843842],[75.876317321,11.0147083997],[75.8755595421,11.014655798],[75.8747322673,11.0143992065],[75.8741112044,11.0143394725],[75.8739109105,11.0142728471],[75.8739627001,11.0138800511],[75.87419645,11.0137397592],[75.8742413821,11.0133774302],[75.8745921613,11.0119475842],[75.874719494,11.0110880146],[75.8747332237,11.010426984],[75.8748659042,11.0099467477],[75.8748742968,11.0096053694],[75.8749837088,11.0089979071],[75.8753018797,11.0077418329],[75.875441027,11.007334775],[75.8751343286,11.0072941739],[75.8748331924,11.0071457454],[75.8744540379,11.0070665855],[75.8744376771,11.0068219137],[75.8746692119,11.0060013079],[75.8745077449,11.0059254402],[75.8738742648,11.0057734935],[75.8730826686,11.0053868185],[75.8729655479,11.00584186],[75.8729357793,11.0064677803],[75.8725169196,11.00782194],[75.8722009577,11.0087862131],[75.872133852,11.0095286853],[75.8718252786,11.0109239228],[75.8717926381,11.0112344553],[75.8718788264,11.0115318064]]]},"properties":{"id":"tanur-w3","ward_no":3,"ward_name":"Olappeedika","ward_label":"Ward 3 – Olappeedika","local_body":"Tanur","local_body_id":"tanur","lsgd_type":"Municipality","source":"Delimitation Commission, Kerala — 2024 ward delimitation (wardmap.ksmart.live)","source_date":"2024-10-21","delimitation":"2024","acquired":"2026-09-30"}},{"type":"Feature","geometry":{"type":"Polygon","coordinates":[[[75.874719494,11.0110880146],[75.8745921613,11.0119475842],[75.8742413821,11.0133774302],[75.87419645,11.0137397592],[75.8739627001,11.0138800511],[75.8739109105,11.0142728471],[75.8741112044,11.0143394725],[75.8747322673,11.0143992065],[75.8755595421,11.014655798],[75.876317321,11.0147083997],[75.8761328253,11.0156843842],[75.8757092841,11.0156250895],[75.8756934192,11.0162202119],[75.8755681806,11.0171377601],[75.875300811,11.0171008468],[75.8751942366,11.0181733609],[75.8756726903,11.018196683],[75.8790333507,11.0188931819],[75.8837676556,11.0203447174],[75.8854645535,11.0208157027],[75.8882715773,11.0216767544],[75.8898189901,11.0220818365],[75.8901146911,11.0221178121],[75.8903990261,11.022037044],[75.8904300241,11.0217548046],[75.8903331215,11.0212336425],[75.8902615135,11.0205353737],[75.8901263642,11.0198891325],[75.8899644086,11.0193266995],[75.8898335726,11.0186930379],[75.8896024275,11.0181481553],[75.8891562331,11.0173078471],[75.8888845913,11.0167494594],[75.8882842651,11.0160130555],[75.8881905073,11.0157294317],[75.8881162853,11.0151664057],[75.8880459778,11.0141186499],[75.8886448429,11.0134714824],[75.8891983692,11.0130149469],[75.8903977232,11.0123216244],[75.8900613278,11.0114332938],[75.8902293401,11.0113057268],[75.8900457824,11.0108136125],[75.889871184,11.0107322677],[75.8898480732,11.0105702635],[75.8896017482,11.0107700729],[75.8888434594,11.011076704],[75.8885049752,11.0111439416],[75.8881901295,11.0113073976],[75.8879392144,11.0113309369],[75.8869510659,11.0114326768],[75.8865616851,11.0113824828],[75.8861349403,11.0112314026],[75.8858053361,11.0110164502],[75.8857552566,11.010776019],[75.884545081,11.0105778596],[75.8839222899,11.0104326057],[75.8837969122,11.0107481811],[75.8834069226,11.0108067432],[75.8830484834,11.0109487549],[75.8816951965,11.0111692285],[75.8815700188,11.0115085365],[75.8809853962,11.0117964661],[75.880905497,11.0119991802],[75.8805133216,11.0120518871],[75.8797480169,11.0118814316],[75.8794058967,11.0117432305],[75.8787772451,11.0117671321],[75.8784903556,11.0118636373],[75.8758461479,11.0112342497],[75.874719494,11.0110880146]]]},"properties":{"id":"tanur-w4","ward_no":4,"ward_name":"Malidweep","ward_label":"Ward 4 – Malidweep","local_body":"Tanur","local_body_id":"tanur","lsgd_type":"Municipality","source":"Delimitation Commission, Kerala — 2024 ward delimitation (wardmap.ksmart.live)","source_date":"2024-10-21","delimitation":"2024","acquired":"2026-09-30"}},{"type":"Feature","geometry":{"type":"Polygon","coordinates":[[[75.875441027,11.007334775],[75.8753018797,11.0077418329],[75.8749837088,11.0089979071],[75.8748742968,11.0096053694],[75.8748659042,11.0099467477],[75.8747332237,11.010426984],[75.874719494,11.0110880146],[75.8758461479,11.0112342497],[75.8784903556,11.0118636373],[75.8787772451,11.0117671321],[75.8794058967,11.0117432305],[75.8797480169,11.0118814316],[75.8805133216,11.0120518871],[75.880905497,11.0119991802],[75.8809853962,11.0117964661],[75.8815700188,11.0115085365],[75.8816951965,11.0111692285],[75.8830484834,11.0109487549],[75.8834069226,11.0108067432],[75.8837969122,11.0107481811],[75.8839222899,11.0104326057],[75.884545081,11.0105778596],[75.8857552566,11.010776019],[75.8858053361,11.0110164502],[75.8861349403,11.0112314026],[75.8865616851,11.0113824828],[75.8869510659,11.0114326768],[75.8879392144,11.0113309369],[75.8878484099,11.0105675738],[75.8878476422,11.0100543461],[75.8880618878,11.0100436237],[75.8881325292,11.0097179497],[75.8881471982,11.0090865395],[75.8882325823,11.0087202846],[75.8887966085,11.0089634634],[75.8889850692,11.0089766146],[75.8891298715,11.0085493921],[75.889203859,11.008052896],[75.8891521402,11.0071292418],[75.8888432585,11.0065838785],[75.8888110317,11.0061058492],[75.8882677976,11.0066356928],[75.8879426933,11.0068033395],[75.887526905,11.0072270144],[75.8871988053,11.0076533315],[75.886987746,11.007796597],[75.886442652,11.0080648288],[75.8855354542,11.008369015],[75.8850555757,11.0083601488],[75.8843884609,11.0082639507],[75.8841543522,11.0079099917],[75.8840906993,11.0076158801],[75.8837947208,11.0075320439],[75.8836713179,11.0072989284],[75.8824021982,11.0071855458],[75.8817755082,11.0070952487],[75.8812209773,11.0070791604],[75.8807418765,11.007064839],[75.8793732681,11.0071844417],[75.8791413149,11.0072804955],[75.8784271649,11.0073866657],[75.878057799,11.0074041051],[75.878000292,11.006880993],[75.8778591042,11.0063506336],[75.8775965865,11.0057720538],[75.8769503035,11.00572972],[75.8768674006,11.0057910119],[75.8765181414,11.006598628],[75.8761678722,11.0066378217],[75.8759680605,11.007463814],[75.875441027,11.007334775]]]},"properties":{"id":"tanur-w5","ward_no":5,"ward_name":"Attillam","ward_label":"Ward 5 – Attillam","local_body":"Tanur","local_body_id":"tanur","lsgd_type":"Municipality","source":"Delimitation Commission, Kerala — 2024 ward delimitation (wardmap.ksmart.live)","source_date":"2024-10-21","delimitation":"2024","acquired":"2026-09-30"}},{"type":"Feature","geometry":{"type":"Polygon","coordinates":[[[75.8738742648,11.0057734935],[75.8745077449,11.0059254402],[75.8746692119,11.0060013079],[75.8744376771,11.0068219137],[75.8744540379,11.0070665855],[75.8748331924,11.0071457454],[75.8751343286,11.0072941739],[75.875441027,11.007334775],[75.8759680605,11.007463814],[75.8761678722,11.0066378217],[75.8765181414,11.006598628],[75.8768674006,11.0057910119],[75.8769503035,11.00572972],[75.8775965865,11.0057720538],[75.8778591042,11.0063506336],[75.878000292,11.006880993],[75.878057799,11.0074041051],[75.8784271649,11.0073866657],[75.8791413149,11.0072804955],[75.8793732681,11.0071844417],[75.8807418765,11.007064839],[75.8812209773,11.0070791604],[75.8812450452,11.0068140527],[75.8811968864,11.0061423026],[75.8813083477,11.0051094015],[75.8817690836,11.0051524863],[75.8827644705,11.0050820547],[75.8826049895,11.0046403683],[75.8824434661,11.0038390895],[75.8820725051,11.0032625003],[75.8818808061,11.0026356349],[75.8829964754,11.0022253661],[75.8831268477,11.002538251],[75.8833214207,11.0024443501],[75.8844444881,11.0026714415],[75.8844553854,11.0027777142],[75.885031848,11.0028651154],[75.885686637,11.0030075464],[75.8859218859,11.0030942301],[75.8870601734,11.003046063],[75.8871069514,11.0029829924],[75.8871671767,11.0019629321],[75.8865588298,11.002012602],[75.8862027903,11.0019711679],[75.8856325718,11.0018133799],[75.8852314779,11.0016528174],[75.8847570587,11.0015255038],[75.8842838493,11.0014646231],[75.8834604052,11.0015187577],[75.8832899093,11.0013537477],[75.8833357345,11.0001922439],[75.883117608,11.0003367839],[75.8826762172,11.0004494799],[75.8816542775,11.0007271455],[75.8810710017,11.0006685206],[75.880985564,11.000914873],[75.8807408767,11.0010665292],[75.88069895,11.0022918226],[75.8805152023,11.0023683308],[75.8794826982,11.0023251509],[75.8790107148,11.0022789601],[75.8785504186,11.0020930687],[75.8782408868,11.0020534175],[75.8779913307,11.0021974517],[75.8778662706,11.0024250185],[75.8774497425,11.0025809965],[75.8770498563,11.0027850259],[75.876688222,11.0028261952],[75.8765719022,11.0026979435],[75.8765207093,11.0023466264],[75.8760972943,11.0024053982],[75.8759351282,11.0023482167],[75.8755287014,11.0025349789],[75.875049795,11.0021214099],[75.8746731845,11.0019544051],[75.8743200235,11.0036329505],[75.8739987966,11.0050890855],[75.8738742648,11.0057734935]]]},"properties":{"id":"tanur-w6","ward_no":6,"ward_name":"Kunnumpuram North","ward_label":"Ward 6 – Kunnumpuram North","local_body":"Tanur","local_body_id":"tanur","lsgd_type":"Municipality","source":"Delimitation Commission, Kerala — 2024 ward delimitation (wardmap.ksmart.live)","source_date":"2024-10-21","delimitation":"2024","acquired":"2026-09-30"}},{"type":"Feature","geometry":{"type":"Polygon","coordinates":[[[75.8879392144,11.0113309369],[75.8881901295,11.0113073976],[75.8885049752,11.0111439416],[75.8888434594,11.011076704],[75.8896017482,11.0107700729],[75.8898480732,11.0105702635],[75.8904000277,11.0103346167],[75.8904036833,11.0101433588],[75.8906998842,11.0096763935],[75.891253732,11.0090714921],[75.8914869613,11.0087487549],[75.8917021009,11.008051475],[75.8916602514,11.0076143905],[75.8913960861,11.0071041615],[75.8909187515,11.0066843007],[75.8906404119,11.0063565489],[75.8905235497,11.0060792639],[75.8907443872,11.0054678764],[75.8913826982,11.0049060786],[75.8920303691,11.0043897095],[75.892295466,11.0043267972],[75.892335546,11.0042038148],[75.892065344,11.0039392258],[75.8915467438,11.0036567398],[75.8911668973,11.0034975918],[75.8900727562,11.0027898115],[75.8896323014,11.0026117174],[75.8897651045,11.0016637244],[75.8900128997,11.0005423961],[75.8896310905,11.0004924002],[75.8893549196,11.0005261187],[75.889062693,11.0003512902],[75.8887010332,11.0002788473],[75.8883610529,11.0000984488],[75.888025276,11.000088904],[75.8880662333,11.000934734],[75.8879670195,11.0017433968],[75.8871671767,11.0019629321],[75.8871069514,11.0029829924],[75.8870601734,11.003046063],[75.8859218859,11.0030942301],[75.885686637,11.0030075464],[75.885031848,11.0028651154],[75.8844553854,11.0027777142],[75.8844444881,11.0026714415],[75.8833214207,11.0024443501],[75.8831268477,11.002538251],[75.8829964754,11.0022253661],[75.8818808061,11.0026356349],[75.8820725051,11.0032625003],[75.8824434661,11.0038390895],[75.8826049895,11.0046403683],[75.8827644705,11.0050820547],[75.8817690836,11.0051524863],[75.8813083477,11.0051094015],[75.8811968864,11.0061423026],[75.8812450452,11.0068140527],[75.8812209773,11.0070791604],[75.8817755082,11.0070952487],[75.8824021982,11.0071855458],[75.8836713179,11.0072989284],[75.8837947208,11.0075320439],[75.8840906993,11.0076158801],[75.8841543522,11.0079099917],[75.8843884609,11.0082639507],[75.8850555757,11.0083601488],[75.8855354542,11.008369015],[75.886442652,11.0080648288],[75.886987746,11.007796597],[75.8871988053,11.0076533315],[75.887526905,11.0072270144],[75.8879426933,11.0068033395],[75.8882677976,11.0066356928],[75.8888110317,11.0061058492],[75.8888432585,11.0065838785],[75.8891521402,11.0071292418],[75.889203859,11.008052896],[75.8891298715,11.0085493921],[75.8889850692,11.0089766146],[75.8887966085,11.0089634634],[75.8882325823,11.0087202846],[75.8881471982,11.0090865395],[75.8881325292,11.0097179497],[75.8880618878,11.0100436237],[75.8878476422,11.0100543461],[75.8878484099,11.0105675738],[75.8879392144,11.0113309369]]]},"properties":{"id":"tanur-w7","ward_no":7,"ward_name":"Moria","ward_label":"Ward 7 – Moria","local_body":"Tanur","local_body_id":"tanur","lsgd_type":"Municipality","source":"Delimitation Commission, Kerala — 2024 ward delimitation (wardmap.ksmart.live)","source_date":"2024-10-21","delimitation":"2024","acquired":"2026-09-30"}},{"type":"Feature","geometry":{"type":"Polygon","coordinates":[[[75.8746731845,11.0019544051],[75.875049795,11.0021214099],[75.8755287014,11.0025349789],[75.8759351282,11.0023482167],[75.8760972943,11.0024053982],[75.8765207093,11.0023466264],[75.8765719022,11.0026979435],[75.876688222,11.0028261952],[75.8770498563,11.0027850259],[75.8774497425,11.0025809965],[75.8778662706,11.0024250185],[75.8779913307,11.0021974517],[75.8782408868,11.0020534175],[75.8785504186,11.0020930687],[75.8790107148,11.0022789601],[75.8794826982,11.0023251509],[75.8805152023,11.0023683308],[75.88069895,11.0022918226],[75.8807408767,11.0010665292],[75.880985564,11.000914873],[75.8810710017,11.0006685206],[75.8816542775,11.0007271455],[75.8826762172,11.0004494799],[75.8825592474,11.0000482929],[75.8823112893,10.999608709],[75.8822701484,10.9993802515],[75.8820757404,10.9992878224],[75.8822904682,10.9989167489],[75.8823565665,10.9986152854],[75.8823802948,10.997934046],[75.8824768092,10.9976088302],[75.8829261305,10.9968801428],[75.8830244576,10.9964499137],[75.8830247326,10.9961495728],[75.8825485848,10.9959622687],[75.8825387086,10.9957643103],[75.8827603312,10.9937788638],[75.882755446,10.9937757466],[75.8825409498,10.9937548416],[75.8822450863,10.9939430088],[75.8818773305,10.9940101252],[75.8814708712,10.9939217008],[75.8812068323,10.9937377806],[75.8808708182,10.9933357052],[75.8801918878,10.9928984696],[75.8798538002,10.9927605116],[75.8794772667,10.992525388],[75.8792755666,10.9923188814],[75.8789279597,10.9921984005],[75.878671707,10.9924768339],[75.8783811241,10.9931772045],[75.8782688877,10.9933427332],[75.8777587905,10.9937902518],[75.8775419088,10.9944166705],[75.8773465259,10.9946573742],[75.8770625895,10.9948995915],[75.8767482013,10.995444331],[75.8764494438,10.9955308171],[75.8760499465,10.9955286306],[75.8754403708,10.998342255],[75.8751865381,10.9994591435],[75.8746735299,11.0019522863],[75.8746731845,11.0019544051]]]},"properties":{"id":"tanur-w8","ward_no":8,"ward_name":"Kunnumpuram South","ward_label":"Ward 8 – Kunnumpuram South","local_body":"Tanur","local_body_id":"tanur","lsgd_type":"Municipality","source":"Delimitation Commission, Kerala — 2024 ward delimitation (wardmap.ksmart.live)","source_date":"2024-10-21","delimitation":"2024","acquired":"2026-09-30"}},{"type":"Feature","geometry":{"type":"Polygon","coordinates":[[[75.8826762172,11.0004494799],[75.883117608,11.0003367839],[75.8833357345,11.0001922439],[75.8832899093,11.0013537477],[75.8834604052,11.0015187577],[75.8842838493,11.0014646231],[75.8847570587,11.0015255038],[75.8852314779,11.0016528174],[75.8856325718,11.0018133799],[75.8862027903,11.0019711679],[75.8865588298,11.002012602],[75.8871671767,11.0019629321],[75.8879670195,11.0017433968],[75.8880662333,11.000934734],[75.888025276,11.000088904],[75.8883610529,11.0000984488],[75.8887010332,11.0002788473],[75.889062693,11.0003512902],[75.8893549196,11.0005261187],[75.8896310905,11.0004924002],[75.8900128997,11.0005423961],[75.890103478,10.9998897112],[75.8900330839,10.9995611529],[75.889675423,10.9991498658],[75.8894613755,10.9987766867],[75.8891444257,10.9984712563],[75.8879792654,10.9981688314],[75.8874594422,10.9980936151],[75.8869754082,10.9978565018],[75.8872187855,10.997504797],[75.8872108435,10.9971307835],[75.8868176647,10.997087653],[75.886661979,10.9966288907],[75.8866874838,10.996441109],[75.886318087,10.9963806681],[75.8856246578,10.9962115078],[75.8849212256,10.9961506989],[75.8849933138,10.9957747017],[75.8853400787,10.994978435],[75.8850875144,10.9946811908],[75.8851474143,10.9939003863],[75.8853043559,10.9937641252],[75.8849099189,10.9932424918],[75.8846051576,10.9934673124],[75.8840885527,10.9935465259],[75.8838636809,10.9939182589],[75.8835083006,10.9940064614],[75.8827603312,10.9937788638],[75.8825387086,10.9957643103],[75.8825485848,10.9959622687],[75.8830247326,10.9961495728],[75.8830244576,10.9964499137],[75.8829261305,10.9968801428],[75.8824768092,10.9976088302],[75.8823802948,10.997934046],[75.8823565665,10.9986152854],[75.8822904682,10.9989167489],[75.8820757404,10.9992878224],[75.8822701484,10.9993802515],[75.8823112893,10.999608709],[75.8825592474,11.0000482929],[75.8826762172,11.0004494799]]]},"properties":{"id":"tanur-w9","ward_no":9,"ward_name":"Kunnumpuram Central","ward_label":"Ward 9 – Kunnumpuram Central","local_body":"Tanur","local_body_id":"tanur","lsgd_type":"Municipality","source":"Delimitation Commission, Kerala — 2024 ward delimitation (wardmap.ksmart.live)","source_date":"2024-10-21","delimitation":"2024","acquired":"2026-09-30"}},{"type":"Feature","geometry":{"type":"Polygon","coordinates":[[[75.8900128997,11.0005423961],[75.8897651045,11.0016637244],[75.8896323014,11.0026117174],[75.8900727562,11.0027898115],[75.8911668973,11.0034975918],[75.8915467438,11.0036567398],[75.892065344,11.0039392258],[75.892335546,11.0042038148],[75.8924798585,11.0035256924],[75.8924804063,11.0028609691],[75.8926190066,11.002130771],[75.8927308238,11.0019491655],[75.8929872488,11.0019701315],[75.8931050414,11.002068375],[75.8931336361,11.0023146707],[75.8940018527,11.00226293],[75.8944006599,11.0021645018],[75.8944480735,11.0020770567],[75.8946209018,11.001056935],[75.8941049201,11.000820204],[75.894104821,11.0004050923],[75.8941597075,10.999729182],[75.8942208122,10.9994097936],[75.8941875333,10.9987727699],[75.8946356043,10.9986337748],[75.8950488891,10.9983381833],[75.8953638953,10.99791247],[75.8958740125,10.9975167096],[75.8959288129,10.9973897646],[75.8962200741,10.996338167],[75.8962818876,10.9956163632],[75.8963492395,10.9954687113],[75.8963164052,10.995384691],[75.895369588,10.9948260185],[75.8945610891,10.9944513913],[75.8939685624,10.9943042272],[75.8934171263,10.994213998],[75.8927549423,10.9940055081],[75.892741947,10.994357845],[75.8926475507,10.9947551526],[75.8920562873,10.9946941858],[75.8919474923,10.9947571411],[75.8913433679,10.9947705225],[75.8908645093,10.9948297166],[75.890435606,10.9949404114],[75.889731728,10.9950101786],[75.889590223,10.994936179],[75.8890486399,10.9950904535],[75.8888690727,10.9953522376],[75.8882736052,10.9955052095],[75.887949391,10.9955384628],[75.8878629939,10.9958511298],[75.8876576658,10.9959701169],[75.8873658764,10.9964479],[75.8872108435,10.9971307835],[75.8872187855,10.997504797],[75.8869754082,10.9978565018],[75.8874594422,10.9980936151],[75.8879792654,10.9981688314],[75.8891444257,10.9984712563],[75.8894613755,10.9987766867],[75.889675423,10.9991498658],[75.8900330839,10.9995611529],[75.890103478,10.9998897112],[75.8900128997,11.0005423961]]]},"properties":{"id":"tanur-w10","ward_no":10,"ward_name":"Kunnumpuram East","ward_label":"Ward 10 – Kunnumpuram East","local_body":"Tanur","local_body_id":"tanur","lsgd_type":"Municipality","source":"Delimitation Commission, Kerala — 2024 ward delimitation (wardmap.ksmart.live)","source_date":"2024-10-21","delimitation":"2024","acquired":"2026-09-30"}},{"type":"Feature","geometry":{"type":"Polygon","coordinates":[[[75.8849099189,10.9932424918],[75.8853043559,10.9937641252],[75.8851474143,10.9939003863],[75.8850875144,10.9946811908],[75.8853400787,10.994978435],[75.8849933138,10.9957747017],[75.8849212256,10.9961506989],[75.8856246578,10.9962115078],[75.886318087,10.9963806681],[75.8866874838,10.996441109],[75.886661979,10.9966288907],[75.8868176647,10.997087653],[75.8872108435,10.9971307835],[75.8873658764,10.9964479],[75.8876576658,10.9959701169],[75.8878629939,10.9958511298],[75.887949391,10.9955384628],[75.8882736052,10.9955052095],[75.8888690727,10.9953522376],[75.8890486399,10.9950904535],[75.889590223,10.994936179],[75.889731728,10.9950101786],[75.890435606,10.9949404114],[75.8908645093,10.9948297166],[75.8913433679,10.9947705225],[75.8919474923,10.9947571411],[75.8920562873,10.9946941858],[75.8926475507,10.9947551526],[75.892741947,10.994357845],[75.8927549423,10.9940055081],[75.8934171263,10.994213998],[75.8939685624,10.9943042272],[75.8945610891,10.9944513913],[75.895369588,10.9948260185],[75.8963164052,10.995384691],[75.8963492395,10.9954687113],[75.8974056902,10.9952842695],[75.8978487938,10.9945086603],[75.897952258,10.9942241255],[75.8979914346,10.9938738662],[75.8979544818,10.9935383329],[75.8979607543,10.9917625792],[75.8978567145,10.9914925139],[75.8978263774,10.9912089318],[75.8977272555,10.9910176396],[75.8976572385,10.9906571251],[75.8976040927,10.9905001478],[75.8969113528,10.9907249397],[75.8967902294,10.9909061055],[75.8962491653,10.9910817874],[75.8957588655,10.9911916286],[75.8956361283,10.9910866173],[75.8952360454,10.9911681408],[75.894723977,10.9911163999],[75.8945509615,10.9911392575],[75.8932289299,10.9910792208],[75.8931935851,10.990909489],[75.8925278716,10.9908343783],[75.8924784588,10.991374704],[75.8919757577,10.9913927701],[75.8918291499,10.9912332664],[75.8913905043,10.991253543],[75.8909088019,10.9913667236],[75.8902575053,10.9914299748],[75.8901413408,10.9918328978],[75.8900207766,10.9919107555],[75.889793942,10.9918308532],[75.8894789085,10.9914207306],[75.8890772159,10.9912894502],[75.888822918,10.9904330934],[75.8887252092,10.9903253903],[75.8884869114,10.9901226956],[75.8882423883,10.9900355161],[75.8875353582,10.9895719859],[75.8868715951,10.9894050824],[75.8863178058,10.9906561283],[75.8860017379,10.9915039877],[75.8858319595,10.9915612021],[75.8855724175,10.9920448187],[75.8853862499,10.9927366533],[75.8852641723,10.9929280627],[75.8849099189,10.9932424918]]]},"properties":{"id":"tanur-w11","ward_no":11,"ward_name":"Panangattoor Central","ward_label":"Ward 11 – Panangattoor Central","local_body":"Tanur","local_body_id":"tanur","lsgd_type":"Municipality","source":"Delimitation Commission, Kerala — 2024 ward delimitation (wardmap.ksmart.live)","source_date":"2024-10-21","delimitation":"2024","acquired":"2026-09-30"}},{"type":"Feature","geometry":{"type":"Polygon","coordinates":[[[75.8887252092,10.9903253903],[75.888822918,10.9904330934],[75.8890772159,10.9912894502],[75.8894789085,10.9914207306],[75.889793942,10.9918308532],[75.8900207766,10.9919107555],[75.8901413408,10.9918328978],[75.8902575053,10.9914299748],[75.8909088019,10.9913667236],[75.8913905043,10.991253543],[75.8918291499,10.9912332664],[75.8919757577,10.9913927701],[75.8924784588,10.991374704],[75.8925278716,10.9908343783],[75.8931935851,10.990909489],[75.8932289299,10.9910792208],[75.8945509615,10.9911392575],[75.894723977,10.9911163999],[75.8952360454,10.9911681408],[75.8956361283,10.9910866173],[75.8957588655,10.9911916286],[75.8962491653,10.9910817874],[75.8967902294,10.9909061055],[75.8969113528,10.9907249397],[75.8976040927,10.9905001478],[75.8976572385,10.9906571251],[75.8983208292,10.9905012337],[75.8984000449,10.9897036253],[75.8979889328,10.98971215],[75.8980390383,10.9885846183],[75.8975429516,10.9883404752],[75.8975810316,10.9881656115],[75.8970713983,10.9880639709],[75.8971781894,10.9862413832],[75.8961812216,10.9860877513],[75.8960334755,10.9860422981],[75.8953774777,10.985790054],[75.8950521268,10.9857296616],[75.8941521631,10.9853171051],[75.8936090821,10.9849464889],[75.8933523993,10.9847023807],[75.8925388459,10.9843724725],[75.8921533469,10.984302435],[75.891545418,10.9841089173],[75.8908391256,10.983989751],[75.8904419819,10.9837551058],[75.8900628915,10.9836516717],[75.8899481157,10.9841319544],[75.8897412844,10.9846727734],[75.8897008327,10.9849800557],[75.8894379092,10.9855130019],[75.8897385652,10.9857911192],[75.8897118938,10.986077213],[75.89019848,10.986354708],[75.8905705132,10.9865231528],[75.8910744081,10.9866034219],[75.8912421259,10.9867648507],[75.8911426255,10.9871601372],[75.8912642362,10.9873808985],[75.8912048004,10.9878432743],[75.8913134332,10.9880122029],[75.8913398393,10.9883982042],[75.8914960221,10.9885130309],[75.8914594808,10.989011951],[75.8917224036,10.9892016896],[75.8915746631,10.9895646928],[75.8913296707,10.9899205785],[75.8911082075,10.9899812207],[75.891079667,10.9902325717],[75.8898557332,10.9901304348],[75.889701911,10.9900738283],[75.8897446132,10.9897552313],[75.8894580106,10.9897425127],[75.8894652632,10.990033617],[75.8893673696,10.9901761429],[75.8889451535,10.9901849839],[75.8887252092,10.9903253903]]]},"properties":{"id":"tanur-w12","ward_no":12,"ward_name":"Panangattoor","ward_label":"Ward 12 – Panangattoor","local_body":"Tanur","local_body_id":"tanur","lsgd_type":"Municipality","source":"Delimitation Commission, Kerala — 2024 ward delimitation (wardmap.ksmart.live)","source_date":"2024-10-21","delimitation":"2024","acquired":"2026-09-30"}},{"type":"Feature","geometry":{"type":"Polygon","coordinates":[[[75.8875353582,10.9895719859],[75.8882423883,10.9900355161],[75.8884869114,10.9901226956],[75.8887252092,10.9903253903],[75.8889451535,10.9901849839],[75.8893673696,10.9901761429],[75.8894652632,10.990033617],[75.8894580106,10.9897425127],[75.8897446132,10.9897552313],[75.889701911,10.9900738283],[75.8898557332,10.9901304348],[75.891079667,10.9902325717],[75.8911082075,10.9899812207],[75.8913296707,10.9899205785],[75.8915746631,10.9895646928],[75.8917224036,10.9892016896],[75.8914594808,10.989011951],[75.8914960221,10.9885130309],[75.8913398393,10.9883982042],[75.8913134332,10.9880122029],[75.8912048004,10.9878432743],[75.8912642362,10.9873808985],[75.8911426255,10.9871601372],[75.8912421259,10.9867648507],[75.8910744081,10.9866034219],[75.8905705132,10.9865231528],[75.89019848,10.986354708],[75.8897118938,10.986077213],[75.8897385652,10.9857911192],[75.8894379092,10.9855130019],[75.8897008327,10.9849800557],[75.8897412844,10.9846727734],[75.8899481157,10.9841319544],[75.8900628915,10.9836516717],[75.8895592984,10.9835719986],[75.8888565719,10.9832665494],[75.8877924836,10.9829638194],[75.886967765,10.9826575295],[75.8864640619,10.9825558176],[75.8858608839,10.982527548],[75.88464372,10.9822385762],[75.8845275074,10.9827604097],[75.8846261712,10.9829118308],[75.8845756032,10.9833310951],[75.8843005155,10.983316777],[75.8841556253,10.9836019904],[75.8840601894,10.9840687729],[75.8838992376,10.9842324811],[75.8838332795,10.984263967],[75.883552163,10.9850828681],[75.8837582098,10.9852391841],[75.8846475567,10.9853513183],[75.884678473,10.9856033776],[75.8850282438,10.9856790277],[75.8854809568,10.9856577492],[75.8867376021,10.9857138305],[75.8868427991,10.9858775287],[75.8867632073,10.9865317271],[75.8865866493,10.9868386996],[75.8865246074,10.9871162142],[75.8865062602,10.9872464572],[75.8869240971,10.9872188866],[75.887142165,10.987266882],[75.8871854107,10.9873936392],[75.8875315253,10.9874033789],[75.8880385279,10.9875362444],[75.8880435264,10.9877175206],[75.888372264,10.9878658028],[75.8886531387,10.9879223316],[75.8883780867,10.988570876],[75.88805445,10.9890656002],[75.8877600235,10.9890439036],[75.8876064598,10.9895018627],[75.8875353582,10.9895719859]]]},"properties":{"id":"tanur-w13","ward_no":13,"ward_name":"Chancheri Parambu","ward_label":"Ward 13 – Chancheri Parambu","local_body":"Tanur","local_body_id":"tanur","lsgd_type":"Municipality","source":"Delimitation Commission, Kerala — 2024 ward delimitation (wardmap.ksmart.live)","source_date":"2024-10-21","delimitation":"2024","acquired":"2026-09-30"}},{"type":"Feature","geometry":{"type":"Polygon","coordinates":[[[75.882755446,10.9937757466],[75.8827603312,10.9937788638],[75.8835083006,10.9940064614],[75.8838636809,10.9939182589],[75.8840885527,10.9935465259],[75.8846051576,10.9934673124],[75.8849099189,10.9932424918],[75.8852641723,10.9929280627],[75.8853862499,10.9927366533],[75.8855724175,10.9920448187],[75.8858319595,10.9915612021],[75.8860017379,10.9915039877],[75.8863178058,10.9906561283],[75.8868715951,10.9894050824],[75.8875353582,10.9895719859],[75.8876064598,10.9895018627],[75.8877600235,10.9890439036],[75.88805445,10.9890656002],[75.8883780867,10.988570876],[75.8886531387,10.9879223316],[75.888372264,10.9878658028],[75.8880435264,10.9877175206],[75.8880385279,10.9875362444],[75.8875315253,10.9874033789],[75.8871854107,10.9873936392],[75.887142165,10.987266882],[75.8869240971,10.9872188866],[75.8865062602,10.9872464572],[75.8865246074,10.9871162142],[75.8859174283,10.9870308549],[75.8854890041,10.9871882325],[75.8847981488,10.9871032375],[75.8843093694,10.9870070723],[75.8842475745,10.9870424155],[75.8840051918,10.9877293668],[75.8837563552,10.987670049],[75.8837164521,10.9878521672],[75.8833842776,10.9876668999],[75.8832794847,10.9875296663],[75.8832885365,10.9872898639],[75.8834818554,10.9868095291],[75.8835441587,10.9865194012],[75.883378126,10.986398393],[75.8829657951,10.9862941462],[75.8829472586,10.9859750543],[75.8828590347,10.9858770301],[75.8822179979,10.9855757592],[75.8813853076,10.9853540731],[75.8805261741,10.985016029],[75.8802357656,10.9851690467],[75.8801353454,10.9854297899],[75.880025553,10.9859796937],[75.8801019878,10.986064121],[75.8799822531,10.9867317878],[75.8797022283,10.9872987144],[75.8795962706,10.9876870214],[75.8806514061,10.9879298552],[75.8812239364,10.9881526158],[75.8811486044,10.9885357929],[75.8814860474,10.9886381188],[75.8826323242,10.9888969102],[75.8828764554,10.9890039353],[75.8836335411,10.9890051777],[75.884259531,10.9891292742],[75.8841667151,10.9895418788],[75.8840442519,10.9907655966],[75.8838479482,10.9909370977],[75.883742846,10.9912820939],[75.8836790177,10.991770031],[75.8831161656,10.9928541416],[75.8827400757,10.9935187553],[75.882755446,10.9937757466]]]},"properties":{"id":"tanur-w14","ward_no":14,"ward_name":"Rayirimangalam East","ward_label":"Ward 14 – Rayirimangalam East","local_body":"Tanur","local_body_id":"tanur","lsgd_type":"Municipality","source":"Delimitation Commission, Kerala — 2024 ward delimitation (wardmap.ksmart.live)","source_date":"2024-10-21","delimitation":"2024","acquired":"2026-09-30"}},{"type":"Feature","geometry":{"type":"Polygon","coordinates":[[[75.8760499465,10.9955286306],[75.8764494438,10.9955308171],[75.8767482013,10.995444331],[75.8770625895,10.9948995915],[75.8773465259,10.9946573742],[75.8775419088,10.9944166705],[75.8777587905,10.9937902518],[75.8782688877,10.9933427332],[75.8783811241,10.9931772045],[75.878671707,10.9924768339],[75.8789279597,10.9921984005],[75.8792755666,10.9923188814],[75.8794772667,10.992525388],[75.8798538002,10.9927605116],[75.8801918878,10.9928984696],[75.8808708182,10.9933357052],[75.8812068323,10.9937377806],[75.8814708712,10.9939217008],[75.8818773305,10.9940101252],[75.8822450863,10.9939430088],[75.8825409498,10.9937548416],[75.882755446,10.9937757466],[75.8827400757,10.9935187553],[75.8831161656,10.9928541416],[75.8836790177,10.991770031],[75.883742846,10.9912820939],[75.8838479482,10.9909370977],[75.8840442519,10.9907655966],[75.8841667151,10.9895418788],[75.884259531,10.9891292742],[75.8836335411,10.9890051777],[75.8828764554,10.9890039353],[75.8826323242,10.9888969102],[75.8814860474,10.9886381188],[75.8811486044,10.9885357929],[75.8812239364,10.9881526158],[75.8806514061,10.9879298552],[75.8795962706,10.9876870214],[75.8790223959,10.9876714364],[75.8790479375,10.9874263563],[75.878422652,10.9874068351],[75.8778165751,10.9873073527],[75.8777348033,10.9876352461],[75.8767582339,10.992164645],[75.8763125597,10.9943303224],[75.8760499465,10.9955286306]]]},"properties":{"id":"tanur-w15","ward_no":15,"ward_name":"Rayirimangalam West","ward_label":"Ward 15 – Rayirimangalam West","local_body":"Tanur","local_body_id":"tanur","lsgd_type":"Municipality","source":"Delimitation Commission, Kerala — 2024 ward delimitation (wardmap.ksmart.live)","source_date":"2024-10-21","delimitation":"2024","acquired":"2026-09-30"}},{"type":"Feature","geometry":{"type":"Polygon","coordinates":[[[75.8865246074,10.9871162142],[75.8865866493,10.9868386996],[75.8867632073,10.9865317271],[75.8868427991,10.9858775287],[75.8867376021,10.9857138305],[75.8854809568,10.9856577492],[75.8850282438,10.9856790277],[75.884678473,10.9856033776],[75.8846475567,10.9853513183],[75.8837582098,10.9852391841],[75.883552163,10.9850828681],[75.8838332795,10.984263967],[75.8838992376,10.9842324811],[75.882914748,10.9838514373],[75.8827900961,10.9837520666],[75.8821235273,10.9835484457],[75.8817025559,10.9834553343],[75.881317955,10.9832442111],[75.8810104285,10.9831559848],[75.8814483387,10.981773494],[75.8815153669,10.9813609155],[75.8813689648,10.9812494283],[75.8804250982,10.9810931595],[75.8801320621,10.9809128359],[75.879335902,10.9825905474],[75.8791463515,10.9830371566],[75.878582423,10.984580986],[75.8782631564,10.9855865985],[75.8778590887,10.9871193501],[75.8778165751,10.9873073527],[75.878422652,10.9874068351],[75.8790479375,10.9874263563],[75.8790223959,10.9876714364],[75.8795962706,10.9876870214],[75.8797022283,10.9872987144],[75.8799822531,10.9867317878],[75.8801019878,10.986064121],[75.880025553,10.9859796937],[75.8801353454,10.9854297899],[75.8802357656,10.9851690467],[75.8805261741,10.985016029],[75.8813853076,10.9853540731],[75.8822179979,10.9855757592],[75.8828590347,10.9858770301],[75.8829472586,10.9859750543],[75.8829657951,10.9862941462],[75.883378126,10.986398393],[75.8835441587,10.9865194012],[75.8834818554,10.9868095291],[75.8832885365,10.9872898639],[75.8832794847,10.9875296663],[75.8833842776,10.9876668999],[75.8837164521,10.9878521672],[75.8837563552,10.987670049],[75.8840051918,10.9877293668],[75.8842475745,10.9870424155],[75.8843093694,10.9870070723],[75.8847981488,10.9871032375],[75.8854890041,10.9871882325],[75.8859174283,10.9870308549],[75.8865246074,10.9871162142]]]},"properties":{"id":"tanur-w16","ward_no":16,"ward_name":"Theyyala Railway Gate","ward_label":"Ward 16 – Theyyala Railway Gate","local_body":"Tanur","local_body_id":"tanur","lsgd_type":"Municipality","source":"Delimitation Commission, Kerala — 2024 ward delimitation (wardmap.ksmart.live)","source_date":"2024-10-21","delimitation":"2024","acquired":"2026-09-30"}},{"type":"Feature","geometry":{"type":"Polygon","coordinates":[[[75.8838992376,10.9842324811],[75.8840601894,10.9840687729],[75.8841556253,10.9836019904],[75.8843005155,10.983316777],[75.8845756032,10.9833310951],[75.8846261712,10.9829118308],[75.8845275074,10.9827604097],[75.88464372,10.9822385762],[75.8836935897,10.9819293369],[75.8833939631,10.9817936671],[75.8835738496,10.9813268759],[75.8838421965,10.9804742901],[75.8844486465,10.9806417326],[75.8850016895,10.9809178244],[75.8850871512,10.98112573],[75.8859099446,10.9812653418],[75.8866070203,10.9811918857],[75.8872229826,10.9812779005],[75.8873166771,10.9813330089],[75.8884301482,10.9816029564],[75.8885756013,10.9816909862],[75.8892480558,10.9818993035],[75.8895156768,10.9819423221],[75.8895759557,10.9815237493],[75.8896925023,10.9811167596],[75.8891890183,10.980931636],[75.8888087878,10.9808583943],[75.8888273954,10.9806005488],[75.8879313896,10.9805637164],[75.8874353738,10.9804767513],[75.8871957188,10.980352283],[75.8866094021,10.980237729],[75.886446899,10.9801047124],[75.8867351343,10.979476206],[75.8868772077,10.9788885026],[75.8867883149,10.9787999942],[75.8863510628,10.9786495115],[75.8852424667,10.9783384723],[75.8843262783,10.9781107514],[75.8840057452,10.9782492182],[75.8831645858,10.9780820557],[75.882672075,10.9779192822],[75.882215074,10.9778314593],[75.8822942947,10.9776955439],[75.8820617752,10.977550792],[75.881691097,10.9780786142],[75.8814129339,10.9785225802],[75.8813746922,10.9786583117],[75.8806413081,10.9798480972],[75.8801320621,10.9809128359],[75.8804250982,10.9810931595],[75.8813689648,10.9812494283],[75.8815153669,10.9813609155],[75.8814483387,10.981773494],[75.8810104285,10.9831559848],[75.881317955,10.9832442111],[75.8817025559,10.9834553343],[75.8821235273,10.9835484457],[75.8827900961,10.9837520666],[75.882914748,10.9838514373],[75.8838992376,10.9842324811]]]},"properties":{"id":"tanur-w17","ward_no":17,"ward_name":"Kannanthali West","ward_label":"Ward 17 – Kannanthali West","local_body":"Tanur","local_body_id":"tanur","lsgd_type":"Municipality","source":"Delimitation Commission, Kerala — 2024 ward delimitation (wardmap.ksmart.live)","source_date":"2024-10-23","delimitation":"2024","acquired":"2026-09-30"}},{"type":"Feature","geometry":{"type":"Polygon","coordinates":[[[75.89711162203898,10.983271728831841],[75.89710998997244,10.983071990098338],[75.8965811569,10.982981551],[75.8966701454,10.9823399158],[75.8966924483,10.981595257],[75.8955214646,10.9815482251],[75.89424859788066,10.981375723241742],[75.8939358803,10.9813719556],[75.8929823775,10.9812594933],[75.89300025442583,10.98087945696827],[75.892612792,10.9808053341],[75.89257366027306,10.980620269232427],[75.8917932728,10.9803326035],[75.89117348820167,10.98021430035746],[75.8910859083,10.9803182689],[75.8909332772,10.9811913019],[75.8905464119,10.9812781275],[75.8896925023,10.9811167596],[75.8895759557,10.9815237493],[75.8895156768,10.9819423221],[75.8892480558,10.9818993035],[75.8885756013,10.9816909862],[75.8884301482,10.9816029564],[75.8873166771,10.9813330089],[75.8872229826,10.9812779005],[75.8866070203,10.9811918857],[75.8859099446,10.9812653418],[75.8850871512,10.98112573],[75.8850016895,10.9809178244],[75.8844486465,10.9806417326],[75.8838421965,10.9804742901],[75.8835738496,10.9813268759],[75.8833939631,10.9817936671],[75.8836935897,10.9819293369],[75.88464372,10.9822385762],[75.8858608839,10.982527548],[75.8864640619,10.9825558176],[75.886967765,10.9826575295],[75.8877924836,10.9829638194],[75.8888565719,10.9832665494],[75.8895592984,10.9835719986],[75.8900628915,10.9836516717],[75.8904419819,10.9837551058],[75.8908391256,10.983989751],[75.891545418,10.9841089173],[75.8921533469,10.984302435],[75.8925388459,10.9843724725],[75.8933523993,10.9847023807],[75.8936090821,10.9849464889],[75.8941521631,10.9853171051],[75.8950521268,10.9857296616],[75.8953774777,10.985790054],[75.8960334755,10.9860422981],[75.896225781,10.9856323225],[75.8966106469,10.9854099438],[75.8967489962,10.9849667371],[75.8968942548,10.9840964511],[75.8970296856,10.9837933761],[75.89711162203898,10.983271728831841]]]},"properties":{"id":"tanur-w18","ward_no":18,"ward_name":"Kannanthali","ward_label":"Ward 18 – Kannanthali","local_body":"Tanur","local_body_id":"tanur","lsgd_type":"Municipality","source":"Delimitation Commission, Kerala — 2024 ward delimitation (wardmap.ksmart.live)","source_date":"2024-10-21","delimitation":"2024","acquired":"2026-09-30"}},{"type":"Feature","geometry":{"type":"Polygon","coordinates":[[[75.89117348820167,10.98021430035746],[75.8908117126,10.9800641962],[75.8907537354,10.9795694524],[75.8908523224,10.9790136502],[75.8911861309,10.9779267887],[75.891336337,10.9776205932],[75.8915533042,10.9770781898],[75.8917316674,10.9763394234],[75.8920159199,10.9756625176],[75.8921098335,10.9755159573],[75.89263767198871,10.97494583171517],[75.8927307278,10.974728322],[75.8926889555,10.974335725],[75.8929141199,10.9738347899],[75.8929486335,10.9736509671],[75.8932479873,10.9728956816],[75.8932918776,10.9726116553],[75.8932014897,10.9724349985],[75.8932246996,10.9721071341],[75.8934441425,10.9716740991],[75.8934572631,10.9711088729],[75.8932754448,10.9705104523],[75.89304403286665,10.970298368521798],[75.891906309,10.969813034],[75.8918278737,10.9700418823],[75.8916164114,10.9709720223],[75.8914553851,10.9712674362],[75.8911506942,10.9723812664],[75.8909750875,10.9733056272],[75.8908372514,10.9744290484],[75.8906619268,10.9745609917],[75.8906444436,10.9752033235],[75.8905990724,10.9753475396],[75.8906171095,10.9761055049],[75.8907337129,10.9762862155],[75.8907498183,10.9767215013],[75.8906278396,10.9768303046],[75.8901715874,10.9767673432],[75.8900031283,10.9768022916],[75.8897363153,10.9770973013],[75.8890304035,10.9772518621],[75.8879689085,10.9771363839],[75.8878967546,10.9771864144],[75.887846724,10.9776197803],[75.8877861632,10.977711556],[75.8868680301,10.9775533015],[75.8865234805,10.9781548607],[75.8863510628,10.9786495115],[75.8867883149,10.9787999942],[75.8868772077,10.9788885026],[75.8867351343,10.979476206],[75.886446899,10.9801047124],[75.8866094021,10.980237729],[75.8871957188,10.980352283],[75.8874353738,10.9804767513],[75.8879313896,10.9805637164],[75.8888273954,10.9806005488],[75.8888087878,10.9808583943],[75.8891890183,10.980931636],[75.8896925023,10.9811167596],[75.8905464119,10.9812781275],[75.8909332772,10.9811913019],[75.8910859083,10.9803182689],[75.89117348820167,10.98021430035746]]]},"properties":{"id":"tanur-w19","ward_no":19,"ward_name":"Kattilangadi","ward_label":"Ward 19 – Kattilangadi","local_body":"Tanur","local_body_id":"tanur","lsgd_type":"Municipality","source":"Delimitation Commission, Kerala — 2024 ward delimitation (wardmap.ksmart.live)","source_date":"2024-10-21","delimitation":"2024","acquired":"2026-09-30"}},{"type":"Feature","geometry":{"type":"Polygon","coordinates":[[[75.891906309,10.969813034],[75.8910949044,10.969545227],[75.8906018652,10.969178031],[75.8899691259,10.9688616895],[75.8892566075,10.9687253507],[75.8890175601,10.9690746114],[75.8888483832,10.9694793733],[75.8886219675,10.9698386454],[75.8880919156,10.9697525266],[75.8876837357,10.969772965],[75.8874002987,10.9698793047],[75.8871641193,10.9698668847],[75.8859332974,10.9717115499],[75.886239629,10.9718584539],[75.8867057175,10.9719129139],[75.8866852828,10.9724078076],[75.8865135379,10.9725211521],[75.886459732,10.9728420017],[75.8864282257,10.9734754291],[75.8862981972,10.973578305],[75.8861592816,10.9740063245],[75.886013376,10.9742870258],[75.8866116124,10.9745158071],[75.8870362224,10.9746343535],[75.8872752205,10.974247839],[75.8876139249,10.974342288],[75.8884177667,10.9746466876],[75.8883800316,10.9748657634],[75.8892219301,10.9749620186],[75.8891886584,10.9751065654],[75.8895258333,10.9752181303],[75.8895330401,10.9757462336],[75.8899752341,10.9758735769],[75.8900721873,10.9758316343],[75.8901455811,10.9753455661],[75.8905990724,10.9753475396],[75.8906444436,10.9752033235],[75.8906619268,10.9745609917],[75.8908372514,10.9744290484],[75.8909750875,10.9733056272],[75.8911506942,10.9723812664],[75.8914553851,10.9712674362],[75.8916164114,10.9709720223],[75.8918278737,10.9700418823],[75.891906309,10.969813034]]]},"properties":{"id":"tanur-w20","ward_no":20,"ward_name":"Kattilangadi South","ward_label":"Ward 20 – Kattilangadi South","local_body":"Tanur","local_body_id":"tanur","lsgd_type":"Municipality","source":"Delimitation Commission, Kerala — 2024 ward delimitation (wardmap.ksmart.live)","source_date":"2024-10-21","delimitation":"2024","acquired":"2026-09-30"}},{"type":"Feature","geometry":{"type":"Polygon","coordinates":[[[75.8820617752,10.977550792],[75.8822942947,10.9776955439],[75.882215074,10.9778314593],[75.882672075,10.9779192822],[75.8831645858,10.9780820557],[75.8840057452,10.9782492182],[75.8843262783,10.9781107514],[75.8852424667,10.9783384723],[75.8863510628,10.9786495115],[75.8865234805,10.9781548607],[75.8868680301,10.9775533015],[75.8877861632,10.977711556],[75.887846724,10.9776197803],[75.8878967546,10.9771864144],[75.8879689085,10.9771363839],[75.8890304035,10.9772518621],[75.8897363153,10.9770973013],[75.8900031283,10.9768022916],[75.8901715874,10.9767673432],[75.8906278396,10.9768303046],[75.8907498183,10.9767215013],[75.8907337129,10.9762862155],[75.8906171095,10.9761055049],[75.8905990724,10.9753475396],[75.8901455811,10.9753455661],[75.8900721873,10.9758316343],[75.8899752341,10.9758735769],[75.8895330401,10.9757462336],[75.8895258333,10.9752181303],[75.8891886584,10.9751065654],[75.8892219301,10.9749620186],[75.8883800316,10.9748657634],[75.8884177667,10.9746466876],[75.8876139249,10.974342288],[75.8872752205,10.974247839],[75.8870362224,10.9746343535],[75.8866116124,10.9745158071],[75.886013376,10.9742870258],[75.8861592816,10.9740063245],[75.8862981972,10.973578305],[75.8864282257,10.9734754291],[75.886459732,10.9728420017],[75.8865135379,10.9725211521],[75.8866852828,10.9724078076],[75.8867057175,10.9719129139],[75.886239629,10.9718584539],[75.8859332974,10.9717115499],[75.8851256662,10.9729219537],[75.8840890269,10.9745218768],[75.883420152,10.9755140819],[75.8824843083,10.976945914],[75.8820617752,10.977550792]]]},"properties":{"id":"tanur-w21","ward_no":21,"ward_name":"Kattilangadi West","ward_label":"Ward 21 – Kattilangadi West","local_body":"Tanur","local_body_id":"tanur","lsgd_type":"Municipality","source":"Delimitation Commission, Kerala — 2024 ward delimitation (wardmap.ksmart.live)","source_date":"2024-10-21","delimitation":"2024","acquired":"2026-09-30"}},{"type":"Feature","geometry":{"type":"Polygon","coordinates":[[[75.88609699898886,10.969579833439788],[75.8858415292,10.9695740506],[75.8852437812,10.9692749788],[75.8850799218,10.9690903806],[75.8853042968,10.9685970323],[75.8852319545,10.9685035639],[75.8846864389,10.9681722908],[75.88452348589276,10.96802923839665],[75.8840217851,10.9678508766],[75.8837808256,10.9681700042],[75.8834894803,10.9683246328],[75.8833915069,10.9685298681],[75.8834049475,10.9688964178],[75.8832342516,10.9692099099],[75.8828008144,10.9697587557],[75.8824514912,10.9700977032],[75.8820093256,10.9703351279],[75.8815624055,10.9701298852],[75.8813130569,10.9698741365],[75.8808251498,10.9692887184],[75.8806572031,10.9690052442],[75.8803094365,10.9699686963],[75.880186773,10.9704888868],[75.8800312651,10.9708660541],[75.8797131759,10.9722352218],[75.8797090272,10.9727778028],[75.8797498521,10.9731404856],[75.8796868226,10.9739711887],[75.8797763721,10.9742645534],[75.8796101103,10.9743701968],[75.8790867808,10.9751032554],[75.8785817438,10.9757457263],[75.8783996061,10.9760269744],[75.8783441771,10.9762668009],[75.8782629077,10.9772262847],[75.8785635574,10.9772636969],[75.880727484,10.9776853402],[75.881313453,10.977895042],[75.881691097,10.9780786142],[75.8820617752,10.977550792],[75.8824843083,10.976945914],[75.883420152,10.9755140819],[75.8840890269,10.9745218768],[75.8851256662,10.9729219537],[75.8859332974,10.9717115499],[75.8871641193,10.9698668847],[75.8870524953,10.969793966],[75.88609699898886,10.969579833439788]]]},"properties":{"id":"tanur-w22","ward_no":22,"ward_name":"Nadakkavu","ward_label":"Ward 22 – Nadakkavu","local_body":"Tanur","local_body_id":"tanur","lsgd_type":"Municipality","source":"Delimitation Commission, Kerala — 2024 ward delimitation (wardmap.ksmart.live)","source_date":"2024-10-18","delimitation":"2024","acquired":"2026-09-30"}},{"type":"Feature","geometry":{"type":"Polygon","coordinates":[[[75.8782629077,10.9772262847],[75.8783441771,10.9762668009],[75.8783996061,10.9760269744],[75.8785817438,10.9757457263],[75.8790867808,10.9751032554],[75.8786056979,10.9750386663],[75.8781781334,10.9749358984],[75.8772078353,10.9747962148],[75.8769172985,10.9746321034],[75.8766637626,10.974565695],[75.8759099028,10.9741655016],[75.8754092188,10.9739752247],[75.8751588043,10.9738393693],[75.875223815,10.9734321048],[75.875474499,10.9732793293],[75.8755581472,10.9726347712],[75.8752706938,10.9724452247],[75.8752474004,10.9721445225],[75.8754562197,10.9713370247],[75.875557331,10.9708099345],[75.8757465205,10.9700586218],[75.8754322644,10.9699310885],[75.8745032891,10.9697144185],[75.8743502608,10.9703324752],[75.8740194844,10.9718049529],[75.8731881426,10.9747226941],[75.8730279181,10.9753623517],[75.8728504261,10.9760850561],[75.8722254915,10.9771800417],[75.8721178469,10.9774800081],[75.8731894801,10.9779057377],[75.8738525037,10.9779826119],[75.8749791483,10.9782031576],[75.8753998546,10.9783333279],[75.8756674701,10.9783084863],[75.8760621949,10.9772012578],[75.8761663412,10.9770750353],[75.8764294844,10.9770336744],[75.8774250959,10.9771555943],[75.8782629077,10.9772262847]]]},"properties":{"id":"tanur-w23","ward_no":23,"ward_name":"Tanur","ward_label":"Ward 23 – Tanur","local_body":"Tanur","local_body_id":"tanur","lsgd_type":"Municipality","source":"Delimitation Commission, Kerala — 2024 ward delimitation (wardmap.ksmart.live)","source_date":"2024-10-17","delimitation":"2024","acquired":"2026-09-30"}},{"type":"Feature","geometry":{"type":"Polygon","coordinates":[[[75.8806572031,10.9690052442],[75.8801131781,10.9685766091],[75.8797377608,10.9686058165],[75.8793486276,10.9685522221],[75.8789724531,10.9684200665],[75.8786100419,10.9680895791],[75.878438304,10.9676116232],[75.8784603636,10.9670693838],[75.8782459689,10.9665067459],[75.8780714821,10.9654877889],[75.8784271636,10.9642787579],[75.87838631881796,10.963986866514471],[75.8778987691,10.9639115472],[75.8764571526,10.9634780879],[75.8761706081,10.9633481222],[75.8759683327,10.9640199666],[75.8755748197,10.965479984],[75.8748947745,10.9680628394],[75.8745032891,10.9697144185],[75.8754322644,10.9699310885],[75.8757465205,10.9700586218],[75.875557331,10.9708099345],[75.8754562197,10.9713370247],[75.8752474004,10.9721445225],[75.8752706938,10.9724452247],[75.8755581472,10.9726347712],[75.875474499,10.9732793293],[75.875223815,10.9734321048],[75.8751588043,10.9738393693],[75.8754092188,10.9739752247],[75.8759099028,10.9741655016],[75.8766637626,10.974565695],[75.8769172985,10.9746321034],[75.8772078353,10.9747962148],[75.8781781334,10.9749358984],[75.8786056979,10.9750386663],[75.8790867808,10.9751032554],[75.8796101103,10.9743701968],[75.8797763721,10.9742645534],[75.8796868226,10.9739711887],[75.8797498521,10.9731404856],[75.8797090272,10.9727778028],[75.8797131759,10.9722352218],[75.8800312651,10.9708660541],[75.880186773,10.9704888868],[75.8803094365,10.9699686963],[75.8806572031,10.9690052442]]]},"properties":{"id":"tanur-w24","ward_no":24,"ward_name":"Karad","ward_label":"Ward 24 – Karad","local_body":"Tanur","local_body_id":"tanur","lsgd_type":"Municipality","source":"Delimitation Commission, Kerala — 2024 ward delimitation (wardmap.ksmart.live)","source_date":"2024-10-18","delimitation":"2024","acquired":"2026-09-30"}},{"type":"Feature","geometry":{"type":"Polygon","coordinates":[[[75.88153609318205,10.941890637026379],[75.880032707,10.9417030894],[75.87908896721228,10.941484917896357],[75.8768175644,10.9410559465],[75.8756401934,10.9464777413],[75.877387431,10.9467844411],[75.8793932063,10.9470963819],[75.87978222957656,10.947222850914528],[75.8800611518,10.945656368],[75.8806445025,10.9441905679],[75.88067065710722,10.944064007328818],[75.88153609318205,10.941890637026379]]]},"properties":{"id":"tanur-w25","ward_no":25,"ward_name":"Puthiyakadappuram","ward_label":"Ward 25 – Puthiyakadappuram","local_body":"Tanur","local_body_id":"tanur","lsgd_type":"Municipality","source":"Delimitation Commission, Kerala — 2024 ward delimitation (wardmap.ksmart.live)","source_date":"2024-10-18","delimitation":"2024","acquired":"2026-09-30"}},{"type":"Feature","geometry":{"type":"Polygon","coordinates":[[[75.8786279425,10.9535437909],[75.8786285296,10.9528047435],[75.8785186379,10.9517911552],[75.87889583961777,10.95070536971161],[75.8788518052,10.9500798201],[75.8791434188,10.9499298126],[75.8794860514,10.9490741416],[75.8793895284,10.9481255075],[75.8793998485,10.947916158],[75.8796482566,10.9479230176],[75.87978222957656,10.947222850914528],[75.8793932063,10.9470963819],[75.877387431,10.9467844411],[75.8756401934,10.9464777413],[75.8744154903,10.9517324696],[75.8740846686,10.9530343439],[75.8746447908,10.9531197438],[75.8754152859,10.9531237685],[75.8757044173,10.9532700846],[75.8763178973,10.9533928194],[75.8763349861,10.9534398738],[75.8771810351,10.9535580573],[75.877985341,10.9535712657],[75.8786279425,10.9535437909]]]},"properties":{"id":"tanur-w26","ward_no":26,"ward_name":"Anchudi","ward_label":"Ward 26 – Anchudi","local_body":"Tanur","local_body_id":"tanur","lsgd_type":"Municipality","source":"Delimitation Commission, Kerala — 2024 ward delimitation (wardmap.ksmart.live)","source_date":"2024-10-18","delimitation":"2024","acquired":"2026-09-30"}},{"type":"Feature","geometry":{"type":"Polygon","coordinates":[[[75.87617335726884,10.961957699847535],[75.8765536965,10.961047929],[75.8763583801,10.9609838117],[75.8767573812,10.9592654863],[75.8773956379,10.9571104899],[75.87788034520528,10.956791271971017],[75.87867666146593,10.954240866144506],[75.87885202862883,10.953525805412777],[75.8786279425,10.9535437909],[75.877985341,10.9535712657],[75.8771810351,10.9535580573],[75.8763349861,10.9534398738],[75.8763178973,10.9533928194],[75.8757044173,10.9532700846],[75.8754152859,10.9531237685],[75.8746447908,10.9531197438],[75.8740846686,10.9530343439],[75.8727473088,10.958307284],[75.8736421023,10.9584827189],[75.8750288755,10.9586664225],[75.8742772818,10.9616454029],[75.8755200032,10.9617428997],[75.8757598383,10.9617798365],[75.87617335726884,10.961957699847535]]]},"properties":{"id":"tanur-w27","ward_no":27,"ward_name":"Cheeran Kadappuram","ward_label":"Ward 27 – Cheeran Kadappuram","local_body":"Tanur","local_body_id":"tanur","lsgd_type":"Municipality","source":"Delimitation Commission, Kerala — 2024 ward delimitation (wardmap.ksmart.live)","source_date":"2024-10-19","delimitation":"2024","acquired":"2026-09-30"}},{"type":"Feature","geometry":{"type":"Polygon","coordinates":[[[75.8761706081,10.9633481222],[75.8757066092,10.9630741605],[75.87617335726884,10.961957699847535],[75.8757598383,10.9617798365],[75.8755200032,10.9617428997],[75.8742772818,10.9616454029],[75.8750288755,10.9586664225],[75.8736421023,10.9584827189],[75.8727473088,10.958307284],[75.8709402105,10.9652316899],[75.8718158094,10.9654099667],[75.8724191963,10.9654619907],[75.8732247108,10.9656583107],[75.873365471,10.9650951102],[75.8744496804,10.9652961932],[75.8755748197,10.965479984],[75.8759683327,10.9640199666],[75.8761706081,10.9633481222]]]},"properties":{"id":"tanur-w28","ward_no":28,"ward_name":"Vembalam Parambu","ward_label":"Ward 28 – Vembalam Parambu","local_body":"Tanur","local_body_id":"tanur","lsgd_type":"Municipality","source":"Delimitation Commission, Kerala — 2024 ward delimitation (wardmap.ksmart.live)","source_date":"2024-10-20","delimitation":"2024","acquired":"2026-09-30"}},{"type":"Feature","geometry":{"type":"Polygon","coordinates":[[[75.8743502608,10.9703324752],[75.8745032891,10.9697144185],[75.8748947745,10.9680628394],[75.8755748197,10.965479984],[75.8744496804,10.9652961932],[75.873365471,10.9650951102],[75.8732247108,10.9656583107],[75.8724191963,10.9654619907],[75.8718158094,10.9654099667],[75.8709402105,10.9652316899],[75.870201257,10.9680714101],[75.8701179746,10.9684426675],[75.8709293029,10.9686054367],[75.872092745,10.9687177898],[75.8723278103,10.9687732623],[75.8722118577,10.9691900122],[75.8722276022,10.9695912963],[75.8727235099,10.9695737955],[75.872728823,10.9700034558],[75.8730802301,10.9700503123],[75.8736386262,10.9702235308],[75.8743502608,10.9703324752]]]},"properties":{"id":"tanur-w29","ward_no":29,"ward_name":"Edakkadappuram South","ward_label":"Ward 29 – Edakkadappuram South","local_body":"Tanur","local_body_id":"tanur","lsgd_type":"Municipality","source":"Delimitation Commission, Kerala — 2024 ward delimitation (wardmap.ksmart.live)","source_date":"2024-10-20","delimitation":"2024","acquired":"2026-09-30"}},{"type":"Feature","geometry":{"type":"Polygon","coordinates":[[[75.8730279181,10.9753623517],[75.8731881426,10.9747226941],[75.8740194844,10.9718049529],[75.8743502608,10.9703324752],[75.8736386262,10.9702235308],[75.8730802301,10.9700503123],[75.872728823,10.9700034558],[75.8727235099,10.9695737955],[75.8722276022,10.9695912963],[75.8722118577,10.9691900122],[75.8723278103,10.9687732623],[75.872092745,10.9687177898],[75.8709293029,10.9686054367],[75.8701179746,10.9684426675],[75.8691223824,10.9718696406],[75.8700626086,10.9720757266],[75.8709086764,10.9723142854],[75.8709773588,10.9724649121],[75.8715742664,10.9725425245],[75.8714810576,10.9731340963],[75.8714697496,10.9735417701],[75.8716200798,10.9741821678],[75.8714177123,10.9751255996],[75.871878669,10.9753375881],[75.8724703921,10.975294815],[75.8730279181,10.9753623517]]]},"properties":{"id":"tanur-w30","ward_no":30,"ward_name":"Edakkadappuram North","ward_label":"Ward 30 – Edakkadappuram North","local_body":"Tanur","local_body_id":"tanur","lsgd_type":"Municipality","source":"Delimitation Commission, Kerala — 2024 ward delimitation (wardmap.ksmart.live)","source_date":"2024-10-20","delimitation":"2024","acquired":"2026-09-30"}},{"type":"Feature","geometry":{"type":"Polygon","coordinates":[[[75.8721178469,10.9774800081],[75.8722254915,10.9771800417],[75.8728504261,10.9760850561],[75.8730279181,10.9753623517],[75.8724703921,10.975294815],[75.871878669,10.9753375881],[75.8714177123,10.9751255996],[75.8716200798,10.9741821678],[75.8714697496,10.9735417701],[75.8714810576,10.9731340963],[75.8715742664,10.9725425245],[75.8709773588,10.9724649121],[75.8709086764,10.9723142854],[75.8700626086,10.9720757266],[75.8691223824,10.9718696406],[75.8690368043,10.972312945],[75.8685982697,10.9736530766],[75.8680710579,10.9750044054],[75.8672834135,10.976693159],[75.8684032722,10.9770305098],[75.8696386474,10.9772475496],[75.8702945394,10.9772698054],[75.8703899325,10.977178234],[75.8706939988,10.9772101671],[75.8721157877,10.977483586],[75.8721178469,10.9774800081]]]},"properties":{"id":"tanur-w31","ward_no":31,"ward_name":"Tanur Nagaram","ward_label":"Ward 31 – Tanur Nagaram","local_body":"Tanur","local_body_id":"tanur","lsgd_type":"Municipality","source":"Delimitation Commission, Kerala — 2024 ward delimitation (wardmap.ksmart.live)","source_date":"2024-10-20","delimitation":"2024","acquired":"2026-09-30"}},{"type":"Feature","geometry":{"type":"Polygon","coordinates":[[[75.8721157877,10.977483586],[75.8706939988,10.9772101671],[75.8703899325,10.977178234],[75.8702945394,10.9772698054],[75.8696386474,10.9772475496],[75.8684032722,10.9770305098],[75.8672834135,10.976693159],[75.8658626715,10.9762548754],[75.8638889047,10.9756005985],[75.8635638394,10.9755088989],[75.8632105636,10.9754767028],[75.8624535056,10.9755567842],[75.8620212443,10.9756768047],[75.8613842155,10.9760730135],[75.8609039346,10.9765334766],[75.8604814406,10.977043776],[75.8601426746,10.9775981052],[75.8598921336,10.9782704369],[75.8675053981,10.980634581],[75.8681964887,10.980763478],[75.869055703,10.9808689028],[75.8692294083,10.9809270622],[75.869612029,10.9799944785],[75.8702439357,10.9801687657],[75.8704004176,10.980037454],[75.8706144247,10.9796199245],[75.8706982132,10.9792900269],[75.8716442764,10.9793262567],[75.8717820509,10.9787330465],[75.8721157877,10.977483586]]]},"properties":{"id":"tanur-w32","ward_no":32,"ward_name":"Harber","ward_label":"Ward 32 – Harber","local_body":"Tanur","local_body_id":"tanur","lsgd_type":"Municipality","source":"Delimitation Commission, Kerala — 2024 ward delimitation (wardmap.ksmart.live)","source_date":"2024-10-20","delimitation":"2024","acquired":"2026-09-30"}},{"type":"Feature","geometry":{"type":"Polygon","coordinates":[[[75.8716442764,10.9793262567],[75.8706982132,10.9792900269],[75.8706144247,10.9796199245],[75.8704004176,10.980037454],[75.8702439357,10.9801687657],[75.869612029,10.9799944785],[75.8692294083,10.9809270622],[75.869055703,10.9808689028],[75.8681964887,10.980763478],[75.8675053981,10.980634581],[75.8598921336,10.9782704369],[75.859473823,10.9791637924],[75.8592258492,10.9799289092],[75.8591208294,10.9804736522],[75.8594331219,10.9805150598],[75.8604153664,10.9803413972],[75.8607990446,10.9803736962],[75.8611146993,10.9804783365],[75.8616803225,10.9807723133],[75.8624772029,10.9811329885],[75.8631691461,10.9814017309],[75.8645590709,10.981897567],[75.8665347912,10.9825855873],[75.8666946194,10.9823192081],[75.8669648622,10.9821227195],[75.8674630505,10.9821836127],[75.8681514458,10.9823486547],[75.8686413947,10.9825490444],[75.8689601742,10.9826040203],[75.8689158926,10.9828945941],[75.8693713442,10.9829508722],[75.8696350678,10.9832678882],[75.8706131101,10.9836081698],[75.8707131042,10.983136532],[75.8714017237,10.9803687639],[75.8716442764,10.9793262567]]]},"properties":{"id":"tanur-w33","ward_no":33,"ward_name":"Elarankadappuram","ward_label":"Ward 33 – Elarankadappuram","local_body":"Tanur","local_body_id":"tanur","lsgd_type":"Municipality","source":"Delimitation Commission, Kerala — 2024 ward delimitation (wardmap.ksmart.live)","source_date":"2024-10-20","delimitation":"2024","acquired":"2026-09-30"}},{"type":"Feature","geometry":{"type":"Polygon","coordinates":[[[75.8791463515,10.9830371566],[75.879335902,10.9825905474],[75.8801320621,10.9809128359],[75.8806413081,10.9798480972],[75.8813746922,10.9786583117],[75.8814129339,10.9785225802],[75.881691097,10.9780786142],[75.881313453,10.977895042],[75.880727484,10.9776853402],[75.8785635574,10.9772636969],[75.8782629077,10.9772262847],[75.8774250959,10.9771555943],[75.8764294844,10.9770336744],[75.8761663412,10.9770750353],[75.8760621949,10.9772012578],[75.8756674701,10.9783084863],[75.8753998546,10.9783333279],[75.8749791483,10.9782031576],[75.8738525037,10.9779826119],[75.8731894801,10.9779057377],[75.8721178469,10.9774800081],[75.8721157877,10.977483586],[75.8717820509,10.9787330465],[75.8716442764,10.9793262567],[75.8714017237,10.9803687639],[75.8717826154,10.9804300294],[75.8719808716,10.9799695257],[75.8724868873,10.9801657625],[75.8729199734,10.9802516653],[75.8729853435,10.9803962457],[75.8735933333,10.9806516667],[75.87378067,10.9805132012],[75.8740294815,10.9805413996],[75.8740933333,10.9806866667],[75.8747299166,10.9809041383],[75.8747401113,10.9811296523],[75.8746304547,10.9813199955],[75.8746541086,10.9815260657],[75.875400134,10.9816611287],[75.8753845629,10.9818721603],[75.8755033333,10.982025],[75.8760635955,10.9819683188],[75.8762866372,10.9820453877],[75.8763044513,10.982251191],[75.8769948077,10.9824483743],[75.877252874,10.9824484609],[75.8785641881,10.9826982199],[75.8786203266,10.9828749958],[75.8791463515,10.9830371566]]]},"properties":{"id":"tanur-w34","ward_no":34,"ward_name":"Tanur Central","ward_label":"Ward 34 – Tanur Central","local_body":"Tanur","local_body_id":"tanur","lsgd_type":"Municipality","source":"Delimitation Commission, Kerala — 2024 ward delimitation (wardmap.ksmart.live)","source_date":"2024-10-17","delimitation":"2024","acquired":"2026-09-30"}},{"type":"Feature","geometry":{"type":"Polygon","coordinates":[[[75.8778590887,10.9871193501],[75.8782631564,10.9855865985],[75.878582423,10.984580986],[75.8791463515,10.9830371566],[75.8786203266,10.9828749958],[75.8785641881,10.9826982199],[75.877252874,10.9824484609],[75.8769948077,10.9824483743],[75.8763044513,10.982251191],[75.8762866372,10.9820453877],[75.8760635955,10.9819683188],[75.8755033333,10.982025],[75.8753845629,10.9818721603],[75.875400134,10.9816611287],[75.8746541086,10.9815260657],[75.8746304547,10.9813199955],[75.8747401113,10.9811296523],[75.8747299166,10.9809041383],[75.8740933333,10.9806866667],[75.8740294815,10.9805413996],[75.87378067,10.9805132012],[75.8735933333,10.9806516667],[75.8729853435,10.9803962457],[75.8729199734,10.9802516653],[75.8724868873,10.9801657625],[75.8719808716,10.9799695257],[75.8717826154,10.9804300294],[75.8714017237,10.9803687639],[75.8707131042,10.983136532],[75.8706131101,10.9836081698],[75.8706642032,10.9836179533],[75.8704908776,10.9843872271],[75.871461118,10.9846450797],[75.87194751,10.98471931],[75.8722287166,10.9849803102],[75.8730862623,10.9851528294],[75.8735972685,10.9853372459],[75.8737468134,10.9852053042],[75.87372107,10.98501943],[75.8739566862,10.9841365102],[75.8750649985,10.9843423572],[75.8749947811,10.984911505],[75.8749154607,10.9852472918],[75.8748604136,10.9857930029],[75.8749021568,10.9858313791],[75.8757021646,10.9858700872],[75.8756713621,10.9860736444],[75.8768588487,10.986435481],[75.87677794,10.98664912],[75.87678699,10.98690141],[75.8778590887,10.9871193501]]]},"properties":{"id":"tanur-w35","ward_no":35,"ward_name":"Civil Station","ward_label":"Ward 35 – Civil Station","local_body":"Tanur","local_body_id":"tanur","lsgd_type":"Municipality","source":"Delimitation Commission, Kerala — 2024 ward delimitation (wardmap.ksmart.live)","source_date":"2024-10-18","delimitation":"2024","acquired":"2026-09-30"}},{"type":"Feature","geometry":{"type":"Polygon","coordinates":[[[75.8777348033,10.9876352461],[75.8778165751,10.9873073527],[75.8778590887,10.9871193501],[75.87678699,10.98690141],[75.87677794,10.98664912],[75.8768588487,10.986435481],[75.8756713621,10.9860736444],[75.8757021646,10.9858700872],[75.8749021568,10.9858313791],[75.8748604136,10.9857930029],[75.8749154607,10.9852472918],[75.8749947811,10.984911505],[75.8750649985,10.9843423572],[75.8739566862,10.9841365102],[75.87372107,10.98501943],[75.8737468134,10.9852053042],[75.8735972685,10.9853372459],[75.8730862623,10.9851528294],[75.8722287166,10.9849803102],[75.87194751,10.98471931],[75.871461118,10.9846450797],[75.8704908776,10.9843872271],[75.8700520772,10.9858586458],[75.8698478553,10.9869073401],[75.8696653391,10.9877044426],[75.8696064828,10.9887395972],[75.8695324067,10.9892781694],[75.8692691632,10.9895702771],[75.8694446305,10.9896961032],[75.8701694849,10.9899586688],[75.87076981,10.990084501],[75.8710738925,10.9900679583],[75.8712767178,10.9896802813],[75.8714657245,10.989647947],[75.8717203695,10.9898138522],[75.8722025354,10.9899588696],[75.8734135927,10.9902292016],[75.8735668997,10.9903973349],[75.8740870006,10.9906652758],[75.8742328619,10.990398371],[75.8743443329,10.9899017668],[75.8743386871,10.9896231552],[75.8757184103,10.9896835524],[75.875785104,10.9894878001],[75.8757784141,10.9890917739],[75.8758456155,10.9887152603],[75.8762973193,10.9878775324],[75.8765168861,10.987752822],[75.8766709344,10.9874504274],[75.8777348033,10.9876352461]]]},"properties":{"id":"tanur-w36","ward_no":36,"ward_name":"Chellikkadu","ward_label":"Ward 36 – Chellikkadu","local_body":"Tanur","local_body_id":"tanur","lsgd_type":"Municipality","source":"Delimitation Commission, Kerala — 2024 ward delimitation (wardmap.ksmart.live)","source_date":"2024-10-18","delimitation":"2024","acquired":"2026-09-30"}},{"type":"Feature","geometry":{"type":"Polygon","coordinates":[[[75.8706131101,10.9836081698],[75.8696350678,10.9832678882],[75.8693713442,10.9829508722],[75.8689158926,10.9828945941],[75.8689601742,10.9826040203],[75.8686413947,10.9825490444],[75.8681514458,10.9823486547],[75.8674630505,10.9821836127],[75.8669648622,10.9821227195],[75.8666946194,10.9823192081],[75.8665347912,10.9825855873],[75.866406814,10.9828006982],[75.8671669939,10.9829259309],[75.8685712511,10.9832053126],[75.8688030658,10.9832722756],[75.8684322705,10.9844742009],[75.8683068028,10.9849865988],[75.8681108355,10.9860918849],[75.8678399027,10.9873159869],[75.868963314,10.9874038128],[75.8689294032,10.9876548978],[75.8696653391,10.9877044426],[75.8698478553,10.9869073401],[75.8700520772,10.9858586458],[75.8704908776,10.9843872271],[75.8706642032,10.9836179533],[75.8706131101,10.9836081698]]]},"properties":{"id":"tanur-w37","ward_no":37,"ward_name":"C.H.C","ward_label":"Ward 37 – C.H.C","local_body":"Tanur","local_body_id":"tanur","lsgd_type":"Municipality","source":"Delimitation Commission, Kerala — 2024 ward delimitation (wardmap.ksmart.live)","source_date":"2024-10-18","delimitation":"2024","acquired":"2026-09-30"}},{"type":"Feature","geometry":{"type":"Polygon","coordinates":[[[75.8678399027,10.9873159869],[75.8681108355,10.9860918849],[75.8683068028,10.9849865988],[75.8684322705,10.9844742009],[75.8688030658,10.9832722756],[75.8685712511,10.9832053126],[75.8671669939,10.9829259309],[75.866406814,10.9828006982],[75.8654153959,10.9867336872],[75.8662811305,10.9869066795],[75.866288983,10.9871911462],[75.8667427549,10.9872694987],[75.8667707725,10.9874796754],[75.8677577768,10.9875987561],[75.8678399027,10.9873159869]]]},"properties":{"id":"tanur-w38","ward_no":38,"ward_name":"Pandarakkadappuram","ward_label":"Ward 38 – Pandarakkadappuram","local_body":"Tanur","local_body_id":"tanur","lsgd_type":"Municipality","source":"Delimitation Commission, Kerala — 2024 ward delimitation (wardmap.ksmart.live)","source_date":"2024-10-20","delimitation":"2024","acquired":"2026-09-30"}},{"type":"Feature","geometry":{"type":"Polygon","coordinates":[[[75.8677577768,10.9875987561],[75.8667707725,10.9874796754],[75.8667427549,10.9872694987],[75.866288983,10.9871911462],[75.8662811305,10.9869066795],[75.8654153959,10.9867336872],[75.8642909674,10.9907823261],[75.8650884954,10.990952171],[75.8659252985,10.9910551501],[75.866803622,10.9911260878],[75.8668809511,10.9908613647],[75.8668750086,10.9899184327],[75.8672929462,10.9893712722],[75.8675147154,10.9884195396],[75.8677577768,10.9875987561]]]},"properties":{"id":"tanur-w39","ward_no":39,"ward_name":"Chappappadi","ward_label":"Ward 39 – Chappappadi","local_body":"Tanur","local_body_id":"tanur","lsgd_type":"Municipality","source":"Delimitation Commission, Kerala — 2024 ward delimitation (wardmap.ksmart.live)","source_date":"2024-10-18","delimitation":"2024","acquired":"2026-09-30"}},{"type":"Feature","geometry":{"type":"Polygon","coordinates":[[[75.8692691632,10.9895702771],[75.8695324067,10.9892781694],[75.8696064828,10.9887395972],[75.8696653391,10.9877044426],[75.8689294032,10.9876548978],[75.868963314,10.9874038128],[75.8678399027,10.9873159869],[75.8677577768,10.9875987561],[75.8675147154,10.9884195396],[75.8672929462,10.9893712722],[75.8668750086,10.9899184327],[75.8668809511,10.9908613647],[75.866803622,10.9911260878],[75.8659252985,10.9910551501],[75.8650884954,10.990952171],[75.8642909674,10.9907823261],[75.863856337,10.9925148165],[75.8649748198,10.9927189603],[75.8653463946,10.9926271866],[75.8662153336,10.9928901104],[75.8660657283,10.9933675466],[75.8676039057,10.9938035127],[75.8679916166,10.9930213245],[75.868230416,10.9924578411],[75.8684328395,10.9917684158],[75.8691271046,10.9898181039],[75.8692691632,10.9895702771]]]},"properties":{"id":"tanur-w40","ward_no":40,"ward_name":"Albazar","ward_label":"Ward 40 – Albazar","local_body":"Tanur","local_body_id":"tanur","lsgd_type":"Municipality","source":"Delimitation Commission, Kerala — 2024 ward delimitation (wardmap.ksmart.live)","source_date":"2024-10-18","delimitation":"2024","acquired":"2026-09-30"}},{"type":"Feature","geometry":{"type":"Polygon","coordinates":[[[75.8767582339,10.992164645],[75.8777348033,10.9876352461],[75.8766709344,10.9874504274],[75.8765168861,10.987752822],[75.8762973193,10.9878775324],[75.8758456155,10.9887152603],[75.8757784141,10.9890917739],[75.875785104,10.9894878001],[75.8757184103,10.9896835524],[75.8743386871,10.9896231552],[75.8743443329,10.9899017668],[75.8742328619,10.990398371],[75.8740870006,10.9906652758],[75.8735668997,10.9903973349],[75.8734135927,10.9902292016],[75.8722025354,10.9899588696],[75.8717203695,10.9898138522],[75.8714657245,10.989647947],[75.8712767178,10.9896802813],[75.8710738925,10.9900679583],[75.87076981,10.990084501],[75.8701694849,10.9899586688],[75.8694446305,10.9896961032],[75.8692691632,10.9895702771],[75.8691271046,10.9898181039],[75.8684328395,10.9917684158],[75.868230416,10.9924578411],[75.8679916166,10.9930213245],[75.8676039057,10.9938035127],[75.867604476,10.9938043062],[75.8680106377,10.9939270078],[75.8695033296,10.9940494541],[75.870250897,10.9941693347],[75.8708346575,10.994149626],[75.8711748538,10.994367358],[75.8715467394,10.9944736953],[75.8730603526,10.9943697497],[75.8730825434,10.9939105294],[75.8733183424,10.9930293405],[75.8734433352,10.9923035853],[75.8736092554,10.991715947],[75.8740052496,10.9918010419],[75.8742256209,10.9917413738],[75.875219825,10.9918668078],[75.8754503071,10.9919507449],[75.8767582339,10.992164645]]]},"properties":{"id":"tanur-w41","ward_no":41,"ward_name":"Chirakkal","ward_label":"Ward 41 – Chirakkal","local_body":"Tanur","local_body_id":"tanur","lsgd_type":"Municipality","source":"Delimitation Commission, Kerala — 2024 ward delimitation (wardmap.ksmart.live)","source_date":"2024-10-18","delimitation":"2024","acquired":"2026-09-30"}},{"type":"Feature","geometry":{"type":"Polygon","coordinates":[[[75.8746735299,11.0019522863],[75.8751865381,10.9994591435],[75.8754403708,10.998342255],[75.8760499465,10.9955286306],[75.8763125597,10.9943303224],[75.8767582339,10.992164645],[75.8754503071,10.9919507449],[75.875219825,10.9918668078],[75.8742256209,10.9917413738],[75.8740052496,10.9918010419],[75.8736092554,10.991715947],[75.8734433352,10.9923035853],[75.8733183424,10.9930293405],[75.8730825434,10.9939105294],[75.8730603526,10.9943697497],[75.8715467394,10.9944736953],[75.8711748538,10.994367358],[75.8708346575,10.994149626],[75.870250897,10.9941693347],[75.8695033296,10.9940494541],[75.8692912392,10.9950324177],[75.8690674356,10.9957722584],[75.8686578422,10.9959189713],[75.868548566,10.9966794706],[75.868313326,10.9968265134],[75.8682507587,10.9971556378],[75.8706958565,10.997411493],[75.8707294232,10.9973666172],[75.8712807835,10.9973661623],[75.871525294,10.9974349806],[75.8715453155,10.9978053257],[75.8720569306,10.9979126186],[75.8726627861,10.9980833526],[75.8725710755,10.9993456668],[75.8724729997,11.0001089435],[75.8725247895,11.0003637872],[75.873083296,11.0007711142],[75.8733524787,11.0011342136],[75.8734698106,11.0019010865],[75.8741086507,11.0018427141],[75.8746735299,11.0019522863]]]},"properties":{"id":"tanur-w42","ward_no":42,"ward_name":"Chirakkal North","ward_label":"Ward 42 – Chirakkal North","local_body":"Tanur","local_body_id":"tanur","lsgd_type":"Municipality","source":"Delimitation Commission, Kerala — 2024 ward delimitation (wardmap.ksmart.live)","source_date":"2024-10-18","delimitation":"2024","acquired":"2026-09-30"}},{"type":"Feature","geometry":{"type":"Polygon","coordinates":[[[75.864487202,11.0055071733],[75.8648242476,11.0055513768],[75.8663335177,11.0063170983],[75.8666503102,11.0065760911],[75.8671113432,11.0065798677],[75.8673054783,11.0062039497],[75.8676638545,11.0052057332],[75.8690525922,11.005512481],[75.8700069914,11.0057772233],[75.8701345392,11.0058653309],[75.8700261132,11.006208588],[75.8697622394,11.0072306055],[75.8696851212,11.007886666],[75.8695648652,11.0085039479],[75.8694050177,11.0090771081],[75.8688638336,11.0102722965],[75.8692904124,11.0104026967],[75.8697812038,11.0106043773],[75.869636431,11.0108661656],[75.8697491794,11.0109892354],[75.8704427462,11.0111636838],[75.8709241313,11.0112550547],[75.871122558,11.0113435446],[75.8718788264,11.0115318064],[75.8717926381,11.0112344553],[75.8718252786,11.0109239228],[75.872133852,11.0095286853],[75.8722009577,11.0087862131],[75.8725169196,11.00782194],[75.8729357793,11.0064677803],[75.8729655479,11.00584186],[75.8730826686,11.0053868185],[75.8738742648,11.0057734935],[75.8739987966,11.0050890855],[75.8743200235,11.0036329505],[75.8746731845,11.0019544051],[75.8746735299,11.0019522863],[75.8741086507,11.0018427141],[75.8734698106,11.0019010865],[75.8733524787,11.0011342136],[75.873083296,11.0007711142],[75.8725247895,11.0003637872],[75.8724729997,11.0001089435],[75.8725710755,10.9993456668],[75.8726627861,10.9980833526],[75.8720569306,10.9979126186],[75.8715453155,10.9978053257],[75.871525294,10.9974349806],[75.8712807835,10.9973661623],[75.8707294232,10.9973666172],[75.8706958565,10.997411493],[75.8682507587,10.9971556378],[75.868313326,10.9968265134],[75.868548566,10.9966794706],[75.8686578422,10.9959189713],[75.8690674356,10.9957722584],[75.8692912392,10.9950324177],[75.8695033296,10.9940494541],[75.8680106377,10.9939270078],[75.867604476,10.9938043062],[75.8674094941,10.9943797553],[75.8667309558,10.9967457113],[75.8664507854,10.9978181423],[75.8661535376,10.9999730622],[75.8658053701,11.001907311],[75.865640844,11.0026271511],[75.8652573336,11.0028000465],[75.8650993177,11.0029586763],[75.8647898887,11.004503912],[75.8646610827,11.0053457853],[75.864487202,11.0055071733]]]},"properties":{"id":"tanur-w43","ward_no":43,"ward_name":"Mukkola","ward_label":"Ward 43 – Mukkola","local_body":"Tanur","local_body_id":"tanur","lsgd_type":"Municipality","source":"Delimitation Commission, Kerala — 2024 ward delimitation (wardmap.ksmart.live)","source_date":"2024-10-18","delimitation":"2024","acquired":"2026-09-30"}},{"type":"Feature","geometry":{"type":"Polygon","coordinates":[[[75.8676039057,10.9938035127],[75.8660657283,10.9933675466],[75.8662153336,10.9928901104],[75.8653463946,10.9926271866],[75.8649748198,10.9927189603],[75.863856337,10.9925148165],[75.8630371617,10.9957771454],[75.8629892774,10.9960043173],[75.8622348027,10.9990445932],[75.8639873464,10.9993838674],[75.8646162362,10.9974982707],[75.8648647882,10.9975658105],[75.8652325594,10.9975667562],[75.8664507854,10.9978181423],[75.8667309558,10.9967457113],[75.8674094941,10.9943797553],[75.867604476,10.9938043062],[75.8676039057,10.9938035127]]]},"properties":{"id":"tanur-w44","ward_no":44,"ward_name":"Kormankadappuram North","ward_label":"Ward 44 – Kormankadappuram North","local_body":"Tanur","local_body_id":"tanur","lsgd_type":"Municipality","source":"Delimitation Commission, Kerala — 2024 ward delimitation (wardmap.ksmart.live)","source_date":"2024-10-17","delimitation":"2024","acquired":"2026-09-30"}},{"type":"Feature","geometry":{"type":"Polygon","coordinates":[[[75.8611218411,11.0032540375],[75.862450744,11.0036399218],[75.8619377595,11.0054962014],[75.8622277009,11.0055801662],[75.8622700501,11.0056939428],[75.863797741,11.0061470962],[75.864487202,11.0055071733],[75.8646610827,11.0053457853],[75.8647898887,11.004503912],[75.8650993177,11.0029586763],[75.8652573336,11.0028000465],[75.865640844,11.0026271511],[75.8658053701,11.001907311],[75.8661535376,10.9999730622],[75.8664507854,10.9978181423],[75.8652325594,10.9975667562],[75.8648647882,10.9975658105],[75.8646162362,10.9974982707],[75.8639873464,10.9993838674],[75.8622348027,10.9990445932],[75.861656469,11.0013455775],[75.8611218411,11.0032540375]]]},"properties":{"id":"tanur-w45","ward_no":45,"ward_name":"Companippadi","ward_label":"Ward 45 – Companippadi","local_body":"Tanur","local_body_id":"tanur","lsgd_type":"Municipality","source":"Delimitation Commission, Kerala — 2024 ward delimitation (wardmap.ksmart.live)","source_date":"2024-10-17","delimitation":"2024","acquired":"2026-09-30"}}]}