{"type":"FeatureCollection","features":[{"type":"Feature","geometry":{"type":"Polygon","coordinates":[[[75.883798,11.020353],[75.883885,11.020239],[75.882305,11.019515],[75.880409,11.019055],[75.87936,11.018632],[75.878312,11.018237],[75.876789,11.017884],[75.876071,11.017786],[75.875525,11.017729],[75.872523,11.017616],[75.871252,11.017278],[75.870143,11.017162],[75.868315,11.017294],[75.86824,11.017293],[75.866442,11.017381],[75.865724,11.017014],[75.865158,11.016278],[75.865077,11.015141],[75.865951,11.013845],[75.866227,11.013026],[75.867048,11.010594],[75.867698,11.007822],[75.867292,11.006107],[75.866604,11.005631],[75.865209,11.005073],[75.864995,11.004546],[75.864598,11.004546],[75.863838,11.005109],[75.863203,11.005473],[75.862334,11.006166],[75.861894,11.006947],[75.861712,11.007884],[75.861894,11.009032],[75.862495,11.010433],[75.862602,11.011381],[75.86243,11.012065],[75.861937,11.012466],[75.861765,11.012961],[75.861272,11.014119],[75.861132,11.014972],[75.860724,11.017005],[75.860306,11.017994],[75.859941,11.018152],[75.859115,11.018395],[75.858332,11.018847],[75.857871,11.018826],[75.85727,11.018858],[75.85695,11.019101],[75.856844,11.019416],[75.856803,11.01952],[75.856963,11.019506],[75.857646,11.019449],[75.858762,11.019364],[75.858769,11.019361],[75.859333,11.019318],[75.859855,11.019278],[75.85994,11.019266],[75.860053,11.019255],[75.860052,11.019255],[75.860147,11.019402],[75.860151,11.019412],[75.860249,11.019595],[75.860505,11.019437],[75.860918,11.018821],[75.8614,11.017642],[75.861583,11.016883],[75.861813,11.015799],[75.862017,11.014893],[75.862516,11.014035],[75.86316,11.012655],[75.863525,11.01097],[75.863686,11.009938],[75.863578,11.009138],[75.863664,11.007695],[75.864061,11.006821],[75.864769,11.006579],[75.865563,11.006568],[75.866175,11.0074],[75.866293,11.007958],[75.865831,11.010633],[75.864984,11.013308],[75.864083,11.015183],[75.864083,11.016057],[75.864158,11.01731],[75.864321,11.017447],[75.864328,11.017448],[75.864329,11.017447],[75.866206,11.017719],[75.868257,11.017813],[75.870196,11.017803],[75.871524,11.017975],[75.873031,11.018071],[75.873336,11.01809],[75.873336,11.018085],[75.875194,11.018173],[75.875194,11.018175],[75.875673,11.018197],[75.879033,11.018893],[75.883768,11.020345],[75.883798,11.020353]]]},"properties":{"id":"osm-w147727225","osm_id":147727225,"name":"","name_ml":"","waterway":"","kind":"waterbody","source":"OpenStreetMap (Overpass API)","license":"ODbL 1.0","source_date":"2026-09-30"}},{"type":"Feature","geometry":{"type":"Polygon","coordinates":[[[75.873611,10.990482],[75.87367,10.990507],[75.873983,10.990641],[75.874082,10.990534],[75.87417,10.990115],[75.87422,10.989715],[75.873822,10.989672],[75.873696,10.989811],[75.873409,10.99027],[75.873418,10.990283],[75.873461,10.990347],[75.873511,10.990422],[75.873611,10.990482]]]},"properties":{"id":"osm-w370444480","osm_id":370444480,"name":"Thamarakkulam Tanur","name_ml":"","waterway":"","kind":"waterbody","source":"OpenStreetMap (Overpass API)","license":"ODbL 1.0","source_date":"2026-09-30"}},{"type":"Feature","geometry":{"type":"Polygon","coordinates":[[[75.875263,11.003424],[75.875787,11.00334],[75.875824,11.002862],[75.875263,11.002765],[75.875263,11.003424]]]},"properties":{"id":"osm-w465581149","osm_id":465581149,"name":"","name_ml":"","waterway":"","kind":"waterbody","source":"OpenStreetMap (Overpass API)","license":"ODbL 1.0","source_date":"2026-09-30"}},{"type":"Feature","geometry":{"type":"Polygon","coordinates":[[[75.881395,10.927996],[75.88147,10.927874],[75.881569,10.927878],[75.881675,10.927874],[75.881724,10.927947],[75.881728,10.928048],[75.88182,10.928118],[75.881908,10.928236],[75.882022,10.928222],[75.882018,10.928159],[75.881894,10.928048],[75.881901,10.927972],[75.881785,10.927885],[75.881749,10.927767],[75.881657,10.927565],[75.881498,10.927485],[75.881385,10.927523],[75.881378,10.927485],[75.881349,10.927329],[75.881289,10.927287],[75.881293,10.927176],[75.881363,10.927086],[75.881307,10.926901],[75.881236,10.926543],[75.881296,10.926418],[75.881247,10.926335],[75.881261,10.926283],[75.881339,10.926252],[75.881413,10.926047],[75.881385,10.925866],[75.881498,10.925532],[75.881597,10.925233],[75.881608,10.924851],[75.881625,10.924698],[75.881491,10.924723],[75.881455,10.924962],[75.881381,10.925324],[75.881286,10.925706],[75.88125,10.925977],[75.881278,10.926126],[75.881239,10.926258],[75.881204,10.926352],[75.881179,10.926477],[75.881077,10.926616],[75.880995,10.92679],[75.880932,10.926943],[75.880935,10.927117],[75.880932,10.927259],[75.881017,10.92743],[75.881186,10.927652],[75.881395,10.927996]]]},"properties":{"id":"osm-w678729236","osm_id":678729236,"name":"","name_ml":"","waterway":"","kind":"waterbody","source":"OpenStreetMap (Overpass API)","license":"ODbL 1.0","source_date":"2026-09-30"}},{"type":"Feature","geometry":{"type":"Polygon","coordinates":[[[75.878102,10.963517],[75.878044,10.963483],[75.877988,10.963451],[75.877642,10.963423],[75.877651,10.963598],[75.877553,10.963763],[75.877212,10.963776],[75.877198,10.963928],[75.87717,10.964184],[75.877231,10.964455],[75.877479,10.964936],[75.877521,10.965065],[75.877455,10.965459],[75.877474,10.965844],[75.877436,10.966348],[75.877493,10.966825],[75.877525,10.967114],[75.877684,10.967275],[75.877946,10.967563],[75.878081,10.967907],[75.878198,10.968196],[75.878286,10.968402],[75.878123,10.968659],[75.878067,10.969122],[75.878081,10.969517],[75.877969,10.969993],[75.877871,10.970397],[75.877843,10.970676],[75.87796,10.970947],[75.878053,10.971318],[75.878268,10.971717],[75.878319,10.971754],[75.878398,10.971538],[75.878403,10.971286],[75.878389,10.970782],[75.878272,10.970443],[75.878216,10.970291],[75.87831,10.969989],[75.87845,10.969507],[75.878515,10.96876],[75.878604,10.968444],[75.878702,10.968256],[75.87908,10.968283],[75.879122,10.968696],[75.879566,10.968934],[75.880168,10.969283],[75.8805,10.96953],[75.880326,10.970002],[75.880477,10.970084],[75.880641,10.970006],[75.880868,10.970074],[75.881103,10.970735],[75.881323,10.970791],[75.881426,10.970559],[75.881471,10.97009],[75.881583,10.96986],[75.881994,10.970007],[75.882027,10.969461],[75.882279,10.969439],[75.882153,10.969008],[75.882195,10.968742],[75.88248,10.968245],[75.882737,10.967666],[75.882712,10.967312],[75.882522,10.967293],[75.882381,10.967749],[75.882199,10.968022],[75.881878,10.96826],[75.881906,10.968531],[75.881621,10.968875],[75.881752,10.969301],[75.881285,10.96913],[75.881252,10.969118],[75.880948,10.968888],[75.880729,10.968549],[75.880463,10.968224],[75.880224,10.968022],[75.880061,10.968114],[75.879907,10.968104],[75.879566,10.967852],[75.879286,10.96755],[75.879225,10.967192],[75.878982,10.966802],[75.878819,10.966394],[75.878553,10.966092],[75.878403,10.965606],[75.878711,10.965638],[75.878894,10.96517],[75.878973,10.965037],[75.878996,10.964955],[75.879043,10.964716],[75.878908,10.964547],[75.878964,10.964331],[75.879178,10.963923],[75.879337,10.963749],[75.879468,10.963511],[75.879468,10.96324],[75.879482,10.96302],[75.879454,10.962841],[75.879132,10.96285],[75.878964,10.962919],[75.878805,10.963043],[75.878543,10.963011],[75.878235,10.96296],[75.878142,10.963084],[75.878039,10.963135],[75.878025,10.963368],[75.878122,10.963427],[75.87816,10.963469],[75.878138,10.963501],[75.878102,10.963517]]]},"properties":{"id":"osm-w678729253","osm_id":678729253,"name":"","name_ml":"","waterway":"","kind":"wetland","source":"OpenStreetMap (Overpass API)","license":"ODbL 1.0","source_date":"2026-09-30"}},{"type":"Feature","geometry":{"type":"Polygon","coordinates":[[[75.868655,11.000522],[75.868615,11.00057],[75.868273,11.00081],[75.867899,11.001097],[75.867525,11.001249],[75.867119,11.00136],[75.866964,11.002749],[75.866923,11.002925],[75.867761,11.002989],[75.868062,11.003013],[75.868143,11.002661],[75.868972,11.002765],[75.869038,11.002637],[75.869086,11.001975],[75.869306,11.001831],[75.86946,11.001368],[75.869452,11.000937],[75.869522,11.000594],[75.86968,11.000203],[75.869745,10.999668],[75.86968,10.999477],[75.869566,10.998942],[75.869485,10.99891],[75.869395,10.999174],[75.869103,10.999469],[75.869021,10.999668],[75.868867,10.999956],[75.868729,11.000155],[75.868655,11.000522]]]},"properties":{"id":"osm-w678729282","osm_id":678729282,"name":"","name_ml":"","waterway":"","kind":"wetland","source":"OpenStreetMap (Overpass API)","license":"ODbL 1.0","source_date":"2026-09-30"}},{"type":"Feature","geometry":{"type":"Polygon","coordinates":[[[75.872493,11.001543],[75.87246,11.001427],[75.872503,11.001375],[75.872498,11.001306],[75.872423,11.001253],[75.872316,11.001238],[75.872283,11.001329],[75.8723,11.001453],[75.872329,11.001547],[75.872407,11.001503],[75.872493,11.001543]]]},"properties":{"id":"osm-w760794202","osm_id":760794202,"name":"","name_ml":"","waterway":"","kind":"waterbody","source":"OpenStreetMap (Overpass API)","license":"ODbL 1.0","source_date":"2026-09-30"}},{"type":"Feature","geometry":{"type":"Polygon","coordinates":[[[75.890649,10.979842],[75.89061,10.980062],[75.890676,10.98004],[75.890743,10.98006],[75.890813,10.980054],[75.890812,10.979859],[75.890649,10.979842]]]},"properties":{"id":"osm-w791065603","osm_id":791065603,"name":"","name_ml":"","waterway":"","kind":"waterbody","source":"OpenStreetMap (Overpass API)","license":"ODbL 1.0","source_date":"2026-09-30"}},{"type":"Feature","geometry":{"type":"Polygon","coordinates":[[[75.890168,10.979318],[75.890187,10.979395],[75.890294,10.979408],[75.890305,10.9793],[75.890168,10.979318]]]},"properties":{"id":"osm-w791065604","osm_id":791065604,"name":"","name_ml":"","waterway":"","kind":"waterbody","source":"OpenStreetMap (Overpass API)","license":"ODbL 1.0","source_date":"2026-09-30"}},{"type":"Feature","geometry":{"type":"Polygon","coordinates":[[[75.889528,10.960922],[75.889689,10.960953],[75.889786,10.960664],[75.88956,10.960621],[75.889528,10.960922]]]},"properties":{"id":"osm-w791065606","osm_id":791065606,"name":"","name_ml":"","waterway":"","kind":"waterbody","source":"OpenStreetMap (Overpass API)","license":"ODbL 1.0","source_date":"2026-09-30"}},{"type":"Feature","geometry":{"type":"Polygon","coordinates":[[[75.959703,10.947038],[75.959681,10.947092],[75.959744,10.94711],[75.959817,10.947118],[75.959803,10.947042],[75.959703,10.947038]]]},"properties":{"id":"osm-w798995389","osm_id":798995389,"name":"","name_ml":"","waterway":"","kind":"waterbody","source":"OpenStreetMap (Overpass API)","license":"ODbL 1.0","source_date":"2026-09-30"}},{"type":"Feature","geometry":{"type":"Polygon","coordinates":[[[75.959703,10.946831],[75.95969,10.946906],[75.959724,10.946889],[75.959768,10.946918],[75.959741,10.946968],[75.959795,10.946997],[75.959844,10.947001],[75.959848,10.946958],[75.959855,10.946906],[75.9598,10.946877],[75.959703,10.946831]]]},"properties":{"id":"osm-w798995390","osm_id":798995390,"name":"","name_ml":"","waterway":"","kind":"waterbody","source":"OpenStreetMap (Overpass API)","license":"ODbL 1.0","source_date":"2026-09-30"}},{"type":"Feature","geometry":{"type":"Polygon","coordinates":[[[75.960516,10.94704],[75.960575,10.947049],[75.960605,10.946978],[75.960613,10.946924],[75.960575,10.946885],[75.960571,10.946843],[75.960533,10.946881],[75.960512,10.946941],[75.96055,10.946951],[75.960525,10.946984],[75.960512,10.947007],[75.960516,10.94704]]]},"properties":{"id":"osm-w798995391","osm_id":798995391,"name":"","name_ml":"","waterway":"","kind":"waterbody","source":"OpenStreetMap (Overpass API)","license":"ODbL 1.0","source_date":"2026-09-30"}},{"type":"Feature","geometry":{"type":"Polygon","coordinates":[[[75.960411,10.947516],[75.960372,10.947524],[75.960322,10.94756],[75.960283,10.94753],[75.960283,10.947568],[75.960294,10.947623],[75.96035,10.947639],[75.960414,10.947604],[75.960444,10.947601],[75.960411,10.947516]]]},"properties":{"id":"osm-w798995392","osm_id":798995392,"name":"Parakuzi Moosa Haji Padi Kulam","name_ml":"","waterway":"","kind":"waterbody","source":"OpenStreetMap (Overpass API)","license":"ODbL 1.0","source_date":"2026-09-30"}},{"type":"Feature","geometry":{"type":"Polygon","coordinates":[[[75.954697,10.950189],[75.954655,10.950218],[75.954668,10.950252],[75.954716,10.950271],[75.954748,10.950271],[75.954799,10.950246],[75.95486,10.950271],[75.954889,10.950255],[75.954889,10.950227],[75.95494,10.950208],[75.954953,10.950174],[75.954988,10.950164],[75.954959,10.950142],[75.954918,10.950161],[75.954876,10.950183],[75.954835,10.95023],[75.954774,10.950196],[75.954697,10.950189]]]},"properties":{"id":"osm-w798995393","osm_id":798995393,"name":"Eru Kulam","name_ml":"","waterway":"","kind":"waterbody","source":"OpenStreetMap (Overpass API)","license":"ODbL 1.0","source_date":"2026-09-30"}},{"type":"Feature","geometry":{"type":"Polygon","coordinates":[[[75.958105,10.954177],[75.958131,10.954223],[75.958182,10.954206],[75.958156,10.954169],[75.958105,10.954177]]]},"properties":{"id":"osm-w798995394","osm_id":798995394,"name":"","name_ml":"","waterway":"","kind":"waterbody","source":"OpenStreetMap (Overpass API)","license":"ODbL 1.0","source_date":"2026-09-30"}},{"type":"Feature","geometry":{"type":"Polygon","coordinates":[[[75.955125,10.953501],[75.955184,10.95351],[75.955228,10.953501],[75.955218,10.953452],[75.95519,10.953443],[75.955161,10.953443],[75.95512,10.953443],[75.955059,10.953416],[75.955049,10.953445],[75.955059,10.953462],[75.955087,10.953454],[75.955114,10.95346],[75.955112,10.953479],[75.955125,10.953501]]]},"properties":{"id":"osm-w798995395","osm_id":798995395,"name":"Block Kulam","name_ml":"","waterway":"","kind":"waterbody","source":"OpenStreetMap (Overpass API)","license":"ODbL 1.0","source_date":"2026-09-30"}},{"type":"Feature","geometry":{"type":"Polygon","coordinates":[[[75.953654,10.954145],[75.953632,10.954189],[75.953668,10.954222],[75.953727,10.954216],[75.953699,10.954252],[75.953746,10.954243],[75.953769,10.954224],[75.953732,10.954186],[75.953744,10.954156],[75.953707,10.954156],[75.953702,10.954131],[75.953654,10.954145]]]},"properties":{"id":"osm-w798995397","osm_id":798995397,"name":"","name_ml":"","waterway":"","kind":"waterbody","source":"OpenStreetMap (Overpass API)","license":"ODbL 1.0","source_date":"2026-09-30"}},{"type":"Feature","geometry":{"type":"Polygon","coordinates":[[[75.952849,10.957689],[75.952877,10.957709],[75.952938,10.957714],[75.952941,10.957676],[75.952908,10.957618],[75.952908,10.957684],[75.952849,10.957689]]]},"properties":{"id":"osm-w798995398","osm_id":798995398,"name":"Parakuzhi Nottapuram Kulam","name_ml":"","waterway":"","kind":"waterbody","source":"OpenStreetMap (Overpass API)","license":"ODbL 1.0","source_date":"2026-09-30"}},{"type":"Feature","geometry":{"type":"Polygon","coordinates":[[[75.956621,10.959205],[75.956655,10.959163],[75.956688,10.959111],[75.956666,10.959076],[75.956625,10.959047],[75.956621,10.959109],[75.956631,10.959125],[75.956614,10.959179],[75.956621,10.959205]]]},"properties":{"id":"osm-w798995399","osm_id":798995399,"name":"Naduvil Kuzhi Kulam","name_ml":"","waterway":"","kind":"waterbody","source":"OpenStreetMap (Overpass API)","license":"ODbL 1.0","source_date":"2026-09-30"}},{"type":"Feature","geometry":{"type":"Polygon","coordinates":[[[75.955601,10.96314],[75.955548,10.963078],[75.955548,10.963126],[75.955591,10.963226],[75.955654,10.963283],[75.955693,10.963297],[75.95579,10.963307],[75.95581,10.96324],[75.955737,10.963226],[75.955659,10.963197],[75.955601,10.96314]]]},"properties":{"id":"osm-w798995400","osm_id":798995400,"name":"Chitha Kulam","name_ml":"","waterway":"","kind":"waterbody","source":"OpenStreetMap (Overpass API)","license":"ODbL 1.0","source_date":"2026-09-30"}},{"type":"Feature","geometry":{"type":"Polygon","coordinates":[[[75.948931,10.961469],[75.949016,10.961549],[75.949056,10.961552],[75.949152,10.961654],[75.949104,10.961542],[75.949155,10.961538],[75.949233,10.961495],[75.949185,10.961459],[75.949078,10.96143],[75.948931,10.961469]]]},"properties":{"id":"osm-w798995401","osm_id":798995401,"name":"Kavanatu Chola Palli Kulam","name_ml":"","waterway":"","kind":"waterbody","source":"OpenStreetMap (Overpass API)","license":"ODbL 1.0","source_date":"2026-09-30"}},{"type":"Feature","geometry":{"type":"Polygon","coordinates":[[[75.940649,10.955084],[75.940773,10.955093],[75.940789,10.954977],[75.940796,10.954926],[75.940807,10.954855],[75.94069,10.954839],[75.940672,10.954935],[75.940649,10.955084]]]},"properties":{"id":"osm-w798995402","osm_id":798995402,"name":"Ammankulam","name_ml":"","waterway":"","kind":"waterbody","source":"OpenStreetMap (Overpass API)","license":"ODbL 1.0","source_date":"2026-09-30"}},{"type":"Feature","geometry":{"type":"Polygon","coordinates":[[[75.940213,10.957145],[75.940232,10.957176],[75.940306,10.957173],[75.94037,10.957148],[75.940309,10.957123],[75.940245,10.95706],[75.940175,10.957044],[75.940213,10.957116],[75.940213,10.957145]]]},"properties":{"id":"osm-w798995403","osm_id":798995403,"name":"","name_ml":"","waterway":"","kind":"waterbody","source":"OpenStreetMap (Overpass API)","license":"ODbL 1.0","source_date":"2026-09-30"}},{"type":"Feature","geometry":{"type":"Polygon","coordinates":[[[75.937405,10.960114],[75.937441,10.960131],[75.937503,10.96007],[75.937438,10.960054],[75.937419,10.960016],[75.937394,10.960073],[75.937377,10.960095],[75.937405,10.960114]]]},"properties":{"id":"osm-w798995404","osm_id":798995404,"name":"","name_ml":"","waterway":"","kind":"waterbody","source":"OpenStreetMap (Overpass API)","license":"ODbL 1.0","source_date":"2026-09-30"}},{"type":"Feature","geometry":{"type":"Polygon","coordinates":[[[75.937266,10.959791],[75.937252,10.959868],[75.937313,10.959964],[75.937313,10.959914],[75.937377,10.959917],[75.937402,10.959895],[75.937335,10.959892],[75.937355,10.959851],[75.937425,10.959854],[75.937313,10.959821],[75.937266,10.959791]]]},"properties":{"id":"osm-w798995405","osm_id":798995405,"name":"","name_ml":"","waterway":"","kind":"waterbody","source":"OpenStreetMap (Overpass API)","license":"ODbL 1.0","source_date":"2026-09-30"}},{"type":"Feature","geometry":{"type":"Polygon","coordinates":[[[75.936282,10.961252],[75.936297,10.961292],[75.93633,10.961285],[75.936348,10.961243],[75.936302,10.961247],[75.936282,10.961252]]]},"properties":{"id":"osm-w798995406","osm_id":798995406,"name":"","name_ml":"","waterway":"","kind":"waterbody","source":"OpenStreetMap (Overpass API)","license":"ODbL 1.0","source_date":"2026-09-30"}},{"type":"Feature","geometry":{"type":"Polygon","coordinates":[[[75.936146,10.961312],[75.936238,10.961281],[75.936197,10.961258],[75.93612,10.961245],[75.936085,10.961196],[75.9361,10.961153],[75.936067,10.961216],[75.936072,10.961238],[75.936105,10.96126],[75.93614,10.961278],[75.936146,10.961312]]]},"properties":{"id":"osm-w798995407","osm_id":798995407,"name":"Parayil Kulam","name_ml":"","waterway":"","kind":"waterbody","source":"OpenStreetMap (Overpass API)","license":"ODbL 1.0","source_date":"2026-09-30"}},{"type":"Feature","geometry":{"type":"Polygon","coordinates":[[[75.935452,10.965641],[75.935848,10.965732],[75.935879,10.96566],[75.935483,10.965543],[75.935452,10.965641]]]},"properties":{"id":"osm-w798995408","osm_id":798995408,"name":"","name_ml":"","waterway":"","kind":"waterbody","source":"OpenStreetMap (Overpass API)","license":"ODbL 1.0","source_date":"2026-09-30"}},{"type":"Feature","geometry":{"type":"Polygon","coordinates":[[[75.94212,10.971898],[75.942168,10.971819],[75.942098,10.97179],[75.942083,10.971725],[75.942131,10.971638],[75.941984,10.971627],[75.941984,10.971728],[75.942028,10.971739],[75.942024,10.97179],[75.942083,10.971837],[75.941999,10.971866],[75.94212,10.971898]]]},"properties":{"id":"osm-w798995409","osm_id":798995409,"name":"Kuzhikkat Kulam","name_ml":"","waterway":"","kind":"waterbody","source":"OpenStreetMap (Overpass API)","license":"ODbL 1.0","source_date":"2026-09-30"}},{"type":"Feature","geometry":{"type":"Polygon","coordinates":[[[75.952849,10.967452],[75.953163,10.967427],[75.953509,10.967396],[75.95347,10.967327],[75.953342,10.967207],[75.953221,10.967207],[75.953073,10.967264],[75.953003,10.96715],[75.952996,10.967251],[75.952907,10.967301],[75.952849,10.967452]]]},"properties":{"id":"osm-w798995410","osm_id":798995410,"name":"Kulangara Palli Kulam","name_ml":"","waterway":"","kind":"waterbody","source":"OpenStreetMap (Overpass API)","license":"ODbL 1.0","source_date":"2026-09-30"}},{"type":"Feature","geometry":{"type":"Polygon","coordinates":[[[75.949382,10.968892],[75.949429,10.968938],[75.949471,10.968904],[75.949522,10.968888],[75.949475,10.968813],[75.94942,10.968826],[75.949336,10.968834],[75.949247,10.96883],[75.949281,10.968859],[75.94934,10.968871],[75.949382,10.968892]]]},"properties":{"id":"osm-w798995411","osm_id":798995411,"name":"Athrsheri Chira","name_ml":"","waterway":"","kind":"waterbody","source":"OpenStreetMap (Overpass API)","license":"ODbL 1.0","source_date":"2026-09-30"}},{"type":"Feature","geometry":{"type":"Polygon","coordinates":[[[75.899999,10.91168],[75.900071,10.91162],[75.900071,10.911591],[75.899975,10.911562],[75.899945,10.911593],[75.899999,10.91168]]]},"properties":{"id":"osm-w800186674","osm_id":800186674,"name":"","name_ml":"","waterway":"","kind":"waterbody","source":"OpenStreetMap (Overpass API)","license":"ODbL 1.0","source_date":"2026-09-30"}},{"type":"Feature","geometry":{"type":"Polygon","coordinates":[[[75.900031,10.912428],[75.900147,10.91242],[75.900104,10.912341],[75.900037,10.912325],[75.900031,10.912428]]]},"properties":{"id":"osm-w800186675","osm_id":800186675,"name":"","name_ml":"","waterway":"","kind":"waterbody","source":"OpenStreetMap (Overpass API)","license":"ODbL 1.0","source_date":"2026-09-30"}},{"type":"Feature","geometry":{"type":"Polygon","coordinates":[[[75.898508,10.916505],[75.898704,10.916542],[75.89873,10.916442],[75.898752,10.916318],[75.898663,10.916287],[75.898559,10.916284],[75.898508,10.916505]]]},"properties":{"id":"osm-w800186676","osm_id":800186676,"name":"Vallikulam Vallikkanchira","name_ml":"","waterway":"","kind":"waterbody","source":"OpenStreetMap (Overpass API)","license":"ODbL 1.0","source_date":"2026-09-30"}},{"type":"Feature","geometry":{"type":"Polygon","coordinates":[[[75.889721,10.954372],[75.890045,10.954451],[75.890147,10.954409],[75.890147,10.954325],[75.890196,10.954148],[75.890155,10.953983],[75.889978,10.953954],[75.889783,10.953922],[75.889796,10.954154],[75.889721,10.954372]]]},"properties":{"id":"osm-w800186677","osm_id":800186677,"name":"","name_ml":"","waterway":"","kind":"waterbody","source":"OpenStreetMap (Overpass API)","license":"ODbL 1.0","source_date":"2026-09-30"}},{"type":"Feature","geometry":{"type":"Polygon","coordinates":[[[75.893094,10.95218],[75.893174,10.952213],[75.893265,10.952188],[75.893265,10.952105],[75.893263,10.952034],[75.893188,10.952034],[75.893079,10.952063],[75.893094,10.95218]]]},"properties":{"id":"osm-w800186678","osm_id":800186678,"name":"","name_ml":"","waterway":"","kind":"waterbody","source":"OpenStreetMap (Overpass API)","license":"ODbL 1.0","source_date":"2026-09-30"}},{"type":"Feature","geometry":{"type":"Polygon","coordinates":[[[75.919732,10.941216],[75.919803,10.941234],[75.919897,10.941216],[75.919921,10.941197],[75.919925,10.941143],[75.919923,10.941083],[75.91992,10.941024],[75.91985,10.941002],[75.919785,10.940992],[75.919721,10.941029],[75.919672,10.941085],[75.91967,10.941169],[75.919732,10.941216]]]},"properties":{"id":"osm-w801575633","osm_id":801575633,"name":"Kaitha Kulam-Chembra","name_ml":"","waterway":"","kind":"waterbody","source":"OpenStreetMap (Overpass API)","license":"ODbL 1.0","source_date":"2026-09-30"}},{"type":"Feature","geometry":{"type":"Polygon","coordinates":[[[75.928208,10.943255],[75.928181,10.943225],[75.928242,10.943232],[75.928271,10.943178],[75.928264,10.943131],[75.928181,10.943172],[75.928157,10.943219],[75.928208,10.943255]]]},"properties":{"id":"osm-w801575634","osm_id":801575634,"name":"Ottakuzhi Kulam Areekkad","name_ml":"","waterway":"","kind":"waterbody","source":"OpenStreetMap (Overpass API)","license":"ODbL 1.0","source_date":"2026-09-30"}},{"type":"Feature","geometry":{"type":"Polygon","coordinates":[[[75.925677,10.945582],[75.925804,10.945638],[75.925821,10.945545],[75.925721,10.945501],[75.925677,10.945582]]]},"properties":{"id":"osm-w801575635","osm_id":801575635,"name":"Alinchuvad Kulam","name_ml":"","waterway":"","kind":"waterbody","source":"OpenStreetMap (Overpass API)","license":"ODbL 1.0","source_date":"2026-09-30"}},{"type":"Feature","geometry":{"type":"Polygon","coordinates":[[[75.932007,10.950302],[75.931995,10.950247],[75.931962,10.950224],[75.931896,10.950218],[75.931858,10.950218],[75.931823,10.950236],[75.9318,10.950263],[75.931792,10.950296],[75.931789,10.950332],[75.931803,10.950416],[75.931824,10.950459],[75.931861,10.950493],[75.931926,10.950488],[75.931971,10.950465],[75.93201,10.950422],[75.932021,10.950378],[75.932007,10.950302]]]},"properties":{"id":"osm-w801575636","osm_id":801575636,"name":"Areekkad Chola Kulam","name_ml":"","waterway":"","kind":"waterbody","source":"OpenStreetMap (Overpass API)","license":"ODbL 1.0","source_date":"2026-09-30"}},{"type":"Feature","geometry":{"type":"Polygon","coordinates":[[[75.921337,10.953092],[75.92134,10.953107],[75.92135,10.953119],[75.921365,10.953122],[75.921411,10.953124],[75.921441,10.953117],[75.921445,10.9531],[75.921441,10.953089],[75.921435,10.953084],[75.921419,10.953077],[75.921364,10.953074],[75.921348,10.953079],[75.921337,10.953092]]]},"properties":{"id":"osm-w801575637","osm_id":801575637,"name":"Pakara Kulam","name_ml":"","waterway":"","kind":"waterbody","source":"OpenStreetMap (Overpass API)","license":"ODbL 1.0","source_date":"2026-09-30"}},{"type":"Feature","geometry":{"type":"Polygon","coordinates":[[[75.913518,10.944095],[75.91354,10.944112],[75.913571,10.944114],[75.913587,10.944103],[75.913609,10.944074],[75.913606,10.944],[75.913588,10.943982],[75.913564,10.943977],[75.913539,10.94398],[75.91352,10.943991],[75.913518,10.944045],[75.913518,10.944095]]]},"properties":{"id":"osm-w801575638","osm_id":801575638,"name":"Pala Kulam","name_ml":"","waterway":"","kind":"waterbody","source":"OpenStreetMap (Overpass API)","license":"ODbL 1.0","source_date":"2026-09-30"}},{"type":"Feature","geometry":{"type":"Polygon","coordinates":[[[75.909843,10.943375],[75.909971,10.943385],[75.910029,10.943343],[75.910042,10.943266],[75.910019,10.943185],[75.909961,10.943169],[75.909843,10.943172],[75.909816,10.94322],[75.909801,10.943268],[75.909815,10.943325],[75.909843,10.943375]]]},"properties":{"id":"osm-w801575639","osm_id":801575639,"name":"Ammam Kulam","name_ml":"","waterway":"","kind":"waterbody","source":"OpenStreetMap (Overpass API)","license":"ODbL 1.0","source_date":"2026-09-30"}},{"type":"Feature","geometry":{"type":"Polygon","coordinates":[[[75.906722,10.949095],[75.906876,10.949097],[75.906888,10.948954],[75.906734,10.948942],[75.906722,10.949095]]]},"properties":{"id":"osm-w801575640","osm_id":801575640,"name":"Kaitha Kulam- Thanaloor","name_ml":"","waterway":"","kind":"waterbody","source":"OpenStreetMap (Overpass API)","license":"ODbL 1.0","source_date":"2026-09-30"}},{"type":"Feature","geometry":{"type":"Polygon","coordinates":[[[75.907767,10.951209],[75.907909,10.951228],[75.907917,10.951025],[75.907773,10.951014],[75.907767,10.951209]]]},"properties":{"id":"osm-w801575641","osm_id":801575641,"name":"Pare Kulam","name_ml":"","waterway":"","kind":"waterbody","source":"OpenStreetMap (Overpass API)","license":"ODbL 1.0","source_date":"2026-09-30"}},{"type":"Feature","geometry":{"type":"Polygon","coordinates":[[[75.902353,10.955568],[75.902311,10.955631],[75.902391,10.955676],[75.902406,10.955594],[75.902353,10.955568]]]},"properties":{"id":"osm-w801575642","osm_id":801575642,"name":"","name_ml":"","waterway":"","kind":"waterbody","source":"OpenStreetMap (Overpass API)","license":"ODbL 1.0","source_date":"2026-09-30"}},{"type":"Feature","geometry":{"type":"Polygon","coordinates":[[[75.903611,10.957145],[75.903882,10.957139],[75.903883,10.956723],[75.903584,10.956754],[75.903573,10.956973],[75.903611,10.957145]]]},"properties":{"id":"osm-w801575643","osm_id":801575643,"name":"Pandiyatt Kulam","name_ml":"","waterway":"","kind":"waterbody","source":"OpenStreetMap (Overpass API)","license":"ODbL 1.0","source_date":"2026-09-30"}},{"type":"Feature","geometry":{"type":"Polygon","coordinates":[[[75.892688,10.96414],[75.89267,10.964188],[75.892663,10.964257],[75.89268,10.96428],[75.892689,10.964298],[75.892728,10.964301],[75.892753,10.964304],[75.892773,10.96427],[75.892799,10.964277],[75.892814,10.964279],[75.892833,10.964272],[75.892845,10.964287],[75.892874,10.964287],[75.892901,10.964268],[75.892916,10.964246],[75.892949,10.96427],[75.892995,10.96425],[75.893038,10.964195],[75.893024,10.96414],[75.892988,10.964115],[75.892924,10.964081],[75.892833,10.964081],[75.892688,10.96414]]]},"properties":{"id":"osm-w801575644","osm_id":801575644,"name":"","name_ml":"","waterway":"","kind":"waterbody","source":"OpenStreetMap (Overpass API)","license":"ODbL 1.0","source_date":"2026-09-30"}},{"type":"Feature","geometry":{"type":"Polygon","coordinates":[[[75.883217,10.959418],[75.883236,10.959316],[75.883268,10.959146],[75.88319,10.959135],[75.883193,10.959085],[75.883086,10.959077],[75.883082,10.959137],[75.882977,10.959134],[75.882995,10.959403],[75.883217,10.959418]]]},"properties":{"id":"osm-w801575645","osm_id":801575645,"name":"Thamara Kulam- Puthukulangara","name_ml":"","waterway":"","kind":"waterbody","source":"OpenStreetMap (Overpass API)","license":"ODbL 1.0","source_date":"2026-09-30"}},{"type":"Feature","geometry":{"type":"Polygon","coordinates":[[[75.886849,10.952181],[75.88674,10.952212],[75.886694,10.952336],[75.886714,10.952401],[75.886768,10.95235],[75.886857,10.95237],[75.886872,10.95228],[75.886849,10.952181]]]},"properties":{"id":"osm-w801575646","osm_id":801575646,"name":"","name_ml":"","waterway":"","kind":"waterbody","source":"OpenStreetMap (Overpass API)","license":"ODbL 1.0","source_date":"2026-09-30"}},{"type":"Feature","geometry":{"type":"Polygon","coordinates":[[[75.887149,10.948406],[75.887204,10.948431],[75.887224,10.94837],[75.887249,10.948345],[75.887211,10.948303],[75.887164,10.948301],[75.887161,10.948352],[75.887144,10.948372],[75.887149,10.948406]]]},"properties":{"id":"osm-w801575647","osm_id":801575647,"name":"Appada Paramb Kolani Kulam","name_ml":"","waterway":"","kind":"waterbody","source":"OpenStreetMap (Overpass API)","license":"ODbL 1.0","source_date":"2026-09-30"}},{"type":"Feature","geometry":{"type":"Polygon","coordinates":[[[75.893183,10.945504],[75.893323,10.945556],[75.893357,10.945389],[75.893217,10.945348],[75.893183,10.945504]]]},"properties":{"id":"osm-w801575648","osm_id":801575648,"name":"","name_ml":"","waterway":"","kind":"waterbody","source":"OpenStreetMap (Overpass API)","license":"ODbL 1.0","source_date":"2026-09-30"}},{"type":"Feature","geometry":{"type":"Polygon","coordinates":[[[75.885985,10.94275],[75.886091,10.942795],[75.886183,10.942769],[75.886174,10.942583],[75.88595,10.942606],[75.885985,10.94275]]]},"properties":{"id":"osm-w801575649","osm_id":801575649,"name":"Njounjel Kulam","name_ml":"","waterway":"","kind":"waterbody","source":"OpenStreetMap (Overpass API)","license":"ODbL 1.0","source_date":"2026-09-30"}},{"type":"Feature","geometry":{"type":"Polygon","coordinates":[[[75.945031,10.919049],[75.945144,10.919065],[75.945186,10.918864],[75.945075,10.918848],[75.945031,10.919049]]]},"properties":{"id":"osm-w805531688","osm_id":805531688,"name":"","name_ml":"","waterway":"","kind":"waterbody","source":"OpenStreetMap (Overpass API)","license":"ODbL 1.0","source_date":"2026-09-30"}},{"type":"Feature","geometry":{"type":"Polygon","coordinates":[[[75.947705,10.922504],[75.947761,10.922559],[75.947827,10.922559],[75.94787,10.922498],[75.94785,10.922422],[75.947786,10.922389],[75.947725,10.922395],[75.94769,10.922451],[75.947705,10.922504]]]},"properties":{"id":"osm-w805531689","osm_id":805531689,"name":"","name_ml":"","waterway":"","kind":"waterbody","source":"OpenStreetMap (Overpass API)","license":"ODbL 1.0","source_date":"2026-09-30"}},{"type":"Feature","geometry":{"type":"Polygon","coordinates":[[[75.955844,10.922601],[75.955917,10.922609],[75.955918,10.92254],[75.955848,10.92254],[75.955844,10.922601]]]},"properties":{"id":"osm-w805531690","osm_id":805531690,"name":"","name_ml":"","waterway":"","kind":"waterbody","source":"OpenStreetMap (Overpass API)","license":"ODbL 1.0","source_date":"2026-09-30"}},{"type":"Feature","geometry":{"type":"Polygon","coordinates":[[[75.958461,10.918077],[75.958496,10.918098],[75.958521,10.918064],[75.958485,10.918042],[75.958461,10.918077]]]},"properties":{"id":"osm-w805531691","osm_id":805531691,"name":"Cheeni Kulam","name_ml":"","waterway":"","kind":"waterbody","source":"OpenStreetMap (Overpass API)","license":"ODbL 1.0","source_date":"2026-09-30"}},{"type":"Feature","geometry":{"type":"Polygon","coordinates":[[[75.955469,10.924818],[75.955551,10.924869],[75.955764,10.924702],[75.955745,10.924584],[75.955665,10.924491],[75.955602,10.924477],[75.955558,10.924562],[75.955457,10.924776],[75.955469,10.924818]]]},"properties":{"id":"osm-w805531692","osm_id":805531692,"name":"Iringavoor Town Pond","name_ml":"","waterway":"","kind":"waterbody","source":"OpenStreetMap (Overpass API)","license":"ODbL 1.0","source_date":"2026-09-30"}},{"type":"Feature","geometry":{"type":"Polygon","coordinates":[[[75.966786,10.921104],[75.966812,10.921139],[75.966837,10.921139],[75.966879,10.92111],[75.966871,10.921061],[75.966816,10.921065],[75.966782,10.921071],[75.966786,10.921104]]]},"properties":{"id":"osm-w805531694","osm_id":805531694,"name":"Pookulam","name_ml":"","waterway":"","kind":"waterbody","source":"OpenStreetMap (Overpass API)","license":"ODbL 1.0","source_date":"2026-09-30"}},{"type":"Feature","geometry":{"type":"Polygon","coordinates":[[[75.94,10.94435],[75.940071,10.944347],[75.940066,10.944269],[75.939996,10.944276],[75.94,10.94435]]]},"properties":{"id":"osm-w805531696","osm_id":805531696,"name":"","name_ml":"","waterway":"","kind":"waterbody","source":"OpenStreetMap (Overpass API)","license":"ODbL 1.0","source_date":"2026-09-30"}},{"type":"Feature","geometry":{"type":"Polygon","coordinates":[[[75.935117,10.941619],[75.93517,10.941604],[75.935209,10.941635],[75.935252,10.941621],[75.93522,10.941582],[75.935281,10.941545],[75.935235,10.941495],[75.935104,10.941509],[75.935117,10.941619]]]},"properties":{"id":"osm-w805531697","osm_id":805531697,"name":"Llath Kulam","name_ml":"","waterway":"","kind":"waterbody","source":"OpenStreetMap (Overpass API)","license":"ODbL 1.0","source_date":"2026-09-30"}},{"type":"Feature","geometry":{"type":"Polygon","coordinates":[[[75.934601,10.936121],[75.934632,10.936136],[75.934656,10.936119],[75.934692,10.936095],[75.934681,10.936069],[75.934635,10.93608],[75.934611,10.936056],[75.934579,10.936091],[75.934601,10.936121]]]},"properties":{"id":"osm-w805531698","osm_id":805531698,"name":"Puthan Kulam","name_ml":"","waterway":"","kind":"waterbody","source":"OpenStreetMap (Overpass API)","license":"ODbL 1.0","source_date":"2026-09-30"}},{"type":"Feature","geometry":{"type":"Polygon","coordinates":[[[75.936071,10.933381],[75.9361,10.933383],[75.936113,10.933361],[75.936102,10.933335],[75.936076,10.933324],[75.936048,10.933346],[75.936053,10.933371],[75.936071,10.933381]]]},"properties":{"id":"osm-w805531699","osm_id":805531699,"name":"Othupalli Kulam","name_ml":"","waterway":"","kind":"waterbody","source":"OpenStreetMap (Overpass API)","license":"ODbL 1.0","source_date":"2026-09-30"}},{"type":"Feature","geometry":{"type":"Polygon","coordinates":[[[75.944006,10.933393],[75.943979,10.933488],[75.944091,10.933517],[75.944121,10.93341],[75.944006,10.933393]]]},"properties":{"id":"osm-w805531700","osm_id":805531700,"name":"Mankulam","name_ml":"","waterway":"","kind":"waterbody","source":"OpenStreetMap (Overpass API)","license":"ODbL 1.0","source_date":"2026-09-30"}},{"type":"Feature","geometry":{"type":"Polygon","coordinates":[[[75.947591,10.932836],[75.947671,10.932867],[75.947671,10.932847],[75.947666,10.932802],[75.947634,10.93278],[75.947586,10.932798],[75.947591,10.932836]]]},"properties":{"id":"osm-w805531701","osm_id":805531701,"name":"Choorunni Kulam","name_ml":"","waterway":"","kind":"waterbody","source":"OpenStreetMap (Overpass API)","license":"ODbL 1.0","source_date":"2026-09-30"}},{"type":"Feature","geometry":{"type":"Polygon","coordinates":[[[75.948888,10.930381],[75.948943,10.930378],[75.948943,10.930327],[75.948893,10.930344],[75.948888,10.930381]]]},"properties":{"id":"osm-w805531702","osm_id":805531702,"name":"Kanthaloor Palli Kulam","name_ml":"","waterway":"","kind":"waterbody","source":"OpenStreetMap (Overpass API)","license":"ODbL 1.0","source_date":"2026-09-30"}},{"type":"Feature","geometry":{"type":"Polygon","coordinates":[[[75.929536,10.936624],[75.929597,10.936636],[75.930175,10.936722],[75.930671,10.936769],[75.930917,10.936708],[75.93112,10.936687],[75.931198,10.936757],[75.931245,10.936822],[75.931257,10.936792],[75.931368,10.936822],[75.931564,10.93694],[75.931752,10.936986],[75.931955,10.936982],[75.932026,10.936905],[75.932184,10.936806],[75.932265,10.936676],[75.932307,10.93656],[75.932272,10.936437],[75.932194,10.936319],[75.932114,10.936226],[75.931998,10.936175],[75.931802,10.936126],[75.9317,10.936038],[75.931609,10.936073],[75.931617,10.936091],[75.931663,10.936157],[75.931714,10.936194],[75.931813,10.936242],[75.931983,10.936308],[75.932081,10.936374],[75.932123,10.936421],[75.93217,10.93652],[75.932161,10.936595],[75.932132,10.936672],[75.932098,10.936739],[75.932037,10.936784],[75.932001,10.936814],[75.931941,10.936852],[75.931863,10.936874],[75.931776,10.936883],[75.931658,10.936884],[75.931571,10.936854],[75.931445,10.936774],[75.931229,10.936615],[75.931103,10.936568],[75.931039,10.936571],[75.93095,10.93656],[75.930814,10.936573],[75.930665,10.936616],[75.930539,10.936652],[75.93047,10.936656],[75.930298,10.936635],[75.929966,10.93655],[75.929755,10.936495],[75.92951,10.936412],[75.929536,10.936624]]]},"properties":{"id":"osm-w809141143","osm_id":809141143,"name":"Tirur River","name_ml":"","waterway":"","kind":"waterbody","source":"OpenStreetMap (Overpass API)","license":"ODbL 1.0","source_date":"2026-09-30"}},{"type":"Feature","geometry":{"type":"Polygon","coordinates":[[[75.931609,10.936073],[75.9317,10.936038],[75.931651,10.935996],[75.93168,10.935859],[75.931979,10.935381],[75.932178,10.935411],[75.932425,10.935619],[75.932646,10.935558],[75.932717,10.935544],[75.932815,10.935411],[75.932784,10.934877],[75.932834,10.934299],[75.93276,10.93379],[75.93277,10.933688],[75.932915,10.933413],[75.93301,10.933317],[75.933378,10.933205],[75.933781,10.933166],[75.933995,10.933189],[75.93434,10.933049],[75.934427,10.932802],[75.934594,10.932706],[75.934705,10.932513],[75.934855,10.932335],[75.93509,10.932161],[75.935313,10.932032],[75.93571,10.931916],[75.936342,10.931832],[75.936641,10.931654],[75.93657,10.931551],[75.936461,10.93162],[75.936405,10.931659],[75.936384,10.931678],[75.936377,10.931679],[75.936301,10.931732],[75.936088,10.931773],[75.935814,10.931803],[75.935516,10.931868],[75.935361,10.931908],[75.935126,10.932003],[75.934879,10.932184],[75.934728,10.932324],[75.93458,10.932528],[75.934371,10.932755],[75.934366,10.932763],[75.934343,10.932787],[75.934344,10.932788],[75.934327,10.932809],[75.934326,10.932807],[75.934307,10.932822],[75.934202,10.932905],[75.934161,10.932927],[75.934098,10.932965],[75.934066,10.932984],[75.934006,10.933007],[75.933945,10.933026],[75.933888,10.933036],[75.933762,10.933051],[75.933578,10.93307],[75.933466,10.933075],[75.933312,10.933109],[75.933073,10.933172],[75.932927,10.933238],[75.932864,10.933281],[75.932803,10.933335],[75.932798,10.933342],[75.932688,10.933514],[75.932685,10.933521],[75.932683,10.933633],[75.932675,10.933708],[75.932674,10.933809],[75.932684,10.933889],[75.932712,10.934002],[75.932751,10.934206],[75.932756,10.934331],[75.932753,10.934587],[75.932737,10.934796],[75.932724,10.934969],[75.932705,10.935091],[75.932676,10.935237],[75.932645,10.935295],[75.932625,10.935331],[75.932596,10.935364],[75.93256,10.935396],[75.932494,10.935433],[75.932443,10.935444],[75.932419,10.935443],[75.932392,10.935437],[75.93235,10.935422],[75.932282,10.93539],[75.932156,10.935277],[75.932098,10.935253],[75.932043,10.935239],[75.931989,10.935247],[75.931953,10.935268],[75.931906,10.935304],[75.931876,10.935341],[75.931836,10.9354],[75.931798,10.935455],[75.931703,10.935613],[75.93162,10.935775],[75.931588,10.935846],[75.931575,10.935936],[75.931584,10.936013],[75.931609,10.936073]]]},"properties":{"id":"osm-w809143925","osm_id":809143925,"name":"Tirur River","name_ml":"","waterway":"","kind":"waterbody","source":"OpenStreetMap (Overpass API)","license":"ODbL 1.0","source_date":"2026-09-30"}},{"type":"Feature","geometry":{"type":"Polygon","coordinates":[[[75.879276,10.96387],[75.879299,10.963858],[75.879284,10.963834],[75.879266,10.96384],[75.879261,10.963857],[75.879276,10.96387]]]},"properties":{"id":"osm-w810834524","osm_id":810834524,"name":"Pandaravalapp Kulam","name_ml":"","waterway":"","kind":"waterbody","source":"OpenStreetMap (Overpass API)","license":"ODbL 1.0","source_date":"2026-09-30"}},{"type":"Feature","geometry":{"type":"Polygon","coordinates":[[[75.869704,10.977614],[75.869812,10.977655],[75.870012,10.977662],[75.870071,10.977381],[75.870043,10.977374],[75.87004,10.977326],[75.869882,10.97728],[75.869749,10.977308],[75.869704,10.977614]]]},"properties":{"id":"osm-w810834525","osm_id":810834525,"name":"Palli Kulam- Thanoor Anghadi","name_ml":"","waterway":"","kind":"waterbody","source":"OpenStreetMap (Overpass API)","license":"ODbL 1.0","source_date":"2026-09-30"}},{"type":"Feature","geometry":{"type":"Polygon","coordinates":[[[75.880152,10.977466],[75.880266,10.977494],[75.880309,10.977361],[75.88019,10.97733],[75.880152,10.977466]]]},"properties":{"id":"osm-w810834526","osm_id":810834526,"name":"Kulam Near Thanoor Panchayath Office","name_ml":"","waterway":"","kind":"waterbody","source":"OpenStreetMap (Overpass API)","license":"ODbL 1.0","source_date":"2026-09-30"}},{"type":"Feature","geometry":{"type":"Polygon","coordinates":[[[75.896896,10.981301],[75.896975,10.981459],[75.897162,10.981438],[75.897164,10.981298],[75.897129,10.981193],[75.897025,10.981172],[75.896924,10.981192],[75.896896,10.981301]]]},"properties":{"id":"osm-w810834527","osm_id":810834527,"name":"Adi Kulam","name_ml":"","waterway":"","kind":"waterbody","source":"OpenStreetMap (Overpass API)","license":"ODbL 1.0","source_date":"2026-09-30"}},{"type":"Feature","geometry":{"type":"Polygon","coordinates":[[[75.891077,10.992269],[75.891107,10.99226],[75.891112,10.992227],[75.891093,10.992204],[75.891057,10.992189],[75.89102,10.992196],[75.891013,10.992232],[75.891031,10.992248],[75.891077,10.992269]]]},"properties":{"id":"osm-w810834528","osm_id":810834528,"name":"Thekkekara Kulam","name_ml":"","waterway":"","kind":"waterbody","source":"OpenStreetMap (Overpass API)","license":"ODbL 1.0","source_date":"2026-09-30"}},{"type":"Feature","geometry":{"type":"Polygon","coordinates":[[[75.883156,11.016857],[75.883205,11.01685],[75.883209,11.016819],[75.883184,11.016797],[75.883136,11.016822],[75.883156,11.016857]]]},"properties":{"id":"osm-w810834529","osm_id":810834529,"name":"Nechikulam","name_ml":"","waterway":"","kind":"waterbody","source":"OpenStreetMap (Overpass API)","license":"ODbL 1.0","source_date":"2026-09-30"}},{"type":"Feature","geometry":{"type":"Polygon","coordinates":[[[75.894055,10.98796],[75.894106,10.987978],[75.894171,10.987955],[75.894142,10.987906],[75.894066,10.98789],[75.894035,10.987928],[75.894055,10.98796]]]},"properties":{"id":"osm-w810834530","osm_id":810834530,"name":"Cholla Kulam","name_ml":"","waterway":"","kind":"waterbody","source":"OpenStreetMap (Overpass API)","license":"ODbL 1.0","source_date":"2026-09-30"}},{"type":"Feature","geometry":{"type":"Polygon","coordinates":[[[75.900748,10.938018],[75.900738,10.937798],[75.900403,10.937724],[75.900384,10.93791],[75.900421,10.938001],[75.900748,10.938018]]]},"properties":{"id":"osm-w819761213","osm_id":819761213,"name":"","name_ml":"","waterway":"","kind":"waterbody","source":"OpenStreetMap (Overpass API)","license":"ODbL 1.0","source_date":"2026-09-30"}},{"type":"Feature","geometry":{"type":"Polygon","coordinates":[[[75.905274,10.928443],[75.905281,10.928269],[75.904977,10.928262],[75.90497,10.928428],[75.905274,10.928443]]]},"properties":{"id":"osm-w819780237","osm_id":819780237,"name":"","name_ml":"","waterway":"","kind":"waterbody","source":"OpenStreetMap (Overpass API)","license":"ODbL 1.0","source_date":"2026-09-30"}},{"type":"Feature","geometry":{"type":"Polygon","coordinates":[[[75.952638,10.930112],[75.952635,10.930044],[75.952603,10.930045],[75.952598,10.930089],[75.95264,10.930129],[75.952638,10.930112]]]},"properties":{"id":"osm-w822131424","osm_id":822131424,"name":"Maila Kulam","name_ml":"","waterway":"","kind":"waterbody","source":"OpenStreetMap (Overpass API)","license":"ODbL 1.0","source_date":"2026-09-30"}},{"type":"Feature","geometry":{"type":"Polygon","coordinates":[[[75.910324,10.952807],[75.910665,10.952791],[75.910643,10.952346],[75.910301,10.952363],[75.910324,10.952807]]]},"properties":{"id":"osm-w822133509","osm_id":822133509,"name":"","name_ml":"","waterway":"","kind":"waterbody","source":"OpenStreetMap (Overpass API)","license":"ODbL 1.0","source_date":"2026-09-30"}},{"type":"Feature","geometry":{"type":"Polygon","coordinates":[[[75.878694,10.986786],[75.878882,10.986841],[75.878917,10.986712],[75.878774,10.986662],[75.878715,10.986694],[75.878694,10.986786]]]},"properties":{"id":"osm-w826534518","osm_id":826534518,"name":"","name_ml":"","waterway":"","kind":"waterbody","source":"OpenStreetMap (Overpass API)","license":"ODbL 1.0","source_date":"2026-09-30"}},{"type":"Feature","geometry":{"type":"Polygon","coordinates":[[[75.923492,10.960298],[75.923566,10.960298],[75.923577,10.960283],[75.923585,10.960255],[75.923584,10.960222],[75.923578,10.960186],[75.923561,10.960161],[75.923533,10.960143],[75.923507,10.960147],[75.923485,10.960173],[75.923468,10.960222],[75.923469,10.960255],[75.923492,10.960298]]]},"properties":{"id":"osm-w827600852","osm_id":827600852,"name":"Para Kuzhi","name_ml":"","waterway":"","kind":"waterbody","source":"OpenStreetMap (Overpass API)","license":"ODbL 1.0","source_date":"2026-09-30"}},{"type":"Feature","geometry":{"type":"Polygon","coordinates":[[[75.894544,10.92502],[75.894368,10.924981],[75.894261,10.925226],[75.894372,10.925293],[75.894523,10.925233],[75.894544,10.92502]]]},"properties":{"id":"osm-w834103994","osm_id":834103994,"name":"Kizhake Chira (Mannathala Ayyappankavu)","name_ml":"","waterway":"","kind":"waterbody","source":"OpenStreetMap (Overpass API)","license":"ODbL 1.0","source_date":"2026-09-30"}},{"type":"Feature","geometry":{"type":"Polygon","coordinates":[[[75.957658,10.953984],[75.957709,10.954021],[75.957744,10.953992],[75.957709,10.953945],[75.957658,10.953984]]]},"properties":{"id":"osm-w837504930","osm_id":837504930,"name":"Kuriyodath Kulam","name_ml":"","waterway":"","kind":"waterbody","source":"OpenStreetMap (Overpass API)","license":"ODbL 1.0","source_date":"2026-09-30"}},{"type":"Feature","geometry":{"type":"Polygon","coordinates":[[[75.952846,10.957519],[75.952884,10.957548],[75.952924,10.957535],[75.952873,10.957491],[75.952814,10.957422],[75.952803,10.957443],[75.95283,10.957485],[75.952846,10.957519]]]},"properties":{"id":"osm-w837505307","osm_id":837505307,"name":"Nottapuram Chola","name_ml":"","waterway":"","kind":"waterbody","source":"OpenStreetMap (Overpass API)","license":"ODbL 1.0","source_date":"2026-09-30"}},{"type":"Feature","geometry":{"type":"Polygon","coordinates":[[[75.95567,10.959857],[75.955658,10.959869],[75.95567,10.959891],[75.955697,10.959882],[75.955705,10.959907],[75.955734,10.959905],[75.955748,10.959889],[75.955725,10.959876],[75.955706,10.959878],[75.955682,10.959866],[75.95567,10.959857]]]},"properties":{"id":"osm-w837505463","osm_id":837505463,"name":"Avathi Kulam","name_ml":"","waterway":"","kind":"waterbody","source":"OpenStreetMap (Overpass API)","license":"ODbL 1.0","source_date":"2026-09-30"}},{"type":"Feature","geometry":{"type":"Polygon","coordinates":[[[75.937806,10.956434],[75.937834,10.956413],[75.937808,10.956399],[75.937803,10.956381],[75.93781,10.956372],[75.937798,10.956356],[75.93782,10.956359],[75.937828,10.956322],[75.937795,10.956336],[75.937796,10.956314],[75.937753,10.956318],[75.93772,10.95634],[75.937728,10.956365],[75.937763,10.956372],[75.937767,10.956363],[75.937783,10.956363],[75.937786,10.956386],[75.937781,10.956407],[75.937806,10.956434]]]},"properties":{"id":"osm-w837506193","osm_id":837506193,"name":"Poozhi Kulam","name_ml":"","waterway":"","kind":"waterbody","source":"OpenStreetMap (Overpass API)","license":"ODbL 1.0","source_date":"2026-09-30"}},{"type":"Feature","geometry":{"type":"Polygon","coordinates":[[[75.93805,10.957461],[75.938048,10.957473],[75.938061,10.957476],[75.938066,10.957491],[75.938082,10.95748],[75.938093,10.957447],[75.93805,10.957461]]]},"properties":{"id":"osm-w837506227","osm_id":837506227,"name":"Erumol Kulam","name_ml":"","waterway":"","kind":"waterbody","source":"OpenStreetMap (Overpass API)","license":"ODbL 1.0","source_date":"2026-09-30"}},{"type":"Feature","geometry":{"type":"Polygon","coordinates":[[[75.936799,10.95979],[75.936792,10.959808],[75.936754,10.959799],[75.93676,10.95986],[75.936829,10.95982],[75.936885,10.959808],[75.936917,10.959757],[75.936878,10.959723],[75.936865,10.959754],[75.936839,10.959808],[75.936799,10.95979]]]},"properties":{"id":"osm-w837506299","osm_id":837506299,"name":"Chatheri Kulam","name_ml":"","waterway":"","kind":"waterbody","source":"OpenStreetMap (Overpass API)","license":"ODbL 1.0","source_date":"2026-09-30"}},{"type":"Feature","geometry":{"type":"Polygon","coordinates":[[[75.936987,10.96023],[75.937016,10.960235],[75.937036,10.960222],[75.937029,10.960207],[75.937011,10.960211],[75.93701,10.960203],[75.937024,10.960195],[75.937029,10.960178],[75.937018,10.960181],[75.937015,10.960164],[75.937005,10.960166],[75.936993,10.960161],[75.936985,10.960177],[75.937003,10.960215],[75.936983,10.960212],[75.936987,10.96023]]]},"properties":{"id":"osm-w837506370","osm_id":837506370,"name":"Puthan Kulam","name_ml":"","waterway":"","kind":"waterbody","source":"OpenStreetMap (Overpass API)","license":"ODbL 1.0","source_date":"2026-09-30"}},{"type":"Feature","geometry":{"type":"Polygon","coordinates":[[[75.935689,10.962305],[75.935744,10.962299],[75.935717,10.962259],[75.935682,10.962241],[75.935658,10.962273],[75.935647,10.962285],[75.935689,10.962305]]]},"properties":{"id":"osm-w837506854","osm_id":837506854,"name":"Chilavil Padam Panchayath Kulam","name_ml":"","waterway":"","kind":"waterbody","source":"OpenStreetMap (Overpass API)","license":"ODbL 1.0","source_date":"2026-09-30"}},{"type":"Feature","geometry":{"type":"Polygon","coordinates":[[[75.937438,10.96427],[75.937443,10.964239],[75.937479,10.964255],[75.937463,10.964243],[75.937487,10.964223],[75.937484,10.96421],[75.937454,10.96423],[75.937439,10.964219],[75.937409,10.964244],[75.937411,10.96427],[75.937438,10.96427]]]},"properties":{"id":"osm-w837506890","osm_id":837506890,"name":"Chullakkad Kulam","name_ml":"","waterway":"","kind":"waterbody","source":"OpenStreetMap (Overpass API)","license":"ODbL 1.0","source_date":"2026-09-30"}},{"type":"Feature","geometry":{"type":"Polygon","coordinates":[[[75.939156,10.986288],[75.9392,10.9864],[75.939373,10.986335],[75.939329,10.986223],[75.939156,10.986288]]]},"properties":{"id":"osm-w837728110","osm_id":837728110,"name":"","name_ml":"","waterway":"","kind":"waterbody","source":"OpenStreetMap (Overpass API)","license":"ODbL 1.0","source_date":"2026-09-30"}},{"type":"Feature","geometry":{"type":"Polygon","coordinates":[[[75.906803,10.974379],[75.906946,10.974437],[75.906951,10.974329],[75.906841,10.974297],[75.906803,10.974379]]]},"properties":{"id":"osm-w837732849","osm_id":837732849,"name":"","name_ml":"","waterway":"","kind":"waterbody","source":"OpenStreetMap (Overpass API)","license":"ODbL 1.0","source_date":"2026-09-30"}},{"type":"Feature","geometry":{"type":"Polygon","coordinates":[[[75.903923,10.972672],[75.904043,10.972664],[75.904035,10.972538],[75.903934,10.972543],[75.903923,10.972672]]]},"properties":{"id":"osm-w837732850","osm_id":837732850,"name":"","name_ml":"","waterway":"","kind":"waterbody","source":"OpenStreetMap (Overpass API)","license":"ODbL 1.0","source_date":"2026-09-30"}},{"type":"Feature","geometry":{"type":"Polygon","coordinates":[[[75.897958,10.976055],[75.898368,10.976079],[75.898309,10.975597],[75.897971,10.975655],[75.897958,10.976055]]]},"properties":{"id":"osm-w837732851","osm_id":837732851,"name":"","name_ml":"","waterway":"","kind":"waterbody","source":"OpenStreetMap (Overpass API)","license":"ODbL 1.0","source_date":"2026-09-30"}},{"type":"Feature","geometry":{"type":"Polygon","coordinates":[[[75.937432,10.985144],[75.937505,10.985136],[75.937499,10.985088],[75.937426,10.985096],[75.937432,10.985144]]]},"properties":{"id":"osm-w837733698","osm_id":837733698,"name":"","name_ml":"","waterway":"","kind":"waterbody","source":"OpenStreetMap (Overpass API)","license":"ODbL 1.0","source_date":"2026-09-30"}},{"type":"Feature","geometry":{"type":"Polygon","coordinates":[[[75.872515,10.970249],[75.8726,10.970301],[75.872679,10.970257],[75.872663,10.970205],[75.872539,10.970184],[75.872515,10.970249]]]},"properties":{"id":"osm-w842810128","osm_id":842810128,"name":"Mukkathod Kulam","name_ml":"","waterway":"","kind":"waterbody","source":"OpenStreetMap (Overpass API)","license":"ODbL 1.0","source_date":"2026-09-30"}},{"type":"Feature","geometry":{"type":"Polygon","coordinates":[[[75.884419,10.981677],[75.884593,10.981714],[75.884628,10.981551],[75.884464,10.981533],[75.884419,10.981677]]]},"properties":{"id":"osm-w842810129","osm_id":842810129,"name":"Kaitha Kulam- Kundilpeedika","name_ml":"","waterway":"","kind":"waterbody","source":"OpenStreetMap (Overpass API)","license":"ODbL 1.0","source_date":"2026-09-30"}},{"type":"Feature","geometry":{"type":"Polygon","coordinates":[[[75.891147,10.983869],[75.89122,10.983865],[75.891223,10.983761],[75.891289,10.983754],[75.891287,10.983705],[75.891152,10.983705],[75.891147,10.983869]]]},"properties":{"id":"osm-w842810130","osm_id":842810130,"name":"Kaithile Kulam- Tathode","name_ml":"","waterway":"","kind":"waterbody","source":"OpenStreetMap (Overpass API)","license":"ODbL 1.0","source_date":"2026-09-30"}},{"type":"Feature","geometry":{"type":"Polygon","coordinates":[[[75.874264,11.011624],[75.874388,11.01163],[75.874587,11.011628],[75.874593,11.011476],[75.874276,11.011472],[75.874264,11.011624]]]},"properties":{"id":"osm-w842810131","osm_id":842810131,"name":"Irattakulam","name_ml":"","waterway":"","kind":"waterbody","source":"OpenStreetMap (Overpass API)","license":"ODbL 1.0","source_date":"2026-09-30"}},{"type":"Feature","geometry":{"type":"Polygon","coordinates":[[[75.889069,10.944047],[75.889148,10.944052],[75.889149,10.944002],[75.889065,10.943997],[75.889069,10.944047]]]},"properties":{"id":"osm-w842836854","osm_id":842836854,"name":"","name_ml":"","waterway":"","kind":"waterbody","source":"OpenStreetMap (Overpass API)","license":"ODbL 1.0","source_date":"2026-09-30"}},{"type":"Feature","geometry":{"type":"Polygon","coordinates":[[[75.891095,10.964452],[75.891104,10.964387],[75.890934,10.964376],[75.89093,10.96445],[75.891095,10.964452]]]},"properties":{"id":"osm-w842836855","osm_id":842836855,"name":"Devadhar School Kulam","name_ml":"","waterway":"","kind":"waterbody","source":"OpenStreetMap (Overpass API)","license":"ODbL 1.0","source_date":"2026-09-30"}},{"type":"Feature","geometry":{"type":"Polygon","coordinates":[[[75.901676,10.955798],[75.901782,10.955787],[75.901791,10.955722],[75.901677,10.955729],[75.901676,10.955798]]]},"properties":{"id":"osm-w842836856","osm_id":842836856,"name":"Kulam","name_ml":"","waterway":"","kind":"waterbody","source":"OpenStreetMap (Overpass API)","license":"ODbL 1.0","source_date":"2026-09-30"}},{"type":"Feature","geometry":{"type":"Polygon","coordinates":[[[75.928443,10.948021],[75.928498,10.948021],[75.928498,10.947953],[75.928435,10.947955],[75.928443,10.948021]]]},"properties":{"id":"osm-w842837533","osm_id":842837533,"name":"Areekad Pazham Kulam","name_ml":"","waterway":"","kind":"waterbody","source":"OpenStreetMap (Overpass API)","license":"ODbL 1.0","source_date":"2026-09-30"}},{"type":"Feature","geometry":{"type":"Polygon","coordinates":[[[75.901549,10.95868],[75.90156,10.958548],[75.901453,10.958545],[75.901437,10.958672],[75.901549,10.95868]]]},"properties":{"id":"osm-w843625393","osm_id":843625393,"name":"Padikkalappadam Kulam","name_ml":"","waterway":"","kind":"waterbody","source":"OpenStreetMap (Overpass API)","license":"ODbL 1.0","source_date":"2026-09-30"}},{"type":"Feature","geometry":{"type":"Polygon","coordinates":[[[75.902542,10.959425],[75.902542,10.959496],[75.902641,10.959493],[75.902644,10.959428],[75.902542,10.959425]]]},"properties":{"id":"osm-w843625776","osm_id":843625776,"name":"Thottiyil Kulam","name_ml":"","waterway":"","kind":"waterbody","source":"OpenStreetMap (Overpass API)","license":"ODbL 1.0","source_date":"2026-09-30"}},{"type":"Feature","geometry":{"type":"Polygon","coordinates":[[[75.90516,10.962938],[75.905393,10.962961],[75.905428,10.962698],[75.905256,10.962677],[75.905251,10.96273],[75.905184,10.962724],[75.90516,10.962938]]]},"properties":{"id":"osm-w843626301","osm_id":843626301,"name":"Marancheri Kulam","name_ml":"","waterway":"","kind":"waterbody","source":"OpenStreetMap (Overpass API)","license":"ODbL 1.0","source_date":"2026-09-30"}},{"type":"Feature","geometry":{"type":"Polygon","coordinates":[[[75.916334,10.961595],[75.916417,10.961684],[75.916457,10.96164],[75.916374,10.961561],[75.916334,10.961595]]]},"properties":{"id":"osm-w843627231","osm_id":843627231,"name":"Kizhakkumbbat Kulam","name_ml":"","waterway":"","kind":"waterbody","source":"OpenStreetMap (Overpass API)","license":"ODbL 1.0","source_date":"2026-09-30"}},{"type":"Feature","geometry":{"type":"Polygon","coordinates":[[[75.917042,10.963214],[75.917097,10.963209],[75.917109,10.963171],[75.917038,10.963118],[75.917002,10.96313],[75.917004,10.963173],[75.917042,10.963214]]]},"properties":{"id":"osm-w843628185","osm_id":843628185,"name":"Illath Kulam","name_ml":"","waterway":"","kind":"waterbody","source":"OpenStreetMap (Overpass API)","license":"ODbL 1.0","source_date":"2026-09-30"}},{"type":"Feature","geometry":{"type":"Polygon","coordinates":[[[75.911417,10.965041],[75.911472,10.965041],[75.911473,10.964915],[75.911418,10.964915],[75.911417,10.965041]]]},"properties":{"id":"osm-w843628186","osm_id":843628186,"name":"Ozhu Kulam","name_ml":"","waterway":"","kind":"waterbody","source":"OpenStreetMap (Overpass API)","license":"ODbL 1.0","source_date":"2026-09-30"}},{"type":"Feature","geometry":{"type":"Polygon","coordinates":[[[75.89863,10.972298],[75.898629,10.972333],[75.898713,10.97234],[75.898713,10.9723],[75.89863,10.972298]]]},"properties":{"id":"osm-w843636311","osm_id":843636311,"name":"Vazhiyile Kulam","name_ml":"","waterway":"","kind":"waterbody","source":"OpenStreetMap (Overpass API)","license":"ODbL 1.0","source_date":"2026-09-30"}},{"type":"Feature","geometry":{"type":"Polygon","coordinates":[[[75.894806,10.972462],[75.894725,10.972439],[75.894688,10.972533],[75.894776,10.972561],[75.894806,10.972462]]]},"properties":{"id":"osm-w843636312","osm_id":843636312,"name":"Onakkadu Beeran Haji Kulam","name_ml":"","waterway":"","kind":"waterbody","source":"OpenStreetMap (Overpass API)","license":"ODbL 1.0","source_date":"2026-09-30"}},{"type":"Feature","geometry":{"type":"Polygon","coordinates":[[[75.906556,10.967859],[75.906557,10.967888],[75.906585,10.967884],[75.906588,10.967857],[75.906556,10.967859]]]},"properties":{"id":"osm-w843637375","osm_id":843637375,"name":"Kathir Kulam","name_ml":"","waterway":"","kind":"waterbody","source":"OpenStreetMap (Overpass API)","license":"ODbL 1.0","source_date":"2026-09-30"}},{"type":"Feature","geometry":{"type":"Polygon","coordinates":[[[75.92744,10.994466],[75.927465,10.994434],[75.927451,10.994397],[75.927403,10.994407],[75.92739,10.994448],[75.92744,10.994466]]]},"properties":{"id":"osm-w843637376","osm_id":843637376,"name":"Puthu Kulam- Manalipuzha","name_ml":"","waterway":"","kind":"waterbody","source":"OpenStreetMap (Overpass API)","license":"ODbL 1.0","source_date":"2026-09-30"}},{"type":"Feature","geometry":{"type":"Polygon","coordinates":[[[75.93481,10.986545],[75.934891,10.986519],[75.934864,10.986439],[75.934783,10.986466],[75.93481,10.986545]]]},"properties":{"id":"osm-w843637709","osm_id":843637709,"name":"Puvvathar Panchayath Kulam","name_ml":"","waterway":"","kind":"waterbody","source":"OpenStreetMap (Overpass API)","license":"ODbL 1.0","source_date":"2026-09-30"}},{"type":"Feature","geometry":{"type":"Polygon","coordinates":[[[75.936148,10.985676],[75.936239,10.985678],[75.93624,10.985612],[75.936149,10.98561],[75.936148,10.985676]]]},"properties":{"id":"osm-w843639484","osm_id":843639484,"name":"Ovu Kulam","name_ml":"","waterway":"","kind":"waterbody","source":"OpenStreetMap (Overpass API)","license":"ODbL 1.0","source_date":"2026-09-30"}},{"type":"Feature","geometry":{"type":"Polygon","coordinates":[[[75.92239,10.982777],[75.92244,10.982713],[75.92239,10.982684],[75.922337,10.982752],[75.92239,10.982777]]]},"properties":{"id":"osm-w843639485","osm_id":843639485,"name":"Mattummathazham Kulam","name_ml":"","waterway":"","kind":"waterbody","source":"OpenStreetMap (Overpass API)","license":"ODbL 1.0","source_date":"2026-09-30"}},{"type":"Feature","geometry":{"type":"Polygon","coordinates":[[[75.922512,10.98237],[75.92254,10.982367],[75.922545,10.982344],[75.922519,10.982323],[75.922488,10.982342],[75.922512,10.98237]]]},"properties":{"id":"osm-w843639486","osm_id":843639486,"name":"Varikkottil Kulam","name_ml":"","waterway":"","kind":"waterbody","source":"OpenStreetMap (Overpass API)","license":"ODbL 1.0","source_date":"2026-09-30"}},{"type":"Feature","geometry":{"type":"Polygon","coordinates":[[[75.92357,10.981383],[75.923723,10.98137],[75.923723,10.981312],[75.923564,10.98133],[75.92357,10.981383]]]},"properties":{"id":"osm-w843639487","osm_id":843639487,"name":"Puthan Kulam","name_ml":"","waterway":"","kind":"waterbody","source":"OpenStreetMap (Overpass API)","license":"ODbL 1.0","source_date":"2026-09-30"}},{"type":"Feature","geometry":{"type":"Polygon","coordinates":[[[75.923299,10.985105],[75.92336,10.985051],[75.923307,10.984971],[75.923244,10.985014],[75.923299,10.985105]]]},"properties":{"id":"osm-w843641519","osm_id":843641519,"name":"Thayyil Srambi Kulam","name_ml":"","waterway":"","kind":"waterbody","source":"OpenStreetMap (Overpass API)","license":"ODbL 1.0","source_date":"2026-09-30"}},{"type":"Feature","geometry":{"type":"Polygon","coordinates":[[[75.928563,10.983186],[75.928588,10.983204],[75.928623,10.9832],[75.928631,10.983163],[75.928592,10.983134],[75.928561,10.983149],[75.928563,10.983186]]]},"properties":{"id":"osm-w843641520","osm_id":843641520,"name":"Jarathil Kulam","name_ml":"","waterway":"","kind":"waterbody","source":"OpenStreetMap (Overpass API)","license":"ODbL 1.0","source_date":"2026-09-30"}},{"type":"Feature","geometry":{"type":"Polygon","coordinates":[[[75.91887,10.984675],[75.918923,10.984671],[75.91888,10.984639],[75.918917,10.984633],[75.91897,10.984641],[75.918951,10.984573],[75.918845,10.984609],[75.91887,10.984675]]]},"properties":{"id":"osm-w843641521","osm_id":843641521,"name":"Panthakkal Kulam","name_ml":"","waterway":"","kind":"waterbody","source":"OpenStreetMap (Overpass API)","license":"ODbL 1.0","source_date":"2026-09-30"}},{"type":"Feature","geometry":{"type":"Polygon","coordinates":[[[75.913295,10.986781],[75.913341,10.986763],[75.913282,10.986657],[75.913236,10.986673],[75.913295,10.986781]]]},"properties":{"id":"osm-w843641820","osm_id":843641820,"name":"Manam Kulam","name_ml":"","waterway":"","kind":"waterbody","source":"OpenStreetMap (Overpass API)","license":"ODbL 1.0","source_date":"2026-09-30"}},{"type":"Feature","geometry":{"type":"Polygon","coordinates":[[[75.917348,10.98738],[75.917358,10.987288],[75.917245,10.987288],[75.917229,10.987408],[75.917348,10.98738]]]},"properties":{"id":"osm-w843641821","osm_id":843641821,"name":"Puthoore Kummali Kulam","name_ml":"","waterway":"","kind":"waterbody","source":"OpenStreetMap (Overpass API)","license":"ODbL 1.0","source_date":"2026-09-30"}},{"type":"Feature","geometry":{"type":"Polygon","coordinates":[[[75.935187,10.977402],[75.935321,10.977342],[75.935214,10.977114],[75.93508,10.977175],[75.935187,10.977402]]]},"properties":{"id":"osm-w843642673","osm_id":843642673,"name":"Chalakulam","name_ml":"","waterway":"","kind":"waterbody","source":"OpenStreetMap (Overpass API)","license":"ODbL 1.0","source_date":"2026-09-30"}},{"type":"Feature","geometry":{"type":"Polygon","coordinates":[[[75.938798,10.974215],[75.93886,10.974059],[75.938649,10.973993],[75.938594,10.974182],[75.938763,10.974251],[75.938798,10.974215]]]},"properties":{"id":"osm-w843642674","osm_id":843642674,"name":"Perincheri Pallikulam","name_ml":"","waterway":"","kind":"waterbody","source":"OpenStreetMap (Overpass API)","license":"ODbL 1.0","source_date":"2026-09-30"}},{"type":"Feature","geometry":{"type":"Polygon","coordinates":[[[75.94069,10.973377],[75.9407,10.973285],[75.940553,10.973284],[75.940546,10.973374],[75.94069,10.973377]]]},"properties":{"id":"osm-w843642991","osm_id":843642991,"name":"Periyanba Kulam","name_ml":"","waterway":"","kind":"waterbody","source":"OpenStreetMap (Overpass API)","license":"ODbL 1.0","source_date":"2026-09-30"}},{"type":"Feature","geometry":{"type":"Polygon","coordinates":[[[75.936638,10.969466],[75.936722,10.969473],[75.93673,10.969405],[75.936646,10.969393],[75.936638,10.969466]]]},"properties":{"id":"osm-w843643156","osm_id":843643156,"name":"Thekkile Kulam","name_ml":"","waterway":"","kind":"waterbody","source":"OpenStreetMap (Overpass API)","license":"ODbL 1.0","source_date":"2026-09-30"}},{"type":"Feature","geometry":{"type":"Polygon","coordinates":[[[75.926197,10.981583],[75.926236,10.981567],[75.926225,10.981532],[75.926177,10.981551],[75.926197,10.981583]]]},"properties":{"id":"osm-w843880131","osm_id":843880131,"name":"Omachapuzha Panchayath Kulam","name_ml":"","waterway":"","kind":"waterbody","source":"OpenStreetMap (Overpass API)","license":"ODbL 1.0","source_date":"2026-09-30"}},{"type":"Feature","geometry":{"type":"Polygon","coordinates":[[[75.893366,10.908409],[75.893364,10.908537],[75.893515,10.908567],[75.893532,10.908432],[75.893366,10.908409]]]},"properties":{"id":"osm-w843993927","osm_id":843993927,"name":"Chaterikulam","name_ml":"","waterway":"","kind":"waterbody","source":"OpenStreetMap (Overpass API)","license":"ODbL 1.0","source_date":"2026-09-30"}},{"type":"Feature","geometry":{"type":"Polygon","coordinates":[[[75.897717,10.909774],[75.897872,10.909833],[75.897957,10.909584],[75.897788,10.909536],[75.897717,10.909774]]]},"properties":{"id":"osm-w843993928","osm_id":843993928,"name":"Mannarkuzhi Kulam","name_ml":"","waterway":"","kind":"waterbody","source":"OpenStreetMap (Overpass API)","license":"ODbL 1.0","source_date":"2026-09-30"}},{"type":"Feature","geometry":{"type":"Polygon","coordinates":[[[75.891323,10.912496],[75.891536,10.91249],[75.891526,10.912113],[75.891313,10.912118],[75.891323,10.912496]]]},"properties":{"id":"osm-w843993929","osm_id":843993929,"name":"Janathabasar Thirukunnu Kulam","name_ml":"","waterway":"","kind":"waterbody","source":"OpenStreetMap (Overpass API)","license":"ODbL 1.0","source_date":"2026-09-30"}},{"type":"Feature","geometry":{"type":"Polygon","coordinates":[[[75.896544,10.913162],[75.896683,10.913194],[75.896713,10.913101],[75.896678,10.91307],[75.896686,10.913047],[75.896655,10.913039],[75.896647,10.913062],[75.896588,10.913036],[75.896544,10.913162]]]},"properties":{"id":"osm-w843993930","osm_id":843993930,"name":"Nalu Kulam","name_ml":"","waterway":"","kind":"waterbody","source":"OpenStreetMap (Overpass API)","license":"ODbL 1.0","source_date":"2026-09-30"}},{"type":"Feature","geometry":{"type":"Polygon","coordinates":[[[75.898226,10.913109],[75.898527,10.913147],[75.898558,10.912967],[75.898397,10.912939],[75.898416,10.912837],[75.898228,10.912829],[75.898226,10.913109]]]},"properties":{"id":"osm-w843993931","osm_id":843993931,"name":"Pthiyam Kulam","name_ml":"","waterway":"","kind":"waterbody","source":"OpenStreetMap (Overpass API)","license":"ODbL 1.0","source_date":"2026-09-30"}},{"type":"Feature","geometry":{"type":"Polygon","coordinates":[[[75.891263,10.916588],[75.891353,10.916628],[75.891393,10.916507],[75.891301,10.916473],[75.891263,10.916588]]]},"properties":{"id":"osm-w843994298","osm_id":843994298,"name":"Tharayil Kulangara Kulam","name_ml":"","waterway":"","kind":"waterbody","source":"OpenStreetMap (Overpass API)","license":"ODbL 1.0","source_date":"2026-09-30"}},{"type":"Feature","geometry":{"type":"Polygon","coordinates":[[[75.890994,10.918908],[75.891253,10.918914],[75.891263,10.918632],[75.891,10.918638],[75.890994,10.918908]]]},"properties":{"id":"osm-w843994299","osm_id":843994299,"name":"Akkithadam Punjakulam","name_ml":"","waterway":"","kind":"waterbody","source":"OpenStreetMap (Overpass API)","license":"ODbL 1.0","source_date":"2026-09-30"}},{"type":"Feature","geometry":{"type":"Polygon","coordinates":[[[75.889582,10.924355],[75.889745,10.924344],[75.889756,10.924269],[75.889718,10.924216],[75.889637,10.924162],[75.889522,10.924183],[75.889533,10.92428],[75.889582,10.924355]]]},"properties":{"id":"osm-w843994300","osm_id":843994300,"name":"Chonattil Kulam","name_ml":"","waterway":"","kind":"waterbody","source":"OpenStreetMap (Overpass API)","license":"ODbL 1.0","source_date":"2026-09-30"}},{"type":"Feature","geometry":{"type":"Polygon","coordinates":[[[75.893495,10.924498],[75.893474,10.924201],[75.893218,10.924231],[75.893265,10.924477],[75.893495,10.924498]]]},"properties":{"id":"osm-w843994473","osm_id":843994473,"name":"Padinjare Chira(Mannathala Shiva Kshetram)","name_ml":"","waterway":"","kind":"waterbody","source":"OpenStreetMap (Overpass API)","license":"ODbL 1.0","source_date":"2026-09-30"}},{"type":"Feature","geometry":{"type":"Polygon","coordinates":[[[75.901986,10.924842],[75.902051,10.924832],[75.90204,10.924768],[75.90198,10.92476],[75.901986,10.924842]]]},"properties":{"id":"osm-w843994474","osm_id":843994474,"name":"Cholapparambil Kulam","name_ml":"","waterway":"","kind":"waterbody","source":"OpenStreetMap (Overpass API)","license":"ODbL 1.0","source_date":"2026-09-30"}},{"type":"Feature","geometry":{"type":"Polygon","coordinates":[[[75.900206,10.930353],[75.900216,10.930388],[75.900361,10.930406],[75.900363,10.930337],[75.900439,10.930333],[75.900439,10.930238],[75.900198,10.930244],[75.900206,10.930353]]]},"properties":{"id":"osm-w843994666","osm_id":843994666,"name":"Mangadan Kulam","name_ml":"","waterway":"","kind":"waterbody","source":"OpenStreetMap (Overpass API)","license":"ODbL 1.0","source_date":"2026-09-30"}},{"type":"Feature","geometry":{"type":"Polygon","coordinates":[[[75.892504,10.932505],[75.89247,10.932746],[75.892763,10.932719],[75.892817,10.93255],[75.892504,10.932505]]]},"properties":{"id":"osm-w843995113","osm_id":843995113,"name":"Pappunnithara Kulam","name_ml":"","waterway":"","kind":"waterbody","source":"OpenStreetMap (Overpass API)","license":"ODbL 1.0","source_date":"2026-09-30"}},{"type":"Feature","geometry":{"type":"Polygon","coordinates":[[[75.895929,10.934658],[75.89604,10.934656],[75.896062,10.934527],[75.89597,10.934509],[75.895929,10.934658]]]},"properties":{"id":"osm-w843995114","osm_id":843995114,"name":"Karimaram Kulam","name_ml":"","waterway":"","kind":"waterbody","source":"OpenStreetMap (Overpass API)","license":"ODbL 1.0","source_date":"2026-09-30"}},{"type":"Feature","geometry":{"type":"Polygon","coordinates":[[[75.902273,10.94206],[75.902339,10.94206],[75.902328,10.942011],[75.902293,10.942007],[75.902271,10.942033],[75.902273,10.94206]]]},"properties":{"id":"osm-w843995115","osm_id":843995115,"name":"Arangathil Kulam","name_ml":"","waterway":"","kind":"waterbody","source":"OpenStreetMap (Overpass API)","license":"ODbL 1.0","source_date":"2026-09-30"}},{"type":"Feature","geometry":{"type":"Polygon","coordinates":[[[75.890612,10.926064],[75.890665,10.926069],[75.890708,10.926045],[75.890697,10.926002],[75.890645,10.925983],[75.890606,10.926019],[75.890612,10.926064]]]},"properties":{"id":"osm-w843996744","osm_id":843996744,"name":"Varikkott Kulam","name_ml":"","waterway":"","kind":"waterbody","source":"OpenStreetMap (Overpass API)","license":"ODbL 1.0","source_date":"2026-09-30"}},{"type":"Feature","geometry":{"type":"Polygon","coordinates":[[[75.903095,10.940294],[75.903178,10.940323],[75.90318,10.940284],[75.903118,10.940252],[75.903095,10.940294]]]},"properties":{"id":"osm-w843996746","osm_id":843996746,"name":"Arikkattuparamb Kulam","name_ml":"","waterway":"","kind":"waterbody","source":"OpenStreetMap (Overpass API)","license":"ODbL 1.0","source_date":"2026-09-30"}},{"type":"Feature","geometry":{"type":"Polygon","coordinates":[[[75.890104,10.948286],[75.890189,10.94822],[75.890261,10.948143],[75.890243,10.948059],[75.890085,10.94803],[75.890037,10.948214],[75.890104,10.948286]]]},"properties":{"id":"osm-w881599234","osm_id":881599234,"name":"","name_ml":"","waterway":"","kind":"waterbody","source":"OpenStreetMap (Overpass API)","license":"ODbL 1.0","source_date":"2026-09-30"}},{"type":"Feature","geometry":{"type":"Polygon","coordinates":[[[75.925799,10.9649],[75.925799,10.964791],[75.925773,10.964694],[75.925543,10.964687],[75.925573,10.964791],[75.925636,10.964829],[75.92567,10.9649],[75.925799,10.9649]]]},"properties":{"id":"osm-w882248989","osm_id":882248989,"name":"","name_ml":"","waterway":"","kind":"waterbody","source":"OpenStreetMap (Overpass API)","license":"ODbL 1.0","source_date":"2026-09-30"}},{"type":"Feature","geometry":{"type":"Polygon","coordinates":[[[75.956933,10.918622],[75.956951,10.918951],[75.957164,10.918966],[75.957142,10.918597],[75.956933,10.918622]]]},"properties":{"id":"osm-w882673211","osm_id":882673211,"name":"Aquaculture Pond","name_ml":"","waterway":"","kind":"waterbody","source":"OpenStreetMap (Overpass API)","license":"ODbL 1.0","source_date":"2026-09-30"}},{"type":"Feature","geometry":{"type":"Polygon","coordinates":[[[75.949893,10.913461],[75.949767,10.913396],[75.949672,10.913511],[75.949633,10.913636],[75.949687,10.913802],[75.94996,10.913853],[75.950043,10.913564],[75.94991,10.91352],[75.949893,10.913461]]]},"properties":{"id":"osm-w882673212","osm_id":882673212,"name":"","name_ml":"","waterway":"","kind":"waterbody","source":"OpenStreetMap (Overpass API)","license":"ODbL 1.0","source_date":"2026-09-30"}},{"type":"Feature","geometry":{"type":"Polygon","coordinates":[[[75.957297,10.934768],[75.957055,10.934801],[75.956897,10.934914],[75.957003,10.935039],[75.957273,10.934977],[75.95729,10.934975],[75.957293,10.934886],[75.957297,10.934768]]]},"properties":{"id":"osm-w882674412","osm_id":882674412,"name":"","name_ml":"","waterway":"","kind":"waterbody","source":"OpenStreetMap (Overpass API)","license":"ODbL 1.0","source_date":"2026-09-30"}},{"type":"Feature","geometry":{"type":"Polygon","coordinates":[[[75.953152,10.954424],[75.953194,10.95443],[75.953247,10.954419],[75.953204,10.954308],[75.953143,10.95433],[75.953152,10.954424]]]},"properties":{"id":"osm-w891826514","osm_id":891826514,"name":"Kanji Kulam","name_ml":"","waterway":"","kind":"waterbody","source":"OpenStreetMap (Overpass API)","license":"ODbL 1.0","source_date":"2026-09-30"}},{"type":"Feature","geometry":{"type":"Polygon","coordinates":[[[75.883058,10.965141],[75.883132,10.965152],[75.883201,10.965144],[75.883245,10.965112],[75.883266,10.965068],[75.883271,10.965013],[75.883263,10.964963],[75.883204,10.964948],[75.883131,10.964957],[75.883058,10.964978],[75.88304,10.965007],[75.883031,10.965095],[75.883058,10.965141]]]},"properties":{"id":"osm-w904215950","osm_id":904215950,"name":"","name_ml":"","waterway":"","kind":"waterbody","source":"OpenStreetMap (Overpass API)","license":"ODbL 1.0","source_date":"2026-09-30"}},{"type":"Feature","geometry":{"type":"Polygon","coordinates":[[[75.92139,10.983496],[75.92141,10.983486],[75.9214,10.983473],[75.921382,10.983484],[75.92139,10.983496]]]},"properties":{"id":"osm-w960759677","osm_id":960759677,"name":"","name_ml":"","waterway":"","kind":"waterbody","source":"OpenStreetMap (Overpass API)","license":"ODbL 1.0","source_date":"2026-09-30"}},{"type":"Feature","geometry":{"type":"Polygon","coordinates":[[[75.92501,10.981264],[75.925023,10.981162],[75.924966,10.981165],[75.92497,10.981264],[75.92501,10.981264]]]},"properties":{"id":"osm-w960759681","osm_id":960759681,"name":"","name_ml":"","waterway":"","kind":"waterbody","source":"OpenStreetMap (Overpass API)","license":"ODbL 1.0","source_date":"2026-09-30"}},{"type":"Feature","geometry":{"type":"Polygon","coordinates":[[[75.911756,10.982146],[75.911828,10.982139],[75.91182,10.982063],[75.911748,10.982071],[75.911756,10.982146]]]},"properties":{"id":"osm-w961259323","osm_id":961259323,"name":"","name_ml":"","waterway":"","kind":"waterbody","source":"OpenStreetMap (Overpass API)","license":"ODbL 1.0","source_date":"2026-09-30"}},{"type":"Feature","geometry":{"type":"Polygon","coordinates":[[[75.957047,10.92024],[75.957102,10.920239],[75.9571,10.920118],[75.957045,10.920119],[75.957047,10.92024]]]},"properties":{"id":"osm-w961604868","osm_id":961604868,"name":"","name_ml":"","waterway":"","kind":"waterbody","source":"OpenStreetMap (Overpass API)","license":"ODbL 1.0","source_date":"2026-09-30"}},{"type":"Feature","geometry":{"type":"Polygon","coordinates":[[[75.961139,10.919406],[75.961189,10.919405],[75.961191,10.919305],[75.961138,10.919305],[75.961139,10.919406]]]},"properties":{"id":"osm-w961604878","osm_id":961604878,"name":"Asharippara Jumua Masjid Pond","name_ml":"","waterway":"","kind":"waterbody","source":"OpenStreetMap (Overpass API)","license":"ODbL 1.0","source_date":"2026-09-30"}},{"type":"Feature","geometry":{"type":"Polygon","coordinates":[[[75.951481,10.973825],[75.951474,10.973808],[75.951455,10.973799],[75.951445,10.973806],[75.951453,10.973829],[75.951471,10.973835],[75.951481,10.973825]]]},"properties":{"id":"osm-w961896054","osm_id":961896054,"name":"","name_ml":"","waterway":"","kind":"waterbody","source":"OpenStreetMap (Overpass API)","license":"ODbL 1.0","source_date":"2026-09-30"}},{"type":"Feature","geometry":{"type":"Polygon","coordinates":[[[75.95306,10.932159],[75.953058,10.932125],[75.953015,10.932125],[75.953013,10.932157],[75.95306,10.932159]]]},"properties":{"id":"osm-w970928519","osm_id":970928519,"name":"","name_ml":"","waterway":"","kind":"waterbody","source":"OpenStreetMap (Overpass API)","license":"ODbL 1.0","source_date":"2026-09-30"}},{"type":"Feature","geometry":{"type":"Polygon","coordinates":[[[75.907697,10.932296],[75.907825,10.932239],[75.907954,10.931987],[75.907906,10.9319],[75.907743,10.931871],[75.90758,10.931975],[75.907527,10.932258],[75.907697,10.932296]]]},"properties":{"id":"osm-w1016057313","osm_id":1016057313,"name":"Thumarakkav Temple Pond","name_ml":"","waterway":"","kind":"waterbody","source":"OpenStreetMap (Overpass API)","license":"ODbL 1.0","source_date":"2026-09-30"}},{"type":"Feature","geometry":{"type":"Polygon","coordinates":[[[75.898467,10.931366],[75.898575,10.931371],[75.898571,10.931283],[75.898462,10.931287],[75.898467,10.931366]]]},"properties":{"id":"osm-w1038685695","osm_id":1038685695,"name":"","name_ml":"","waterway":"","kind":"waterbody","source":"OpenStreetMap (Overpass API)","license":"ODbL 1.0","source_date":"2026-09-30"}},{"type":"Feature","geometry":{"type":"LineString","coordinates":[[75.945512,10.914436],[75.945608,10.914524]]},"properties":{"id":"osm-w203650345","osm_id":203650345,"name":"Muttikkal Vcb","name_ml":"","waterway":"stream","kind":"waterway","source":"OpenStreetMap (Overpass API)","license":"ODbL 1.0","source_date":"2026-09-30"}},{"type":"Feature","geometry":{"type":"LineString","coordinates":[[75.868718,11.017811],[75.866107,11.017621],[75.865524,11.017295],[75.864488,11.016757],[75.864366,11.0154],[75.866449,11.010582],[75.866904,11.009117],[75.866804,11.007961],[75.866411,11.006779],[75.865527,11.005924],[75.864629,11.005731]]},"properties":{"id":"osm-w203650346","osm_id":203650346,"name":"Purapparamba River","name_ml":"","waterway":"river","kind":"waterway","source":"OpenStreetMap (Overpass API)","license":"ODbL 1.0","source_date":"2026-09-30"}},{"type":"Feature","geometry":{"type":"MultiLineString","coordinates":[[[75.864629,11.005731],[75.864951,11.003944],[75.86498,11.003817],[75.865018,11.003618],[75.865027,11.003464],[75.865039,11.003224]],[[75.865039,11.003224],[75.865047,11.003054],[75.865241,11.002795],[75.865562,11.002662],[75.865612,11.002565],[75.8657,11.002396],[75.865781,11.001935],[75.865915,11.001207],[75.866062,11.000627],[75.866153,11.000032],[75.866349,10.998891],[75.86643,10.997659],[75.866607,10.997123],[75.866804,10.996485],[75.866983,10.995822],[75.86729,10.994825],[75.867453,10.994098],[75.867698,10.993567],[75.867943,10.993149],[75.86816,10.992687],[75.86824,10.992359],[75.86839,10.991872],[75.868894,10.990387],[75.869099,10.98986],[75.869332,10.989556],[75.869584,10.989239],[75.869563,10.988922],[75.869626,10.988079],[75.869853,10.986967],[75.869856,10.98661],[75.869959,10.986253],[75.870063,10.985903],[75.870554,10.983838],[75.870911,10.982329],[75.871232,10.981036],[75.871263,10.980792],[75.871963,10.977832],[75.872281,10.977056],[75.87276,10.976222],[75.872895,10.976047],[75.872944,10.975857],[75.872978,10.975518],[75.874126,10.971288],[75.874219,10.970738],[75.875837,10.964372],[75.876131,10.963412]],[[75.876131,10.963412],[75.876361,10.962636],[75.876874,10.960865],[75.87755,10.958565],[75.878331,10.956112],[75.879069,10.953658],[75.879159,10.953287],[75.879163,10.95327]],[[75.879163,10.95327],[75.879485,10.951947],[75.879877,10.950337],[75.880248,10.948899],[75.881334,10.944837],[75.881799,10.943028],[75.882049,10.941948],[75.882208,10.94126],[75.88261,10.939287],[75.882886,10.937695],[75.883489,10.935088],[75.883707,10.933981],[75.883929,10.93248],[75.884076,10.931322],[75.884095,10.930959],[75.884184,10.930607],[75.884384,10.929933],[75.884559,10.929455]],[[75.884559,10.929455],[75.885111,10.927947],[75.88575,10.925884],[75.885893,10.925457]],[[75.885893,10.925457],[75.885974,10.925218],[75.886345,10.924497],[75.886833,10.923335],[75.887397,10.921309],[75.887793,10.919973],[75.888293,10.918302],[75.889595,10.914316],[75.890103,10.912701],[75.890865,10.910207],[75.891234,10.909054],[75.892061,10.906468],[75.892223,10.905926]]]},"properties":{"id":"osm-w203650348","osm_id":203650348,"name":"Conolly Canal","name_ml":"","waterway":"canal","kind":"waterway","source":"OpenStreetMap (Overpass API)","license":"ODbL 1.0","source_date":"2026-09-30"}},{"type":"Feature","geometry":{"type":"MultiLineString","coordinates":[[[75.945608,10.914524],[75.945554,10.914704]],[[75.945447,10.915063],[75.945426,10.915135],[75.945093,10.915725],[75.944406,10.916588],[75.94352,10.918133]],[[75.943375,10.918386],[75.943215,10.918664],[75.942931,10.918687]],[[75.941582,10.918823],[75.940211,10.919201],[75.939753,10.919328]],[[75.939687,10.919347],[75.939568,10.91938],[75.939562,10.91938]],[[75.938802,10.919437],[75.938379,10.919815],[75.938036,10.920394]],[[75.938036,10.920395],[75.938097,10.920923]],[[75.938141,10.921304],[75.938143,10.921321],[75.938136,10.921339]],[[75.938072,10.921502],[75.937692,10.92248],[75.937757,10.923386],[75.937848,10.923773]],[[75.938036,10.9242],[75.938293,10.924408],[75.93831,10.924545]],[[75.93835,10.924876],[75.938357,10.924935],[75.938303,10.925011]],[[75.938145,10.925233],[75.937823,10.925685],[75.937027,10.926472],[75.936908,10.927006]],[[75.936917,10.927067],[75.937013,10.927512],[75.937206,10.927971],[75.937223,10.928101]],[[75.937232,10.928653],[75.937214,10.928726],[75.937,10.928758],[75.936812,10.928716],[75.936565,10.928763],[75.936432,10.928946]],[[75.936421,10.929133],[75.936423,10.929189]],[[75.936486,10.929471],[75.936555,10.929574]],[[75.937402,10.930049],[75.937175,10.9307],[75.937003,10.930962]],[[75.93665,10.931499],[75.936541,10.931666],[75.93633,10.931711]],[[75.935992,10.931784],[75.935573,10.931874],[75.935004,10.932145],[75.934386,10.9328],[75.934028,10.933087],[75.93337,10.933135],[75.932866,10.933351],[75.932727,10.933734],[75.932712,10.934002]],[[75.932634,10.935314],[75.93263,10.935394],[75.932402,10.935522],[75.931971,10.935267],[75.931776,10.935492]],[[75.931663,10.935691],[75.931613,10.935857],[75.93162,10.936096]],[[75.93167,10.936162],[75.932004,10.93628],[75.932191,10.936488],[75.932118,10.936799],[75.931695,10.936927],[75.931592,10.936861]],[[75.931358,10.936711],[75.931223,10.936624],[75.930922,10.936592],[75.930634,10.936625]],[[75.93042,10.93665],[75.930369,10.936656],[75.92976,10.936568],[75.929525,10.936531]]]},"properties":{"id":"osm-w203650354","osm_id":203650354,"name":"Tirur River","name_ml":"","waterway":"river","kind":"waterway","source":"OpenStreetMap (Overpass API)","license":"ODbL 1.0","source_date":"2026-09-30"}},{"type":"Feature","geometry":{"type":"LineString","coordinates":[[75.889998,11.022116],[75.889998,11.0221],[75.887096,11.021317]]},"properties":{"id":"osm-w203650357","osm_id":203650357,"name":"","name_ml":"","waterway":"canal","kind":"waterway","source":"OpenStreetMap (Overpass API)","license":"ODbL 1.0","source_date":"2026-09-30"}},{"type":"Feature","geometry":{"type":"MultiLineString","coordinates":[[[75.964948,10.921275],[75.964712,10.920306],[75.963536,10.919124],[75.959812,10.915468],[75.959665,10.915323],[75.959474,10.915316],[75.955655,10.915164],[75.955224,10.915012],[75.95317,10.914288],[75.950934,10.913323],[75.950496,10.913297]],[[75.950442,10.913294],[75.947668,10.913132],[75.946938,10.913626],[75.945608,10.914524]]]},"properties":{"id":"osm-w203650375","osm_id":203650375,"name":"","name_ml":"","waterway":"stream","kind":"waterway","source":"OpenStreetMap (Overpass API)","license":"ODbL 1.0","source_date":"2026-09-30"}},{"type":"Feature","geometry":{"type":"LineString","coordinates":[[75.882367,10.928871],[75.882661,10.9289],[75.883057,10.929003],[75.883351,10.929118],[75.883474,10.929305],[75.883603,10.929323],[75.884559,10.929455]]},"properties":{"id":"osm-w678729235","osm_id":678729235,"name":"","name_ml":"","waterway":"stream","kind":"waterway","source":"OpenStreetMap (Overpass API)","license":"ODbL 1.0","source_date":"2026-09-30"}},{"type":"Feature","geometry":{"type":"LineString","coordinates":[[75.880658,10.953532],[75.880429,10.953502],[75.880205,10.953478],[75.879983,10.95345],[75.879859,10.95342],[75.879689,10.953342],[75.87955,10.953296],[75.879431,10.953306],[75.879292,10.9533],[75.879279,10.953297],[75.879163,10.95327]]},"properties":{"id":"osm-w678729241","osm_id":678729241,"name":"","name_ml":"","waterway":"stream","kind":"waterway","source":"OpenStreetMap (Overpass API)","license":"ODbL 1.0","source_date":"2026-09-30"}},{"type":"Feature","geometry":{"type":"LineString","coordinates":[[75.878438,10.964365],[75.878497,10.964128],[75.878438,10.964006],[75.878261,10.963938],[75.878089,10.963922],[75.877857,10.963892],[75.877805,10.963885],[75.877601,10.963838],[75.877344,10.963748],[75.877129,10.963611],[75.876936,10.963522],[75.876689,10.963517],[75.87656,10.96349],[75.876362,10.963456],[75.876131,10.963412]]},"properties":{"id":"osm-w678729252","osm_id":678729252,"name":"","name_ml":"","waterway":"stream","kind":"waterway","source":"OpenStreetMap (Overpass API)","license":"ODbL 1.0","source_date":"2026-09-30"}},{"type":"Feature","geometry":{"type":"LineString","coordinates":[[75.891788,10.969776],[75.891487,10.969685],[75.891116,10.969588],[75.890949,10.969452],[75.890737,10.969324],[75.890479,10.969178],[75.890199,10.969032],[75.88993,10.968917],[75.889718,10.968872],[75.889392,10.968813],[75.889233,10.968879],[75.889084,10.969029],[75.888953,10.969195],[75.88878,10.96948],[75.888605,10.969897],[75.888353,10.969814],[75.887867,10.969801],[75.887386,10.969796]]},"properties":{"id":"osm-w678729258","osm_id":678729258,"name":"","name_ml":"","waterway":"stream","kind":"waterway","source":"OpenStreetMap (Overpass API)","license":"ODbL 1.0","source_date":"2026-09-30"}},{"type":"Feature","geometry":{"type":"LineString","coordinates":[[75.887026,10.969782],[75.886905,10.969755],[75.88662,10.969649],[75.886246,10.969645],[75.885915,10.969498],[75.885653,10.969379],[75.885322,10.969246],[75.885116,10.969182],[75.88513,10.969081],[75.885205,10.968948],[75.885312,10.968819],[75.885369,10.968682],[75.885392,10.968535],[75.885224,10.968421],[75.885046,10.968361],[75.884836,10.968191],[75.884696,10.968111]]},"properties":{"id":"osm-w678729259","osm_id":678729259,"name":"","name_ml":"","waterway":"stream","kind":"waterway","source":"OpenStreetMap (Overpass API)","license":"ODbL 1.0","source_date":"2026-09-30"}},{"type":"Feature","geometry":{"type":"LineString","coordinates":[[75.887386,10.969796],[75.887026,10.969782]]},"properties":{"id":"osm-w678729260","osm_id":678729260,"name":"","name_ml":"","waterway":"stream","kind":"waterway","source":"OpenStreetMap (Overpass API)","license":"ODbL 1.0","source_date":"2026-09-30"}},{"type":"Feature","geometry":{"type":"LineString","coordinates":[[75.884556,10.968031],[75.884453,10.96799],[75.884243,10.967852],[75.884103,10.967747],[75.883963,10.967802],[75.883911,10.967912],[75.88379,10.968068],[75.883664,10.968145],[75.883501,10.96821],[75.883384,10.968338],[75.883342,10.968462],[75.883337,10.968613],[75.883393,10.968861],[75.88323,10.96909],[75.883043,10.969374],[75.882819,10.969668],[75.882431,10.969966],[75.882249,10.970108],[75.882142,10.970245],[75.881978,10.970314],[75.881861,10.970309],[75.881726,10.970268],[75.881572,10.970176],[75.881236,10.969842],[75.881025,10.969452],[75.880811,10.969214],[75.880591,10.968975],[75.880381,10.968819],[75.880115,10.968576],[75.879895,10.968576],[75.879713,10.968627],[75.87955,10.968586],[75.87926,10.968471],[75.878961,10.968333],[75.878774,10.968168],[75.87863,10.968022],[75.878518,10.967788],[75.878293,10.967614],[75.878163,10.967513]]},"properties":{"id":"osm-w678729263","osm_id":678729263,"name":"","name_ml":"","waterway":"stream","kind":"waterway","source":"OpenStreetMap (Overpass API)","license":"ODbL 1.0","source_date":"2026-09-30"}},{"type":"Feature","geometry":{"type":"LineString","coordinates":[[75.884696,10.968111],[75.884556,10.968031]]},"properties":{"id":"osm-w678729264","osm_id":678729264,"name":"","name_ml":"","waterway":"stream","kind":"waterway","source":"OpenStreetMap (Overpass API)","license":"ODbL 1.0","source_date":"2026-09-30"}},{"type":"Feature","geometry":{"type":"MultiLineString","coordinates":[[[75.917351,10.949459],[75.917513,10.94933],[75.917614,10.949218],[75.917796,10.949102],[75.917989,10.948917],[75.918209,10.948728],[75.918461,10.948549],[75.918569,10.948375],[75.918698,10.948243],[75.918917,10.948085],[75.919148,10.947869],[75.919336,10.947822],[75.919567,10.947738],[75.91984,10.947653],[75.920087,10.947543],[75.920414,10.947459],[75.920736,10.947353],[75.920983,10.947232],[75.921122,10.94719],[75.921364,10.947121],[75.921594,10.947074],[75.921884,10.947048],[75.922056,10.947042],[75.922276,10.947021],[75.922442,10.946979],[75.922699,10.946921],[75.922909,10.9469],[75.923075,10.946879],[75.92323,10.946863],[75.923424,10.946848],[75.92359,10.946774],[75.923676,10.946637],[75.923767,10.946479],[75.923901,10.946331],[75.924099,10.946205],[75.924287,10.946052],[75.924475,10.945921],[75.924588,10.945842],[75.924781,10.945663],[75.924899,10.945478],[75.92507,10.945363]],[[75.925712,10.944805],[75.92573,10.944788],[75.925939,10.944636],[75.92613,10.944428]],[[75.926213,10.944213],[75.926272,10.944072],[75.926385,10.943772],[75.926438,10.943656],[75.926562,10.943435],[75.926648,10.94324],[75.926728,10.942971],[75.926787,10.942824],[75.926851,10.942739],[75.92698,10.942639],[75.92713,10.942524],[75.927291,10.942434],[75.927431,10.942318],[75.927476,10.942208]],[[75.927521,10.942041],[75.927543,10.941939],[75.927547,10.94191]],[[75.928061,10.940512],[75.928112,10.940438],[75.928184,10.940257]],[[75.928202,10.940225],[75.928294,10.940074],[75.928316,10.939948],[75.928294,10.939936]],[[75.928261,10.939751],[75.928316,10.939679],[75.928318,10.939674]],[[75.928334,10.939639],[75.928364,10.939574],[75.928407,10.939348],[75.928461,10.939232],[75.928503,10.939077]],[[75.928516,10.939036],[75.928708,10.9389],[75.928715,10.938896]],[[75.929015,10.938787],[75.929035,10.938784],[75.92904,10.938779]],[[75.929314,10.938188],[75.929319,10.938178],[75.929318,10.938144]],[[75.929316,10.938113],[75.929314,10.938041],[75.929228,10.938031],[75.92917,10.938031]],[[75.929146,10.938016],[75.929144,10.937986]],[[75.929155,10.937961],[75.929239,10.93792],[75.929324,10.937841],[75.929426,10.937673],[75.929489,10.937605]],[[75.92964,10.937522],[75.92977,10.937483],[75.929788,10.937451],[75.929792,10.937442],[75.929828,10.937378],[75.929854,10.937331],[75.929866,10.937309],[75.929737,10.937135],[75.929657,10.936909],[75.929566,10.936719],[75.929538,10.936638]]]},"properties":{"id":"osm-w751346483","osm_id":751346483,"name":"","name_ml":"","waterway":"stream","kind":"waterway","source":"OpenStreetMap (Overpass API)","license":"ODbL 1.0","source_date":"2026-09-30"}},{"type":"Feature","geometry":{"type":"MultiLineString","coordinates":[[[75.871645,11.007214],[75.871565,11.007088],[75.871522,11.006993],[75.87157,11.006862],[75.87165,11.006751],[75.871752,11.006672],[75.871806,11.006546],[75.871886,11.006419],[75.871908,11.006356],[75.871946,11.006298],[75.87201,11.006267],[75.872064,11.006203],[75.872069,11.00614],[75.872053,11.006077],[75.872026,11.006003],[75.872021,11.00593],[75.872069,11.005851],[75.872149,11.005814],[75.872224,11.005766],[75.8723,11.005687],[75.872305,11.005582],[75.872283,11.005487],[75.872251,11.005419],[75.872241,11.005287],[75.8723,11.005187],[75.87231,11.005076],[75.872294,11.004955],[75.872257,11.004866],[75.872262,11.00475],[75.872316,11.004613],[75.872342,11.004524],[75.87238,11.004408],[75.872412,11.004281],[75.872493,11.004102],[75.872546,11.004044],[75.872595,11.00395],[75.872659,11.003813],[75.872691,11.003702],[75.87275,11.003592],[75.872831,11.003497],[75.872874,11.003402],[75.872906,11.003286],[75.872895,11.003191],[75.872852,11.003086],[75.872798,11.003012],[75.872745,11.002917],[75.872675,11.002791],[75.872643,11.002649],[75.872638,11.002528],[75.872621,11.002449],[75.872584,11.002375],[75.872589,11.002259],[75.872621,11.00218],[75.872611,11.00207],[75.872648,11.001949],[75.872713,11.001812],[75.872739,11.001712],[75.872687,11.001661]],[[75.872687,11.001661],[75.872659,11.001633],[75.872562,11.001596],[75.872493,11.001543]]]},"properties":{"id":"osm-w760794201","osm_id":760794201,"name":"","name_ml":"","waterway":"stream","kind":"waterway","source":"OpenStreetMap (Overpass API)","license":"ODbL 1.0","source_date":"2026-09-30"}},{"type":"Feature","geometry":{"type":"MultiLineString","coordinates":[[[75.890391,11.012305],[75.890384,11.01231],[75.890023,11.012508],[75.889683,11.012704],[75.889406,11.012898]],[[75.888934,11.013233],[75.88874,11.013373],[75.88831,11.013804],[75.888089,11.014075]],[[75.888047,11.014127],[75.888011,11.014171]],[[75.888011,11.014171],[75.888058,11.014647],[75.888098,11.01489]]]},"properties":{"id":"osm-w788632553","osm_id":788632553,"name":"","name_ml":"","waterway":"stream","kind":"waterway","source":"OpenStreetMap (Overpass API)","license":"ODbL 1.0","source_date":"2026-09-30"}},{"type":"Feature","geometry":{"type":"MultiLineString","coordinates":[[[75.888147,11.015397],[75.888148,11.015462],[75.888148,11.015662],[75.888207,11.015862],[75.888281,11.016003]],[[75.888289,11.016018],[75.888314,11.016067],[75.888481,11.016288],[75.888643,11.016426]],[[75.888747,11.016566],[75.888867,11.016757],[75.888908,11.016797]],[[75.889025,11.017038],[75.889028,11.017062],[75.889098,11.017257],[75.889236,11.017513],[75.888825,11.017659]]]},"properties":{"id":"osm-w788632554","osm_id":788632554,"name":"","name_ml":"","waterway":"stream","kind":"waterway","source":"OpenStreetMap (Overpass API)","license":"ODbL 1.0","source_date":"2026-09-30"}},{"type":"Feature","geometry":{"type":"MultiLineString","coordinates":[[[75.888825,11.017659],[75.888377,11.017779],[75.887891,11.017898],[75.887424,11.01798],[75.886938,11.018076],[75.886509,11.018076],[75.885902,11.018127],[75.885514,11.018145]],[[75.885514,11.018145],[75.885491,11.017751],[75.885514,11.017398],[75.885537,11.016967]],[[75.885537,11.016967],[75.885845,11.016967],[75.886163,11.017008]]]},"properties":{"id":"osm-w788632555","osm_id":788632555,"name":"","name_ml":"","waterway":"stream","kind":"waterway","source":"OpenStreetMap (Overpass API)","license":"ODbL 1.0","source_date":"2026-09-30"}},{"type":"Feature","geometry":{"type":"LineString","coordinates":[[75.885537,11.016967],[75.885548,11.016883],[75.885511,11.016744],[75.88548,11.016563],[75.885456,11.016412],[75.885405,11.016067]]},"properties":{"id":"osm-w788632556","osm_id":788632556,"name":"","name_ml":"","waterway":"stream","kind":"waterway","source":"OpenStreetMap (Overpass API)","license":"ODbL 1.0","source_date":"2026-09-30"}},{"type":"Feature","geometry":{"type":"LineString","coordinates":[[75.885405,11.016067],[75.88537,11.015817],[75.885374,11.015556],[75.885388,11.015258],[75.885393,11.015189],[75.885379,11.015024]]},"properties":{"id":"osm-w788632557","osm_id":788632557,"name":"","name_ml":"","waterway":"stream","kind":"waterway","source":"OpenStreetMap (Overpass API)","license":"ODbL 1.0","source_date":"2026-09-30"}},{"type":"Feature","geometry":{"type":"LineString","coordinates":[[75.885514,11.018145],[75.885242,11.018083],[75.885076,11.018051],[75.884748,11.017983],[75.884571,11.017936],[75.884276,11.017862],[75.88426,11.018078],[75.884266,11.018378],[75.884271,11.018667],[75.884244,11.018904],[75.884271,11.019141],[75.884314,11.019357],[75.884196,11.019441],[75.884212,11.019589],[75.884287,11.019636],[75.884335,11.019668],[75.884314,11.019836],[75.884351,11.019931],[75.884459,11.020026]]},"properties":{"id":"osm-w788632558","osm_id":788632558,"name":"","name_ml":"","waterway":"stream","kind":"waterway","source":"OpenStreetMap (Overpass API)","license":"ODbL 1.0","source_date":"2026-09-30"}},{"type":"Feature","geometry":{"type":"LineString","coordinates":[[75.884689,11.019305],[75.884691,11.019385],[75.884695,11.019526],[75.884712,11.01964],[75.884689,11.019736],[75.884695,11.019936]]},"properties":{"id":"osm-w788632559","osm_id":788632559,"name":"","name_ml":"","waterway":"stream","kind":"waterway","source":"OpenStreetMap (Overpass API)","license":"ODbL 1.0","source_date":"2026-09-30"}},{"type":"Feature","geometry":{"type":"LineString","coordinates":[[75.885514,11.018145],[75.885494,11.018462],[75.885483,11.018783],[75.88544,11.019147],[75.885414,11.019494],[75.885398,11.019689],[75.885339,11.019952],[75.88528,11.020084]]},"properties":{"id":"osm-w788632560","osm_id":788632560,"name":"","name_ml":"","waterway":"stream","kind":"waterway","source":"OpenStreetMap (Overpass API)","license":"ODbL 1.0","source_date":"2026-09-30"}},{"type":"Feature","geometry":{"type":"LineString","coordinates":[[75.884459,11.020026],[75.884411,11.02021],[75.884287,11.020489]]},"properties":{"id":"osm-w788632561","osm_id":788632561,"name":"","name_ml":"","waterway":"stream","kind":"waterway","source":"OpenStreetMap (Overpass API)","license":"ODbL 1.0","source_date":"2026-09-30"}},{"type":"Feature","geometry":{"type":"LineString","coordinates":[[75.884695,11.019936],[75.884459,11.020026]]},"properties":{"id":"osm-w788632562","osm_id":788632562,"name":"","name_ml":"","waterway":"stream","kind":"waterway","source":"OpenStreetMap (Overpass API)","license":"ODbL 1.0","source_date":"2026-09-30"}},{"type":"Feature","geometry":{"type":"LineString","coordinates":[[75.88528,11.020084],[75.885231,11.020558],[75.885175,11.020735]]},"properties":{"id":"osm-w788632563","osm_id":788632563,"name":"","name_ml":"","waterway":"stream","kind":"waterway","source":"OpenStreetMap (Overpass API)","license":"ODbL 1.0","source_date":"2026-09-30"}},{"type":"Feature","geometry":{"type":"LineString","coordinates":[[75.88528,11.020084],[75.884695,11.019936]]},"properties":{"id":"osm-w788632564","osm_id":788632564,"name":"","name_ml":"","waterway":"stream","kind":"waterway","source":"OpenStreetMap (Overpass API)","license":"ODbL 1.0","source_date":"2026-09-30"}},{"type":"Feature","geometry":{"type":"LineString","coordinates":[[75.889476,10.950197],[75.889299,10.950129],[75.889138,10.95011],[75.888878,10.950031],[75.888762,10.95005],[75.888631,10.949931],[75.888534,10.949913],[75.88844,10.9499],[75.888368,10.949876]]},"properties":{"id":"osm-w791065605","osm_id":791065605,"name":"","name_ml":"","waterway":"stream","kind":"waterway","source":"OpenStreetMap (Overpass API)","license":"ODbL 1.0","source_date":"2026-09-30"}},{"type":"Feature","geometry":{"type":"LineString","coordinates":[[75.888011,11.014171],[75.887862,11.014079],[75.887758,11.014037],[75.886873,11.013589],[75.88639,11.013368],[75.886173,11.013281],[75.8861,11.013276],[75.88565,11.013052]]},"properties":{"id":"osm-w791302339","osm_id":791302339,"name":"","name_ml":"","waterway":"stream","kind":"waterway","source":"OpenStreetMap (Overpass API)","license":"ODbL 1.0","source_date":"2026-09-30"}},{"type":"Feature","geometry":{"type":"MultiLineString","coordinates":[[[75.919762,10.995749],[75.919771,10.995719],[75.919749,10.995665]],[[75.919714,10.995529],[75.919712,10.995509],[75.919708,10.995501]],[[75.919647,10.99516],[75.919647,10.995145],[75.919636,10.99512]],[[75.919533,10.994901],[75.919507,10.994845],[75.919476,10.994733],[75.919451,10.994688]],[[75.919414,10.994597],[75.919409,10.994571],[75.919352,10.994427],[75.919265,10.994375]],[[75.919086,10.993682],[75.919068,10.993542],[75.919063,10.993519]]]},"properties":{"id":"osm-w794433765","osm_id":794433765,"name":"","name_ml":"","waterway":"stream","kind":"waterway","source":"OpenStreetMap (Overpass API)","license":"ODbL 1.0","source_date":"2026-09-30"}},{"type":"Feature","geometry":{"type":"MultiLineString","coordinates":[[[75.919079,10.99259],[75.919095,10.992552],[75.919089,10.992426]],[[75.919064,10.992097],[75.919036,10.991867],[75.918904,10.991517],[75.918854,10.991404],[75.918741,10.991146],[75.918681,10.990917],[75.91866,10.990771],[75.918658,10.990668],[75.918646,10.990564],[75.918635,10.990454],[75.918622,10.990331],[75.918634,10.989974]]]},"properties":{"id":"osm-w794433766","osm_id":794433766,"name":"","name_ml":"","waterway":"stream","kind":"waterway","source":"OpenStreetMap (Overpass API)","license":"ODbL 1.0","source_date":"2026-09-30"}},{"type":"Feature","geometry":{"type":"MultiLineString","coordinates":[[[75.923786,10.996841],[75.923781,10.996807],[75.923781,10.996737],[75.923757,10.996651],[75.923746,10.996547],[75.923785,10.99647],[75.92381,10.996432],[75.92384,10.996381],[75.923893,10.996305],[75.92395,10.996247],[75.923973,10.996201],[75.924014,10.996168],[75.924048,10.996125],[75.924128,10.996067],[75.924163,10.995998],[75.924205,10.995952],[75.92427,10.995851],[75.9243,10.9958],[75.924335,10.99575],[75.924371,10.995714],[75.924395,10.995688],[75.924425,10.995609],[75.924457,10.995531],[75.924496,10.995476],[75.924573,10.995445],[75.924632,10.995414],[75.924705,10.995372],[75.924781,10.995352],[75.92491,10.995306],[75.925007,10.995302],[75.925092,10.995291],[75.925155,10.995339],[75.925256,10.995395],[75.925349,10.995455],[75.925479,10.995445],[75.925564,10.995467],[75.925638,10.995485],[75.92572,10.995494],[75.925803,10.995497],[75.925865,10.995517],[75.925994,10.995522],[75.926065,10.995553],[75.926137,10.995556],[75.926248,10.995556],[75.926352,10.995543],[75.926427,10.995519],[75.926515,10.995502],[75.926596,10.995465],[75.926684,10.995443],[75.926814,10.995428],[75.926875,10.995405],[75.927001,10.995386],[75.927089,10.995335],[75.927147,10.995315],[75.927217,10.995298],[75.927312,10.995268],[75.927421,10.99524],[75.927516,10.995212],[75.927618,10.995173],[75.927636,10.995149],[75.927701,10.995123],[75.927775,10.995061],[75.927859,10.995033],[75.927946,10.995006],[75.927993,10.994965],[75.928054,10.99496],[75.928161,10.994927],[75.928231,10.994927],[75.928315,10.994843],[75.928308,10.994775],[75.928265,10.99469],[75.928288,10.994645],[75.92843,10.994554],[75.92854,10.994473],[75.928605,10.994434],[75.928684,10.994374],[75.928767,10.994329],[75.928798,10.994295],[75.928798,10.994257]],[[75.928798,10.994257],[75.928857,10.994204],[75.928909,10.994136],[75.928935,10.994101],[75.929007,10.994026],[75.929046,10.993949],[75.929109,10.993855],[75.929167,10.993784],[75.929202,10.99371],[75.92924,10.993637],[75.929274,10.993572],[75.929381,10.993454],[75.929416,10.99338],[75.929463,10.993339],[75.929565,10.99325],[75.929588,10.993217]]]},"properties":{"id":"osm-w794433768","osm_id":794433768,"name":"","name_ml":"","waterway":"stream","kind":"waterway","source":"OpenStreetMap (Overpass API)","license":"ODbL 1.0","source_date":"2026-09-30"}},{"type":"Feature","geometry":{"type":"LineString","coordinates":[[75.928798,10.994257],[75.92875,10.994249],[75.928715,10.994171],[75.928674,10.99412],[75.928642,10.994071],[75.928585,10.994037],[75.92855,10.99398]]},"properties":{"id":"osm-w794433769","osm_id":794433769,"name":"","name_ml":"","waterway":"stream","kind":"waterway","source":"OpenStreetMap (Overpass API)","license":"ODbL 1.0","source_date":"2026-09-30"}},{"type":"Feature","geometry":{"type":"MultiLineString","coordinates":[[[75.929662,10.993114],[75.92969,10.993076],[75.929751,10.992972],[75.929809,10.992898],[75.929851,10.992853],[75.92991,10.992798],[75.929936,10.992716],[75.929986,10.992658],[75.930026,10.992601],[75.930057,10.992491],[75.930108,10.992429],[75.930143,10.992324],[75.930186,10.992233],[75.930217,10.992152],[75.93026,10.992081],[75.930328,10.991992],[75.930399,10.991919],[75.930599,10.991834],[75.930647,10.991759],[75.930732,10.991697],[75.9308,10.991645],[75.930894,10.991611],[75.930965,10.991568],[75.931027,10.991504],[75.931101,10.991435],[75.931135,10.991372],[75.931196,10.991275],[75.931256,10.991142],[75.931295,10.991067],[75.931312,10.990996],[75.931351,10.990955],[75.931361,10.990923],[75.931418,10.990847],[75.931499,10.99076],[75.931554,10.990686],[75.931673,10.990559],[75.931738,10.990402],[75.931778,10.990283]],[[75.931778,10.990283],[75.931837,10.990228],[75.931913,10.990148],[75.931972,10.990061],[75.932062,10.989985],[75.932104,10.989931],[75.932165,10.989889],[75.932238,10.989813],[75.932294,10.989741],[75.932361,10.989656],[75.932423,10.989577],[75.932495,10.989508],[75.932585,10.989447],[75.932625,10.989386],[75.932742,10.989242],[75.932812,10.989116],[75.932831,10.989056],[75.932869,10.988972],[75.933001,10.988775],[75.93304,10.988669],[75.933104,10.988585],[75.93319,10.988459],[75.933273,10.988323],[75.933324,10.988251],[75.933383,10.988181]]]},"properties":{"id":"osm-w794433770","osm_id":794433770,"name":"","name_ml":"","waterway":"stream","kind":"waterway","source":"OpenStreetMap (Overpass API)","license":"ODbL 1.0","source_date":"2026-09-30"}},{"type":"Feature","geometry":{"type":"LineString","coordinates":[[75.929588,10.993217],[75.929662,10.993114]]},"properties":{"id":"osm-w794433771","osm_id":794433771,"name":"","name_ml":"","waterway":"stream","kind":"waterway","source":"OpenStreetMap (Overpass API)","license":"ODbL 1.0","source_date":"2026-09-30"}},{"type":"Feature","geometry":{"type":"MultiLineString","coordinates":[[[75.963827,10.917139],[75.96396,10.917191],[75.964147,10.917188],[75.964458,10.917358],[75.96471,10.917515],[75.964779,10.917546]],[[75.964803,10.917557],[75.965274,10.917771],[75.965463,10.917754],[75.965673,10.917903],[75.965804,10.917907],[75.966111,10.918031],[75.966639,10.918125]],[[75.966765,10.918263],[75.966863,10.918328],[75.966993,10.918448]],[[75.967039,10.918506],[75.967132,10.918629],[75.967238,10.918678]]]},"properties":{"id":"osm-w805531695","osm_id":805531695,"name":"","name_ml":"","waterway":"stream","kind":"waterway","source":"OpenStreetMap (Overpass API)","license":"ODbL 1.0","source_date":"2026-09-30"}},{"type":"Feature","geometry":{"type":"LineString","coordinates":[[75.885893,10.925457],[75.886132,10.925525],[75.886367,10.925587],[75.886566,10.92565],[75.886875,10.925701],[75.887012,10.925736],[75.887158,10.925759]]},"properties":{"id":"osm-w814527623","osm_id":814527623,"name":"","name_ml":"","waterway":"stream","kind":"waterway","source":"OpenStreetMap (Overpass API)","license":"ODbL 1.0","source_date":"2026-09-30"}},{"type":"Feature","geometry":{"type":"LineString","coordinates":[[75.915457,10.961497],[75.915639,10.961855],[75.915902,10.962393],[75.916106,10.962925],[75.916159,10.963456],[75.916097,10.963993],[75.916118,10.964223],[75.916112,10.964505],[75.916121,10.964748],[75.916149,10.965025],[75.916236,10.965225],[75.916283,10.965462],[75.916296,10.965805],[75.916335,10.966066],[75.916351,10.966422],[75.916368,10.966664]]},"properties":{"id":"osm-w814861696","osm_id":814861696,"name":"","name_ml":"","waterway":"stream","kind":"waterway","source":"OpenStreetMap (Overpass API)","license":"ODbL 1.0","source_date":"2026-09-30"}},{"type":"Feature","geometry":{"type":"LineString","coordinates":[[75.91382,10.959041],[75.91371,10.958807],[75.91368,10.958642],[75.913662,10.958445],[75.913662,10.958195],[75.913677,10.957786],[75.91367,10.9575],[75.91367,10.957491],[75.91362,10.957277],[75.913592,10.957173],[75.91357,10.956931],[75.913547,10.956727],[75.913483,10.956562],[75.913317,10.956239]]},"properties":{"id":"osm-w814861698","osm_id":814861698,"name":"","name_ml":"","waterway":"stream","kind":"waterway","source":"OpenStreetMap (Overpass API)","license":"ODbL 1.0","source_date":"2026-09-30"}},{"type":"Feature","geometry":{"type":"LineString","coordinates":[[75.915554,10.951682],[75.915498,10.951811],[75.915434,10.95189],[75.915329,10.951937],[75.915263,10.951991],[75.915186,10.952144],[75.915153,10.952497],[75.91508,10.952699],[75.91495,10.952825]]},"properties":{"id":"osm-w814861699","osm_id":814861699,"name":"","name_ml":"","waterway":"stream","kind":"waterway","source":"OpenStreetMap (Overpass API)","license":"ODbL 1.0","source_date":"2026-09-30"}},{"type":"Feature","geometry":{"type":"LineString","coordinates":[[75.945936,10.985354],[75.945869,10.985371],[75.945755,10.985354],[75.945529,10.985322],[75.945422,10.985269],[75.945309,10.985202],[75.945082,10.985105],[75.944907,10.985044],[75.944794,10.985032],[75.944672,10.985047],[75.944549,10.985041],[75.944398,10.985152],[75.944216,10.985269],[75.944103,10.98531],[75.943853,10.985316],[75.943552,10.985289]]},"properties":{"id":"osm-w815158617","osm_id":815158617,"name":"","name_ml":"","waterway":"stream","kind":"waterway","source":"OpenStreetMap (Overpass API)","license":"ODbL 1.0","source_date":"2026-09-30"}},{"type":"Feature","geometry":{"type":"LineString","coordinates":[[75.943552,10.985289],[75.94316,10.985058],[75.943148,10.985057]]},"properties":{"id":"osm-w815158619","osm_id":815158619,"name":"","name_ml":"","waterway":"stream","kind":"waterway","source":"OpenStreetMap (Overpass API)","license":"ODbL 1.0","source_date":"2026-09-30"}},{"type":"Feature","geometry":{"type":"LineString","coordinates":[[75.940587,10.986171],[75.940182,10.986391],[75.939898,10.986506],[75.939169,10.986754],[75.938573,10.986895],[75.938207,10.986915],[75.937906,10.986939],[75.937763,10.986962],[75.937653,10.987003],[75.937614,10.987029],[75.937479,10.987124],[75.937417,10.987187],[75.93729,10.987241],[75.937051,10.987375],[75.936952,10.987453],[75.936818,10.987523],[75.936548,10.987731],[75.936432,10.987795],[75.936288,10.987886],[75.936079,10.987987]]},"properties":{"id":"osm-w815158621","osm_id":815158621,"name":"","name_ml":"","waterway":"stream","kind":"waterway","source":"OpenStreetMap (Overpass API)","license":"ODbL 1.0","source_date":"2026-09-30"}},{"type":"Feature","geometry":{"type":"MultiLineString","coordinates":[[[75.941582,10.990766],[75.94144,10.990531]],[[75.941436,10.990524],[75.941389,10.990445],[75.941325,10.990376]],[[75.940911,10.989921],[75.940755,10.989567]],[[75.94057,10.989296],[75.940407,10.989065],[75.940116,10.989067]],[[75.939807,10.989069],[75.939522,10.989071],[75.938821,10.989281]],[[75.938664,10.989285],[75.938143,10.989113],[75.937408,10.989055],[75.936545,10.988881],[75.935615,10.988906],[75.93545,10.988865],[75.935314,10.988771],[75.935184,10.988671],[75.935077,10.988543],[75.934958,10.988456],[75.934855,10.988452],[75.934805,10.988463]],[[75.934761,10.988471],[75.934756,10.988473]],[[75.934756,10.988473],[75.934756,10.988473]],[[75.93461,10.988575],[75.934561,10.98861],[75.934414,10.988711],[75.934195,10.988889],[75.933815,10.989211]]]},"properties":{"id":"osm-w815158622","osm_id":815158622,"name":"","name_ml":"","waterway":"stream","kind":"waterway","source":"OpenStreetMap (Overpass API)","license":"ODbL 1.0","source_date":"2026-09-30"}},{"type":"Feature","geometry":{"type":"MultiLineString","coordinates":[[[75.933815,10.989211],[75.933723,10.989341],[75.933618,10.989472],[75.933521,10.989608]],[[75.933139,10.989964],[75.932975,10.990121],[75.932906,10.990255]],[[75.932887,10.990291],[75.932865,10.990334],[75.932767,10.990485]],[[75.932325,10.991023],[75.932235,10.991126]],[[75.932102,10.991263],[75.932034,10.991328],[75.931968,10.991403]],[[75.931698,10.991614],[75.931677,10.99163],[75.931602,10.991662],[75.931528,10.991688],[75.931448,10.991744],[75.93141,10.991778]],[[75.931381,10.991805],[75.931358,10.991825],[75.931272,10.991922],[75.931242,10.991952]],[[75.931136,10.992063],[75.931134,10.992066]],[[75.930897,10.992259],[75.93084,10.992305],[75.930688,10.992477]],[[75.930584,10.992595],[75.930446,10.992751]],[[75.930152,10.993149],[75.930136,10.993224]]]},"properties":{"id":"osm-w815158624","osm_id":815158624,"name":"","name_ml":"","waterway":"stream","kind":"waterway","source":"OpenStreetMap (Overpass API)","license":"ODbL 1.0","source_date":"2026-09-30"}},{"type":"Feature","geometry":{"type":"LineString","coordinates":[[75.954356,10.96095],[75.954536,10.961069],[75.954627,10.961123],[75.954709,10.961127],[75.954843,10.961069],[75.954961,10.961004],[75.955126,10.960965],[75.955259,10.960977],[75.955385,10.961077],[75.955511,10.961146],[75.955613,10.961227],[75.955645,10.961358],[75.955782,10.961683],[75.955853,10.961918],[75.955935,10.962215],[75.956041,10.96252],[75.956065,10.962805],[75.956065,10.963056],[75.956026,10.963384],[75.956026,10.963465],[75.956081,10.963604],[75.956218,10.963735],[75.956552,10.963962],[75.956568,10.964306],[75.956481,10.96473],[75.956442,10.964969]]},"properties":{"id":"osm-w815399232","osm_id":815399232,"name":"","name_ml":"","waterway":"stream","kind":"waterway","source":"OpenStreetMap (Overpass API)","license":"ODbL 1.0","source_date":"2026-09-30"}},{"type":"Feature","geometry":{"type":"LineString","coordinates":[[75.870027,11.014032],[75.869898,11.014136],[75.86985,11.014259],[75.869792,11.01461],[75.869772,11.01488],[75.869752,11.015139],[75.869737,11.015266],[75.869638,11.015351],[75.869509,11.01544],[75.869383,11.015567],[75.869273,11.015748],[75.869171,11.015822],[75.869045,11.01586],[75.868892,11.015926],[75.868809,11.016011],[75.868746,11.016203],[75.868479,11.01679],[75.86824,11.017293]]},"properties":{"id":"osm-w815399235","osm_id":815399235,"name":"","name_ml":"","waterway":"stream","kind":"waterway","source":"OpenStreetMap (Overpass API)","license":"ODbL 1.0","source_date":"2026-09-30"}},{"type":"Feature","geometry":{"type":"LineString","coordinates":[[75.892556,10.993408],[75.892475,10.993181],[75.892143,10.99316],[75.891767,10.992929],[75.891649,10.992765],[75.89107,10.992492],[75.890898,10.992176],[75.890694,10.99207],[75.89026,10.991875],[75.889686,10.99157],[75.889337,10.991375],[75.889004,10.991065],[75.888795,10.990522],[75.888597,10.990185],[75.888371,10.990038]]},"properties":{"id":"osm-w826534517","osm_id":826534517,"name":"","name_ml":"","waterway":"stream","kind":"waterway","source":"OpenStreetMap (Overpass API)","license":"ODbL 1.0","source_date":"2026-09-30"}},{"type":"Feature","geometry":{"type":"LineString","coordinates":[[75.878815,10.992276],[75.87864,10.992486],[75.878536,10.992779],[75.878453,10.992921]]},"properties":{"id":"osm-w826534519","osm_id":826534519,"name":"","name_ml":"","waterway":"stream","kind":"waterway","source":"OpenStreetMap (Overpass API)","license":"ODbL 1.0","source_date":"2026-09-30"}},{"type":"Feature","geometry":{"type":"LineString","coordinates":[[75.872687,11.001661],[75.872707,11.00147],[75.872565,11.001312],[75.872471,11.001144],[75.872383,11.000975],[75.872198,11.000954],[75.871978,11.000817],[75.871994,11.000656],[75.871841,11.00058],[75.871648,11.000585],[75.871573,11.00053],[75.871321,11.000477],[75.871181,11.000388]]},"properties":{"id":"osm-w826534520","osm_id":826534520,"name":"","name_ml":"","waterway":"stream","kind":"waterway","source":"OpenStreetMap (Overpass API)","license":"ODbL 1.0","source_date":"2026-09-30"}},{"type":"Feature","geometry":{"type":"LineString","coordinates":[[75.871139,11.00032],[75.871095,11.000251],[75.871007,11.000209]]},"properties":{"id":"osm-w826534521","osm_id":826534521,"name":"","name_ml":"","waterway":"stream","kind":"waterway","source":"OpenStreetMap (Overpass API)","license":"ODbL 1.0","source_date":"2026-09-30"}},{"type":"Feature","geometry":{"type":"LineString","coordinates":[[75.871181,11.000388],[75.871139,11.00032]]},"properties":{"id":"osm-w826534522","osm_id":826534522,"name":"","name_ml":"","waterway":"stream","kind":"waterway","source":"OpenStreetMap (Overpass API)","license":"ODbL 1.0","source_date":"2026-09-30"}},{"type":"Feature","geometry":{"type":"LineString","coordinates":[[75.943038,10.985047],[75.942993,10.985042],[75.942704,10.984974],[75.942704,10.985232],[75.942338,10.985338],[75.942246,10.985549],[75.942177,10.985616],[75.942055,10.985654],[75.941871,10.985701],[75.941609,10.985756],[75.941492,10.985812],[75.941335,10.985911],[75.941209,10.985955],[75.94107,10.985958],[75.940909,10.985981],[75.940775,10.986031],[75.940662,10.986113],[75.940587,10.986171]]},"properties":{"id":"osm-w837725837","osm_id":837725837,"name":"","name_ml":"","waterway":"stream","kind":"waterway","source":"OpenStreetMap (Overpass API)","license":"ODbL 1.0","source_date":"2026-09-30"}},{"type":"Feature","geometry":{"type":"LineString","coordinates":[[75.943148,10.985057],[75.943038,10.985047]]},"properties":{"id":"osm-w837725838","osm_id":837725838,"name":"","name_ml":"","waterway":"stream","kind":"waterway","source":"OpenStreetMap (Overpass API)","license":"ODbL 1.0","source_date":"2026-09-30"}},{"type":"Feature","geometry":{"type":"LineString","coordinates":[[75.934756,10.988473],[75.934989,10.988297],[75.93498,10.988251]]},"properties":{"id":"osm-w837728109","osm_id":837728109,"name":"","name_ml":"","waterway":"stream","kind":"waterway","source":"OpenStreetMap (Overpass API)","license":"ODbL 1.0","source_date":"2026-09-30"}},{"type":"Feature","geometry":{"type":"LineString","coordinates":[[75.93495,10.988099],[75.934935,10.988023],[75.935563,10.987391],[75.936292,10.986948],[75.936861,10.98669],[75.937364,10.986468],[75.937612,10.986359],[75.938116,10.98638]]},"properties":{"id":"osm-w837728111","osm_id":837728111,"name":"","name_ml":"","waterway":"stream","kind":"waterway","source":"OpenStreetMap (Overpass API)","license":"ODbL 1.0","source_date":"2026-09-30"}},{"type":"Feature","geometry":{"type":"LineString","coordinates":[[75.93498,10.988251],[75.93495,10.988099]]},"properties":{"id":"osm-w837728112","osm_id":837728112,"name":"","name_ml":"","waterway":"stream","kind":"waterway","source":"OpenStreetMap (Overpass API)","license":"ODbL 1.0","source_date":"2026-09-30"}},{"type":"Feature","geometry":{"type":"MultiLineString","coordinates":[[[75.929679,10.994112],[75.929395,10.994577]],[[75.929352,10.994626],[75.9291,10.994915]],[[75.928773,10.995533],[75.928628,10.995834]],[[75.928335,10.99585],[75.92832,10.995848],[75.928302,10.99586]],[[75.928011,10.995973],[75.927993,10.995977],[75.927905,10.996012],[75.927604,10.99618],[75.927204,10.99638]],[[75.926111,10.996736],[75.925984,10.996749],[75.925902,10.996773]],[[75.925029,10.996965],[75.925,10.996966]]]},"properties":{"id":"osm-w837728113","osm_id":837728113,"name":"","name_ml":"","waterway":"stream","kind":"waterway","source":"OpenStreetMap (Overpass API)","license":"ODbL 1.0","source_date":"2026-09-30"}},{"type":"Feature","geometry":{"type":"LineString","coordinates":[[75.906243,10.982809],[75.906612,10.982809],[75.906618,10.982831]]},"properties":{"id":"osm-w837732848","osm_id":837732848,"name":"","name_ml":"","waterway":"stream","kind":"waterway","source":"OpenStreetMap (Overpass API)","license":"ODbL 1.0","source_date":"2026-09-30"}},{"type":"Feature","geometry":{"type":"LineString","coordinates":[[75.931778,10.990283],[75.932029,10.990507],[75.932233,10.990549],[75.932804,10.989851],[75.933011,10.98953],[75.933257,10.989001],[75.933606,10.988456],[75.933724,10.98833]]},"properties":{"id":"osm-w837733693","osm_id":837733693,"name":"","name_ml":"","waterway":"stream","kind":"waterway","source":"OpenStreetMap (Overpass API)","license":"ODbL 1.0","source_date":"2026-09-30"}},{"type":"Feature","geometry":{"type":"LineString","coordinates":[[75.9338,10.988248],[75.933909,10.988132],[75.934084,10.987985]]},"properties":{"id":"osm-w837733694","osm_id":837733694,"name":"","name_ml":"","waterway":"stream","kind":"waterway","source":"OpenStreetMap (Overpass API)","license":"ODbL 1.0","source_date":"2026-09-30"}},{"type":"Feature","geometry":{"type":"LineString","coordinates":[[75.933724,10.98833],[75.9338,10.988248]]},"properties":{"id":"osm-w837733695","osm_id":837733695,"name":"","name_ml":"","waterway":"stream","kind":"waterway","source":"OpenStreetMap (Overpass API)","license":"ODbL 1.0","source_date":"2026-09-30"}},{"type":"Feature","geometry":{"type":"LineString","coordinates":[[75.934162,10.987919],[75.934314,10.987792],[75.93446,10.987672],[75.934492,10.987645],[75.934617,10.987542],[75.934773,10.9874],[75.934936,10.987229],[75.935159,10.987021],[75.935387,10.986884],[75.935583,10.98671],[75.935738,10.986528]]},"properties":{"id":"osm-w837733696","osm_id":837733696,"name":"","name_ml":"","waterway":"stream","kind":"waterway","source":"OpenStreetMap (Overpass API)","license":"ODbL 1.0","source_date":"2026-09-30"}},{"type":"Feature","geometry":{"type":"LineString","coordinates":[[75.934084,10.987985],[75.934162,10.987919]]},"properties":{"id":"osm-w837733697","osm_id":837733697,"name":"","name_ml":"","waterway":"stream","kind":"waterway","source":"OpenStreetMap (Overpass API)","license":"ODbL 1.0","source_date":"2026-09-30"}},{"type":"Feature","geometry":{"type":"LineString","coordinates":[[75.865039,11.003224],[75.864877,11.003493],[75.864824,11.003701],[75.864787,11.003942],[75.864731,11.004182],[75.864598,11.004342],[75.864453,11.004507],[75.864277,11.004625],[75.864152,11.004814],[75.864092,11.005244],[75.864066,11.005581],[75.864021,11.005962]]},"properties":{"id":"osm-w879256967","osm_id":879256967,"name":"","name_ml":"","waterway":"drain","kind":"waterway","source":"OpenStreetMap (Overpass API)","license":"ODbL 1.0","source_date":"2026-09-30"}},{"type":"Feature","geometry":{"type":"LineString","coordinates":[[75.865338,11.00361],[75.865368,11.00334],[75.865403,11.003142],[75.865424,11.00294],[75.865488,11.002915],[75.865591,11.002852],[75.865729,11.002843],[75.865909,11.002847],[75.865956,11.002772],[75.865988,11.002709]]},"properties":{"id":"osm-w879256968","osm_id":879256968,"name":"","name_ml":"","waterway":"stream","kind":"waterway","source":"OpenStreetMap (Overpass API)","license":"ODbL 1.0","source_date":"2026-09-30"}},{"type":"Feature","geometry":{"type":"LineString","coordinates":[[75.859941,11.018847],[75.860042,11.019196],[75.860031,11.019257]]},"properties":{"id":"osm-w879571747","osm_id":879571747,"name":"","name_ml":"","waterway":"stream","kind":"waterway","source":"OpenStreetMap (Overpass API)","license":"ODbL 1.0","source_date":"2026-09-30"}},{"type":"Feature","geometry":{"type":"LineString","coordinates":[[75.878163,10.967513],[75.87802,10.966979],[75.877869,10.965916],[75.878006,10.96508],[75.878417,10.96469],[75.878438,10.964365]]},"properties":{"id":"osm-w881600133","osm_id":881600133,"name":"","name_ml":"","waterway":"stream","kind":"waterway","source":"OpenStreetMap (Overpass API)","license":"ODbL 1.0","source_date":"2026-09-30"}},{"type":"Feature","geometry":{"type":"LineString","coordinates":[[75.95078,10.913893],[75.950888,10.914028],[75.950951,10.914088],[75.951112,10.914219],[75.951195,10.914281],[75.951258,10.914322],[75.951296,10.914419],[75.951442,10.914552],[75.951579,10.914649],[75.951732,10.91474],[75.951891,10.914867]]},"properties":{"id":"osm-w882673213","osm_id":882673213,"name":"","name_ml":"","waterway":"stream","kind":"waterway","source":"OpenStreetMap (Overpass API)","license":"ODbL 1.0","source_date":"2026-09-30"}},{"type":"Feature","geometry":{"type":"LineString","coordinates":[[75.955172,10.924887],[75.954876,10.924818],[75.954582,10.924744],[75.954189,10.924735],[75.953936,10.924767],[75.953865,10.92435],[75.953771,10.924059],[75.953747,10.92384],[75.953709,10.923568],[75.953726,10.923452],[75.953757,10.923239],[75.953809,10.923123],[75.95382,10.922866],[75.953855,10.922722]]},"properties":{"id":"osm-w882674413","osm_id":882674413,"name":"","name_ml":"","waterway":"stream","kind":"waterway","source":"OpenStreetMap (Overpass API)","license":"ODbL 1.0","source_date":"2026-09-30"}},{"type":"Feature","geometry":{"type":"LineString","coordinates":[[75.95109,10.921349],[75.950962,10.921299],[75.950756,10.921273],[75.950509,10.921142],[75.949941,10.92103],[75.948926,10.920845],[75.9489,10.92095],[75.948874,10.920984],[75.948713,10.921007],[75.94823,10.920904],[75.948166,10.920858],[75.948121,10.920864],[75.948074,10.92087],[75.948003,10.920834],[75.947836,10.920828],[75.947351,10.920811],[75.94734,10.920533],[75.947282,10.92036],[75.947261,10.920169],[75.947284,10.92007],[75.94719,10.920028],[75.946999,10.920028],[75.946778,10.919952],[75.946568,10.919808],[75.946511,10.9197],[75.946323,10.919624]]},"properties":{"id":"osm-w882674414","osm_id":882674414,"name":"","name_ml":"","waterway":"stream","kind":"waterway","source":"OpenStreetMap (Overpass API)","license":"ODbL 1.0","source_date":"2026-09-30"}},{"type":"Feature","geometry":{"type":"LineString","coordinates":[[75.941303,10.97516],[75.941443,10.975487],[75.941153,10.975647],[75.941259,10.97594],[75.941354,10.976083],[75.941687,10.976048],[75.941785,10.976343],[75.941846,10.976819],[75.941921,10.977526],[75.941883,10.978003],[75.941818,10.978378],[75.942132,10.978474],[75.942284,10.978566],[75.942125,10.979065],[75.94202,10.979636],[75.941959,10.979831],[75.942147,10.979912],[75.94223,10.979962],[75.942264,10.980073],[75.942244,10.980284],[75.941925,10.980263],[75.9419,10.980745],[75.941898,10.981055]]},"properties":{"id":"osm-w882676330","osm_id":882676330,"name":"","name_ml":"","waterway":"stream","kind":"waterway","source":"OpenStreetMap (Overpass API)","license":"ODbL 1.0","source_date":"2026-09-30"}},{"type":"Feature","geometry":{"type":"LineString","coordinates":[[75.95517,10.963396],[75.955097,10.963633],[75.955231,10.963743],[75.955224,10.963956],[75.955065,10.964239],[75.954993,10.964459],[75.954949,10.964675],[75.954957,10.964824],[75.954928,10.965018],[75.955379,10.96521]]},"properties":{"id":"osm-w882676331","osm_id":882676331,"name":"","name_ml":"","waterway":"stream","kind":"waterway","source":"OpenStreetMap (Overpass API)","license":"ODbL 1.0","source_date":"2026-09-30"}},{"type":"Feature","geometry":{"type":"LineString","coordinates":[[75.951845,10.9752],[75.951856,10.975069],[75.951969,10.974947],[75.95206,10.974715],[75.952154,10.974496],[75.952405,10.974079],[75.95248,10.973767],[75.952495,10.973492],[75.952622,10.973131],[75.95268,10.972851],[75.952798,10.972546],[75.952889,10.972388],[75.952781,10.971463],[75.952717,10.971058],[75.95276,10.970492]]},"properties":{"id":"osm-w882676332","osm_id":882676332,"name":"","name_ml":"","waterway":"stream","kind":"waterway","source":"OpenStreetMap (Overpass API)","license":"ODbL 1.0","source_date":"2026-09-30"}},{"type":"Feature","geometry":{"type":"LineString","coordinates":[[75.93964,10.973166],[75.939447,10.972916],[75.939281,10.972659],[75.939024,10.972254],[75.938927,10.972052],[75.938959,10.971888],[75.938809,10.971681],[75.938414,10.971349],[75.938236,10.97118],[75.938024,10.971009],[75.938035,10.970904],[75.938045,10.970763],[75.938101,10.970607],[75.938148,10.970449],[75.938211,10.970114],[75.938262,10.969927]]},"properties":{"id":"osm-w882676333","osm_id":882676333,"name":"","name_ml":"","waterway":"stream","kind":"waterway","source":"OpenStreetMap (Overpass API)","license":"ODbL 1.0","source_date":"2026-09-30"}},{"type":"Feature","geometry":{"type":"LineString","coordinates":[[75.938281,10.969887],[75.938359,10.969528],[75.938502,10.969556]]},"properties":{"id":"osm-w882676334","osm_id":882676334,"name":"","name_ml":"","waterway":"stream","kind":"waterway","source":"OpenStreetMap (Overpass API)","license":"ODbL 1.0","source_date":"2026-09-30"}},{"type":"Feature","geometry":{"type":"LineString","coordinates":[[75.937875,10.985896],[75.938139,10.986001],[75.93835,10.986075],[75.938611,10.986181],[75.938882,10.98625],[75.93896,10.986376]]},"properties":{"id":"osm-w882677747","osm_id":882677747,"name":"","name_ml":"","waterway":"stream","kind":"waterway","source":"OpenStreetMap (Overpass API)","license":"ODbL 1.0","source_date":"2026-09-30"}},{"type":"Feature","geometry":{"type":"LineString","coordinates":[[75.965456,10.920745],[75.965909,10.92067],[75.966048,10.920686],[75.966127,10.920765],[75.966166,10.920872],[75.966128,10.921041],[75.966109,10.921094]]},"properties":{"id":"osm-w962241624","osm_id":962241624,"name":"","name_ml":"","waterway":"stream","kind":"waterway","source":"OpenStreetMap (Overpass API)","license":"ODbL 1.0","source_date":"2026-09-30"}},{"type":"Feature","geometry":{"type":"LineString","coordinates":[[75.964875,10.920854],[75.965082,10.92084],[75.965257,10.920797],[75.965348,10.920753],[75.96537,10.920751]]},"properties":{"id":"osm-w962241625","osm_id":962241625,"name":"","name_ml":"","waterway":"stream","kind":"waterway","source":"OpenStreetMap (Overpass API)","license":"ODbL 1.0","source_date":"2026-09-30"}},{"type":"Feature","geometry":{"type":"LineString","coordinates":[[75.96537,10.920751],[75.965456,10.920745]]},"properties":{"id":"osm-w962241626","osm_id":962241626,"name":"","name_ml":"","waterway":"stream","kind":"waterway","source":"OpenStreetMap (Overpass API)","license":"ODbL 1.0","source_date":"2026-09-30"}},{"type":"Feature","geometry":{"type":"MultiLineString","coordinates":[[[75.864629,11.005731],[75.864021,11.005962]],[[75.864021,11.005962],[75.863122,11.006624],[75.862623,11.00779],[75.862781,11.009318],[75.86286,11.011286],[75.86242,11.012782],[75.86198,11.014035],[75.861293,11.01572],[75.860843,11.017794],[75.860542,11.018416],[75.859941,11.018847]],[[75.859941,11.018847],[75.858528,11.019382]]]},"properties":{"id":"osm-w1100715700","osm_id":1100715700,"name":"Purapparamba River","name_ml":"","waterway":"river","kind":"waterway","source":"OpenStreetMap (Overpass API)","license":"ODbL 1.0","source_date":"2026-09-30"}},{"type":"Feature","geometry":{"type":"LineString","coordinates":[[75.917271,10.949544],[75.917351,10.949459]]},"properties":{"id":"osm-w1215081937","osm_id":1215081937,"name":"","name_ml":"","waterway":"stream","kind":"waterway","source":"OpenStreetMap (Overpass API)","license":"ODbL 1.0","source_date":"2026-09-30"}},{"type":"Feature","geometry":{"type":"LineString","coordinates":[[75.915554,10.951682],[75.915688,10.951488],[75.915704,10.95134],[75.915801,10.951208],[75.915838,10.951029],[75.915892,10.95085],[75.915988,10.950582],[75.916096,10.950413],[75.916396,10.950229],[75.916568,10.950129],[75.916638,10.949929],[75.916761,10.949871],[75.917035,10.949776],[75.917271,10.949544]]},"properties":{"id":"osm-w1215081938","osm_id":1215081938,"name":"","name_ml":"","waterway":"stream","kind":"waterway","source":"OpenStreetMap (Overpass API)","license":"ODbL 1.0","source_date":"2026-09-30"}},{"type":"Feature","geometry":{"type":"LineString","coordinates":[[75.965373,10.924921],[75.965292,10.92269],[75.965263,10.922569],[75.964983,10.92142]]},"properties":{"id":"osm-w1216446563","osm_id":1216446563,"name":"","name_ml":"","waterway":"stream","kind":"waterway","source":"OpenStreetMap (Overpass API)","license":"ODbL 1.0","source_date":"2026-09-30"}},{"type":"Feature","geometry":{"type":"LineString","coordinates":[[75.964983,10.92142],[75.964948,10.921275]]},"properties":{"id":"osm-w1216446564","osm_id":1216446564,"name":"","name_ml":"","waterway":"stream","kind":"waterway","source":"OpenStreetMap (Overpass API)","license":"ODbL 1.0","source_date":"2026-09-30"}}]}